"entry","protein_families"
"A0A087X1C5","Cytochrome P450 family"
"A0A0K2S4Q6","CD300 family"
"A0A1B0GTW7","Peptidase M8 family"
"A0AV02","SLC12A transporter family"
"A0AV96","RRM RBM47 family"
"A0AVF1","IFT56 family"
"A0AVI4","TMEM129 family"
"A0AVK6","E2F/DP family"
"A0AVT1","Ubiquitin-activating E1 family"
"A0FGR8","Extended synaptotagmin family"
"A0FGR9","Extended synaptotagmin family"
"A0JLT2","Mediator complex subunit 19 family"
"A0JP26","POTE family"
"A0MZ66","Shootin family"
"A0PJK1","Sodium:solute symporter (SSF) (TC 2.A.21) family"
"A0PJY2","Krueppel C2H2-type zinc-finger protein family"
"A0PK00","TMEM120 family"
"A0PK11","Clarin family"
"A1A4Y4","TRAFAC class dynamin-like GTPase superfamily, IRG family"
"A1A519","FAM170 family"
"A1A5B4","Anoctamin family"
"A1A5C7","Major facilitator (TC 2.A.1) superfamily, Organic cation transporter (TC 2.A.1.19) family"
"A1E959","ODAM family"
"A1KXE4","FAM168 family"
"A1KZ92","Peroxidase family, XPO subfamily"
"A1L0T0","TPP enzyme family"
"A1L167","Ubiquitin-conjugating enzyme family"
"A1L3X0","ELO family, ELOVL7 subfamily"
"A1X283","SH3PXD2 family"
"A1XBS5","CIBAR family"
"A1Z1Q3","MacroD-type family, MacroD1/2-like subfamily"
"A2A288","ZC3H12 family"
"A2IDD5","CCDC78 family"
"A2PYH4","Helicase family, SKI2 subfamily"
"A2RTX5","Class-II aminoacyl-tRNA synthetase family"
"A2RU14","TMEM218 family"
"A2RU49","Aminoglycoside phosphotransferase family"
"A2RUC4","TYW5 family"
"A2RUH7","Immunoglobulin superfamily, MyBP family"
"A2VDJ0","TMEM131 family"
"A2VEC9","Thrombospondin family"
"A4D126","IspD/TarI cytidylyltransferase family, IspD subfamily"
"A4D161","FAM221 family"
"A4D1B5","GSAP family"
"A4D1E9","TRAFAC class OBG-HflX-like GTPase superfamily, OBG GTPase family"
"A4D1P6","WD repeat WDR91 family"
"A4D1T9","Peptidase S1 family"
"A4D256","Protein-tyrosine phosphatase family, Non-receptor class CDC14 subfamily"
"A4D2B0","Metallo-beta-lactamase superfamily, Glyoxalase II family"
"A4D2B8","DNA mismatch repair MutL/HexB family"
"A4GXA9","EME1/MMS4 family"
"A4UGR9","Xin family"
"A5A3E0","POTE family"
"A5A3E0"," Actin family"
"A5D8V6","VPS37 family"
"A5LHX3","Peptidase T1B family"
"A5PKW4","PSD family"
"A5PLL7","Fatty acid desaturase CarF family"
"A5X5Y0","Ligand-gated ion channel (TC 1.A.9) family, 5-hydroxytryptamine receptor (TC 1.A.9.2) subfamily, HTR3E sub-subfamily"
"A5YKK6","CNOT1 family"
"A6BM72","MEGF family"
"A6H8Z2","FAM221 family"
"A6NC98","CCDC88 family"
"A6NCS4","NK-2 homeobox family"
"A6ND01","Folate receptor family"
"A6ND36","FAM83 family"
"A6NDB9","Paralemmin family"
"A6NDG6","HAD-like hydrolase superfamily, CbbY/CbbZ/Gph/YieH family"
"A6NDV4","TMEM8 family"
"A6NEM1","GOLGA6 family"
"A6NFA1","TIKI family"
"A6NFQ2","TCAF family"
"A6NFX1","Major facilitator superfamily"
"A6NFY7","Complex I LYR family, SDHAF1 subfamily"
"A6NGQ2","KHDC1 family"
"A6NGU5","Gamma-glutamyltransferase family"
"A6NHL2","Tubulin family"
"A6NHQ2","Methyltransferase superfamily, Fibrillarin family"
"A6NHR9","SMC family"
"A6NHX0","GATS family"
"A6NI61","TMEM8 family"
"A6NIH7","PDE6D/unc-119 family"
"A6NIX2","Zyxin/ajuba family"
"A6NJ78","Methyltransferase superfamily, RsmH family"
"A6NK06","PrpD family"
"A6NK58","LipB family"
"A6NKB5","Pecanex family"
"A6NMZ7","Type VI collagen family"
"A6NNB3","CD225/Dispanin family"
"A6NNM8","Tubulin--tyrosine ligase family"
"A6NNN8","Amino acid/polyamine transporter 2 family"
"A6NNY8","Peptidase C19 family"
"A6NNZ2","Tubulin family"
"A7E2V4","ZSWIM8 family"
"A7E2Y1","TRAFAC class myosin-kinesin ATPase superfamily, Myosin family"
"A7KAX9","PX domain-containing GAP family"
"A7MD48","NSR100 family"
"A7XYQ1","SOBP family"
"A8CG34","POM121 family"
"A8K0Z3","WASH1 family"
"A8K2U0","Protease inhibitor I39 (alpha-2-macroglobulin) family"
"A8K4G0","CD300 family"
"A8K7I4","CLCR family"
"A8K830","POU2AF family"
"A8K8P3","SFI1 family"
"A8K8V0","Krueppel C2H2-type zinc-finger protein family"
"A8MPY1","Ligand-gated ion channel (TC 1.A.9) family, Gamma-aminobutyric acid receptor (TC 1.A.9.5) subfamily, GABRR3 sub-subfamily"
"A8MQ03","CYSRT1 family"
"A8MT69","CENP-X/MHF2 family"
"A8MTA8","CIMIP2 family"
"A8MTJ3","G-alpha family, G(i/o/t/z) subfamily"
"A8MTZ0","BBIP10 family"
"A8MU46","Smoothelin family"
"A8MUP2","Methyltransferase superfamily"
"A8MV65","Vestigial family"
"A8MW95","Beclin family"
"A8MW99","MEI4L family"
"A8MXD5","GRXCR1 family"
"A8MXV4","Nudix hydrolase family"
"A8MYU2","Potassium channel family, Calcium-activated (TC 1.A.1.3) subfamily, KCa5.1/KCNU1 sub-subfamily"
"A8MZ59","Paired homeobox family"
"A8TX70","Type VI collagen family"
"A9QM74","Importin alpha family"
"A9UHW6","MIF4GD family"
"B0I1T2","TRAFAC class myosin-kinesin ATPase superfamily, Myosin family"
"B0YJ81","Very long-chain fatty acids dehydratase HACD family"
"B2RTY4","TRAFAC class myosin-kinesin ATPase superfamily, Myosin family"
"B2RUZ4","SMIM1 family"
"B2RXF5","Krueppel C2H2-type zinc-finger protein family, ZBTB18 subfamily"
"B2RXH2","JHDM3 histone demethylase family"
"B7U540","Inward rectifier-type potassium channel (TC 1.A.2.1) family, KCNJ12 subfamily"
"B7ZAQ6","Golgi pH regulator (TC 1.A.38) family"
"C4AMC7","WASH1 family"
"C9JE40","PAT1 family"
"C9JLW8","MCRIP family"
"C9JRZ8","Aldo/keto reductase family"
"D6RGH6","Geminin family"
"E0CX11","STMP1 family"
"F5H094","Organo anion transporter (TC 2.A.60) family"
"G2XKQ0","Ubiquitin family, SUMO subfamily"
"K9M1U5","Lambda interferon family"
"L0R8F8","Complex I LYR family"
"O00115","DNase II family"
"O00116","FAD-binding oxidoreductase/transferase type 4 family"
"O00139","TRAFAC class myosin-kinesin ATPase superfamily, Kinesin family, MCAK/KIF2 subfamily"
"O00141","Protein kinase superfamily, AGC Ser/Thr protein kinase family"
"O00142","DCK/DGK family"
"O00144","G-protein coupled receptor Fz/Smo family"
"O00148","DEAD box helicase family, DECD subfamily"
"O00155","G-protein coupled receptor 1 family"
"O00159","TRAFAC class myosin-kinesin ATPase superfamily, Myosin family"
"O00160","TRAFAC class myosin-kinesin ATPase superfamily, Myosin family"
"O00161","SNAP-25 family"
"O00165","HAX1 family"
"O00167","HAD-like hydrolase superfamily, EYA family"
"O00168","FXYD family"
"O00175","Intercrine beta (chemokine CC) family"
"O00178","TRAFAC class translation factor GTPase superfamily, Classic translation factor GTPase family, GTPBP1 subfamily"
"O00180","Two pore domain potassium channel (TC 1.A.1.8) family"
"O00186","STXBP/unc-18/SEC1 family"
"O00187","Peptidase S1 family"
"O00189","Adaptor complexes medium subunit family"
"O00192","Beta-catenin family"
"O00194","Small GTPase superfamily, Rab family"
"O00203","Adaptor complexes large subunit family"
"O00204","Sulfotransferase 1 family"
"O00206","Toll-like receptor family"
"O00212","Small GTPase superfamily, Rho family"
"O00217","Complex I 23 kDa subunit family"
"O00219","NodC/HAS family"
"O00221","NF-kappa-B inhibitor family"
"O00222","G-protein coupled receptor 3 family"
"O00231","Proteasome subunit S9 family"
"O00232","Proteasome subunit p55 family"
"O00233","Proteasome subunit p27 family"
"O00238","Protein kinase superfamily, TKL Ser/Thr protein kinase family, TGFB receptor subfamily"
"O00244","ATX1 family"
"O00254","G-protein coupled receptor 1 family"
"O00258","WRB/GET1 family"
"O00264","Cytochrome b5 family, MAPR subfamily"
"O00267","SPT5 family"
"O00268","TAF4 family"
"O00270","G-protein coupled receptor 1 family"
"O00291","SLA2 family"
"O00292","TGF-beta family"
"O00294","TUB family"
"O00299","Chloride channel CLIC family"
"O00303","EIF-3 subunit F family"
"O00305","Calcium channel beta subunit family"
"O00311","Protein kinase superfamily, Ser/Thr protein kinase family, CDC7 subfamily"
"O00321","ETS family"
"O00322","Tetraspanin (TM4SF) family"
"O00329","PI3/PI4-kinase family"
"O00330","2-oxoacid dehydrogenase family"
"O00337","Concentrative nucleoside transporter (CNT) (TC 2.A.41) family"
"O00338","Sulfotransferase 1 family"
"O00341","Dicarboxylate/amino acid:cation symporter (DAACS) (TC 2.A.23) family, SLC1A7 subfamily"
"O00391","Quiescin-sulfhydryl oxidase (QSOX) family"
"O00399","Dynactin subunits 5/6 family, Dynactin subunit 6 subfamily"
"O00400","SLC33A transporter family"
"O00408","Cyclic nucleotide phosphodiesterase family, PDE2 subfamily"
"O00410","Importin beta family, Importin beta-3 subfamily"
"O00411","Phage and mitochondrial RNA polymerase family"
"O00418","Protein kinase superfamily, Alpha-type protein kinase family"
"O00421","G-protein coupled receptor 1 family"
"O00422","SAP18 family"
"O00423","WD repeat EMAP family"
"O00425","RRM IMP/VICKZ family"
"O00429","TRAFAC class dynamin-like GTPase superfamily, Dynamin/Fzo/YdjA family"
"O00442","RNA 3'-terminal cyclase family, Type 1 subfamily"
"O00443","PI3/PI4-kinase family"
"O00444","Protein kinase superfamily, Ser/Thr protein kinase family, CDC5/Polo subfamily"
"O00445","Synaptotagmin family"
"O00451","GDNFR family"
"O00453","LST1 family"
"O00459","PI3K p85 subunit family"
"O00461","GOLIM4 family"
"O00462","Glycosyl hydrolase 2 family"
"O00463","TNF receptor-associated factor family, A subfamily"
"O00470","TALE/MEIS homeobox family"
"O00471","SEC10 family"
"O00472","ELL/occludin family"
"O00476","Major facilitator superfamily, Sodium/anion cotransporter family"
"O00478","Immunoglobulin superfamily, BTN/MOG family"
"O00481","Immunoglobulin superfamily, BTN/MOG family"
"O00482","Nuclear hormone receptor family, NR5 subfamily"
"O00483","Complex IV NDUFA4 subunit family"
"O00487","Peptidase M67A family, PSMD14 subfamily"
"O00488","ZNF593/BUD20 C2H2-type zinc-finger protein family"
"O00501","Claudin family"
"O00505","Importin alpha family"
"O00506","Protein kinase superfamily, STE Ser/Thr protein kinase family, STE20 subfamily"
"O00507","Peptidase C19 family"
"O00512","BCL9 family"
"O00519","Amidase family"
"O00526","Uroplakin-2 family"
"O00533","Immunoglobulin superfamily, L1/neurofascin/NgCAM family"
"O00541","Pescadillo family"
"O00555","Calcium channel alpha-1 subunit (TC 1.A.1.11) family, CACNA1A subfamily"
"O00562","PtdIns transfer protein family, PI transfer class IIA subfamily"
"O00566","MPP10 family"
"O00567","NOP5/NOP56 family"
"O00571","DEAD box helicase family, DDX3/DED1 subfamily"
"O00574","G-protein coupled receptor 1 family"
"O00584","RNase T2 family"
"O00585","Intercrine beta (chemokine CC) family"
"O00587","Glycosyltransferase 31 family"
"O00590","G-protein coupled receptor 1 family, Atypical chemokine receptor subfamily"
"O00591","Ligand-gated ion channel (TC 1.A.9) family, Gamma-aminobutyric acid receptor (TC 1.A.9.5) subfamily, GABRP sub-subfamily"
"O00592","Podocalyxin family"
"O00602","Ficolin lectin family"
"O00622","CCN family"
"O00623","Pex2/pex10/pex12 family"
"O00624","Major facilitator superfamily, Sodium/anion cotransporter family"
"O00625","Pirin family"
"O00626","Intercrine beta (chemokine CC) family"
"O00628","WD repeat peroxin-7 family"
"O00629","Importin alpha family"
"O00631","Sarcolipin family"
"O00712","CTF/NF-I family"
"O00716","E2F/DP family"
"O00743","PPP phosphatase family, PP-6 (PP-V) subfamily"
"O00744","Wnt family"
"O00746","NDK family"
"O00748","Type-B carboxylesterase/lipase family"
"O00750","PI3/PI4-kinase family"
"O00754","Glycosyl hydrolase 38 family"
"O00755","Wnt family"
"O00757","FBPase class 1 family"
"O00762","Ubiquitin-conjugating enzyme family"
"O00764","Pyridoxine kinase family"
"O00767","Fatty acid desaturase type 1 family"
"O14490","SAPAP family"
"O14492","SH2B adapter family"
"O14493","Claudin family"
"O14494","PA-phosphatase related phosphoesterase family"
"O14495","PA-phosphatase related phosphoesterase family"
"O14511","Neuregulin family"
"O14514","G-protein coupled receptor 2 family, LN-TM7 subfamily"
"O14519","CDK2AP family"
"O14520","MIP/aquaporin (TC 1.A.8) family"
"O14521","CybS family"
"O14522","Protein-tyrosine phosphatase family, Receptor class 2B subfamily"
"O14524","NEMP family"
"O14525","Astrotactin family"
"O14526","FCHO family"
"O14529","CUT homeobox family"
"O14531","Metallo-dependent hydrolases superfamily, Hydantoinase/dihydropyrimidinase family"
"O14548","Cytochrome c oxidase VIIa family"
"O14556","Glyceraldehyde-3-phosphate dehydrogenase family"
"O14558","Small heat shock protein (HSP20) family"
"O14559","PX domain-containing GAP family"
"O14561","Acyl carrier protein (ACP) family"
"O14576","Dynein intermediate chain family"
"O14578","Protein kinase superfamily, AGC Ser/Thr protein kinase family"
"O14579","COPE family"
"O14594","Aggrecan/versican proteoglycan family"
"O14607","UTX family"
"O14610","G protein gamma family"
"O14613","BORG/CEP family"
"O14617","Adaptor complexes large subunit family"
"O14618","Cu-Zn superoxide dismutase family"
"O14625","Intercrine alpha (chemokine CxC) family"
"O14627","Caudal homeobox family"
"O14628","Krueppel C2H2-type zinc-finger protein family"
"O14633","LCE family"
"O14638","Nucleotide pyrophosphatase/phosphodiesterase family"
"O14640","DSH family"
"O14641","DSH family"
"O14645","Inner dynein arm light chain family"
"O14646","SNF2/RAD54 helicase family"
"O14647","SNF2/RAD54 helicase family"
"O14649","Two pore domain potassium channel (TC 1.A.1.8) family"
"O14653","GOSR2 family"
"O14656","ClpA/ClpB family, Torsin subfamily"
"O14657","ClpA/ClpB family, Torsin subfamily"
"O14662","Syntaxin family"
"O14678","ABC transporter superfamily, ABCD family, Peroxisomal fatty acyl CoA transporter (TC 3.A.1.203) subfamily"
"O14681","EI24 family"
"O14684","MAPEG family"
"O14686","Class V-like SAM-binding methyltransferase superfamily, Histone-lysine methyltransferase family, TRX/MLL subfamily"
"O14717","Class I-like SAM-binding methyltransferase superfamily, C5-methyltransferase family"
"O14730","Protein kinase superfamily, RIO-type Ser/Thr kinase family"
"O14732","Inositol monophosphatase superfamily"
"O14733","Protein kinase superfamily, STE Ser/Thr protein kinase family, MAP kinase kinase subfamily"
"O14734","C/M/P thioester hydrolase family"
"O14735","CDP-alcohol phosphatidyltransferase class-I family"
"O14737","PDCD5 family"
"O14744","Class I-like SAM-binding methyltransferase superfamily, Protein arginine N-methyltransferase family"
"O14746","Reverse transcriptase family, Telomerase subfamily"
"O14756","Short-chain dehydrogenases/reductases (SDR) family"
"O14757","Protein kinase superfamily, CAMK Ser/Thr protein kinase family, NIM1 subfamily"
"O14764","Ligand-gated ion channel (TC 1.A.9) family, Gamma-aminobutyric acid receptor (TC 1.A.9.5) subfamily, GABRD sub-subfamily"
"O14770","TALE/MEIS homeobox family"
"O14771","Krueppel C2H2-type zinc-finger protein family"
"O14775","WD repeat G protein beta family"
"O14777","NDC80/HEC1 family"
"O14782","TRAFAC class myosin-kinesin ATPase superfamily, Kinesin family, Kinesin II subfamily"
"O14786","Neuropilin family"
"O14787","Importin beta family, Importin beta-2 subfamily"
"O14788","Tumor necrosis factor family"
"O14791","Apolipoprotein L family"
"O14792","Sulfotransferase 1 family"
"O14793","TGF-beta family"
"O14795","Unc-13 family"
"O14802","RNA polymerase beta' chain family"
"O14804","G-protein coupled receptor 1 family"
"O14807","Small GTPase superfamily, Ras family"
"O14810","Complexin/synaphin family"
"O14813","Paired homeobox family"
"O14815","Peptidase C2 family"
"O14817","Tetraspanin (TM4SF) family"
"O14818","Peptidase T1A family"
"O14828","SCAMP family"
"O14829","PPP phosphatase family"
"O14830","PPP phosphatase family"
"O14832","PhyH family"
"O14842","G-protein coupled receptor 1 family"
"O14843","G-protein coupled receptor 1 family"
"O14862","HIN-200 family"
"O14863","Cation diffusion facilitator (CDF) transporter (TC 2.A.4) family, SLC30A subfamily"
"O14867","BZIP family, CNC subfamily"
"O14874","PDK/BCKDK protein kinase family"
"O14879","IFIT family"
"O14880","MAPEG family"
"O14893","Gemin-2 family"
"O14894","L6 tetraspanin family"
"O14896","IRF family"
"O14901","Sp1 C2H2-type zinc-finger protein family"
"O14904","Wnt family"
"O14905","Wnt family"
"O14908","GIPC family"
"O14910","Lin-7 family"
"O14920","Protein kinase superfamily, Ser/Thr protein kinase family, I-kappa-B kinase subfamily"
"O14925","Tim17/Tim22/Tim23 family"
"O14926","Fascin family"
"O14929","HAT1 family"
"O14931","Natural cytotoxicity receptor (NCR) family"
"O14933","Ubiquitin-conjugating enzyme family"
"O14936","Protein kinase superfamily, CAMK Ser/Thr protein kinase family, CaMK subfamily"
"O14936"," MAGUK family"
"O14939","Phospholipase D family"
"O14948","MiT/TFE family"
"O14949","UQCRQ/QCR8 family"
"O14958","Calsequestrin family"
"O14960","LECT2/MIM-1 family"
"O14965","Protein kinase superfamily, Ser/Thr protein kinase family, Aurora subfamily"
"O14966","Small GTPase superfamily, Rab family"
"O14967","Calreticulin family"
"O14972","VPS26 family"
"O14975","ATP-dependent AMP-binding enzyme family"
"O14976","Protein kinase superfamily, Ser/Thr protein kinase family"
"O14977","Orn/Lys/Arg decarboxylase class-II family, ODC antizyme inhibitor subfamily"
"O14978","Krueppel C2H2-type zinc-finger protein family"
"O14980","Exportin family"
"O14981","SNF2/RAD54 helicase family"
"O14983","Cation transport ATPase (P-type) (TC 3.A.3) family, Type IIA subfamily"
"O14994","Synapsin family"
"O15015","Krueppel C2H2-type zinc-finger protein family"
"O15020","Spectrin family"
"O15021","Protein kinase superfamily, AGC Ser/Thr protein kinase family"
"O15027","SEC16 family"
"O15031","Plexin family"
"O15040","WD repeat KIAA0329 family"
"O15041","Semaphorin family"
"O15042","Splicing factor SR family"
"O15047","Class V-like SAM-binding methyltransferase superfamily"
"O15049","N4BP3 family"
"O15054","UTX family"
"O15056","Synaptojanin family"
"O15056"," Inositol 1,4,5-trisphosphate 5-phosphatase family"
"O15060","Krueppel C2H2-type zinc-finger protein family"
"O15061","Intermediate filament family"
"O15066","TRAFAC class myosin-kinesin ATPase superfamily, Kinesin family, Kinesin II subfamily"
"O15067","FGAMS family"
"O15068","MCF2 family"
"O15075","Protein kinase superfamily, CAMK Ser/Thr protein kinase family, CaMK subfamily"
"O15091","PPR family, P subfamily"
"O15105","Dwarfin/SMAD family"
"O15111","Protein kinase superfamily, Ser/Thr protein kinase family, I-kappa-B kinase subfamily"
"O15116","SnRNP Sm proteins family"
"O15118","Patched family"
"O15120","1-acyl-sn-glycerol-3-phosphate acyltransferase family"
"O15121","Fatty acid desaturase type 1 family, DEGS subfamily"
"O15126","SCAMP family"
"O15127","SCAMP family"
"O15130","FARP (FMRFamide related peptide) family"
"O15131","Importin alpha family"
"O15143","WD repeat ARPC1 family"
"O15144","ARPC2 family"
"O15145","ARPC3 family"
"O15146","Protein kinase superfamily, Tyr protein kinase family"
"O15151","MDM2/MDM4 family"
"O15155","BET1 family"
"O15160","Archaeal Rpo3/eukaryotic RPB3 RNA polymerase subunit family"
"O15162","Phospholipid scramblase family"
"O15165","PMEPA1 family"
"O15173","Cytochrome b5 family, MAPR subfamily"
"O15182","Centrin family"
"O15195","Villin/gelsolin family"
"O15197","Protein kinase superfamily, Tyr protein kinase family, Ephrin receptor subfamily"
"O15198","Dwarfin/SMAD family"
"O15205","Ubiquitin D family"
"O15209","Krueppel C2H2-type zinc-finger protein family"
"O15212","Prefoldin subunit beta family"
"O15217","GST superfamily, Alpha family"
"O15228","GPAT/DAPAT family"
"O15229","Aromatic-ring hydroxylase family, KMO subfamily"
"O15234","CASC3 family"
"O15239","Complex I NDUFA1 subunit family"
"O15243","OB-RGRP/VPS55 family"
"O15244","Major facilitator (TC 2.A.1) superfamily, Organic cation transporter (TC 2.A.1.19) family"
"O15245","Major facilitator (TC 2.A.1) superfamily, Organic cation transporter (TC 2.A.1.19) family"
"O15247","Chloride channel CLIC family"
"O15254","Acyl-CoA oxidase family"
"O15258","RER1 family"
"O15259","Nephrocystin-1 family"
"O15260","SURF4 family"
"O15263","Beta-defensin family, LAP/TAP subfamily"
"O15264","Protein kinase superfamily, CMGC Ser/Thr protein kinase family, MAP kinase subfamily"
"O15265","Ataxin-7 family"
"O15266","Paired homeobox family, Bicoid subfamily"
"O15269","Class-II pyridoxal-phosphate-dependent aminotransferase family"
"O15270","Class-II pyridoxal-phosphate-dependent aminotransferase family"
"O15294","Glycosyltransferase 41 family, O-GlcNAc transferase subfamily"
"O15296","Lipoxygenase family"
"O15297","PP2C family"
"O15303","G-protein coupled receptor 3 family"
"O15305","Eukaryotic PMM family"
"O15315","RecA family, RAD51 subfamily"
"O15318","Eukaryotic RPC7 RNA polymerase subunit family"
"O15327","Inositol 3,4-bisphosphate 4-phosphatase family"
"O15342","V-ATPase e1/e2 subunit family"
"O15344","TRIM/RBCC family"
"O15347","HMGB family"
"O15350","P53 family"
"O15354","G-protein coupled receptor 1 family"
"O15355","PP2C family"
"O15357","Inositol 1,4,5-trisphosphate 5-phosphatase family"
"O15371","EIF-3 subunit D family"
"O15372","EIF-3 subunit H family"
"O15374","Major facilitator superfamily, Monocarboxylate porter (TC 2.A.1.13) family"
"O15379","Histone deacetylase family, HD type 1 subfamily"
"O15381","AAA ATPase family"
"O15382","Class-IV pyridoxal-phosphate-dependent aminotransferase family"
"O15389","Immunoglobulin superfamily, SIGLEC (sialic acid binding Ig-like lectin) family"
"O15391","YY transcription factor family"
"O15392","IAP family"
"O15393","Peptidase S1 family"
"O15397","Importin beta family"
"O15399","Glutamate-gated ion channel (TC 1.A.10.1) family, NR2D/GRIN2D subfamily"
"O15400","Syntaxin family"
"O15427","Major facilitator superfamily, Monocarboxylate porter (TC 2.A.1.13) family"
"O15431","Copper transporter (Ctr) (TC 1.A.56) family, SLC31A subfamily"
"O15432","Copper transporter (Ctr) (TC 1.A.56) family, SLC31A subfamily"
"O15438","ABC transporter superfamily, ABCC family, Conjugate transporter (TC 3.A.1.208) subfamily"
"O15439","ABC transporter superfamily, ABCC family, Conjugate transporter (TC 3.A.1.208) subfamily"
"O15440","ABC transporter superfamily, ABCC family, Conjugate transporter (TC 3.A.1.208) subfamily"
"O15444","Intercrine beta (chemokine CC) family"
"O15446","Eukaryotic RPA34 RNA polymerase subunit family"
"O15455","Toll-like receptor family"
"O15457","DNA mismatch repair MutS family"
"O15460","P4HA family"
"O15466","Glycosyltransferase 29 family"
"O15467","Intercrine beta (chemokine CC) family"
"O15484","Peptidase C2 family"
"O15488","Glycosyltransferase 8 family, Glycogenin subfamily"
"O15496","Phospholipase A2 family"
"O15498","Synaptobrevin family"
"O15499","Paired homeobox family, Bicoid subfamily"
"O15503","INSIG family"
"O15511","ARPC5 family"
"O15514","Eukaryotic RPB4 RNA polymerase subunit family"
"O15519","Peptidase C14A family"
"O15520","Heparin-binding growth factors family"
"O15522","NK-2 homeobox family"
"O15523","DEAD box helicase family, DDX3/DED1 subfamily"
"O15524","SOCS1 family"
"O15525","BZIP family, Maf subfamily"
"O15527","Type-1 OGG1 family"
"O15528","Cytochrome P450 family"
"O15529","G-protein coupled receptor 1 family"
"O15530","Protein kinase superfamily, AGC Ser/Thr protein kinase family, PDPK1 subfamily"
"O15535","Krueppel C2H2-type zinc-finger protein family"
"O15540","Calycin superfamily, Fatty-acid binding protein (FABP) family"
"O15547","P2X receptor family"
"O15550","UTX family"
"O15551","Claudin family"
"O15552","G-protein coupled receptor 1 family"
"O15554","Potassium channel KCNN family, KCa3.1/KCNN4 subfamily"
"O42043","Beta type-B retroviral envelope protein family, HERV class-II K(HML-2) env subfamily"
"O43143","DEAD box helicase family, DEAH subfamily, DDX15/PRP43 sub-subfamily"
"O43147","RUTBC family"
"O43148","Class I-like SAM-binding methyltransferase superfamily, mRNA cap 0 methyltransferase family"
"O43151","TET family"
"O43156","Tti1 family"
"O43157","Plexin family"
"O43159","Methyltransferase superfamily, RRP8 family"
"O43167","Krueppel C2H2-type zinc-finger protein family"
"O43169","Cytochrome b5 family"
"O43173","Glycosyltransferase 29 family"
"O43174","Cytochrome P450 family"
"O43175","D-isomer specific 2-hydroxyacid dehydrogenase family"
"O43181","Complex I NDUFS4 subunit family"
"O43186","Paired homeobox family"
"O43187","Protein kinase superfamily, TKL Ser/Thr protein kinase family, Pelle subfamily"
"O43189","Polycomblike family"
"O43193","G-protein coupled receptor 1 family"
"O43194","G-protein coupled receptor 1 family"
"O43196","DNA mismatch repair MutS family"
"O43236","TRAFAC class TrmE-Era-EngA-EngB-Septin-like GTPase superfamily, Septin GTPase family"
"O43237","Dynein light intermediate chain family"
"O43240","Peptidase S1 family, Kallikrein subfamily"
"O43242","Proteasome subunit S3 family"
"O43248","Abd-B homeobox family"
"O43252","APS kinase family"
"O43252"," Sulfate adenylyltransferase family"
"O43255","SINA (Seven in absentia) family"
"O43257","ZNHIT1 family"
"O43264","ZW10 family"
"O43272","Proline oxidase family"
"O43280","Glycosyl hydrolase 37 family"
"O43281","CAS family"
"O43283","Protein kinase superfamily, STE Ser/Thr protein kinase family, MAP kinase kinase kinase subfamily"
"O43286","Glycosyltransferase 7 family"
"O43290","SNU66/SART1 family"
"O43293","Protein kinase superfamily, CAMK Ser/Thr protein kinase family, DAP kinase subfamily"
"O43294","Paxillin family"
"O43296","Krueppel C2H2-type zinc-finger protein family"
"O43298","Krueppel C2H2-type zinc-finger protein family"
"O43300","LRRTM family"
"O43306","Adenylyl cyclase class-4/guanylyl cyclase family"
"O43309","Krueppel C2H2-type zinc-finger protein family"
"O43310","CTIF family"
"O43312","MTSS family"
"O43314","Histidine acid phosphatase family, VIP1 subfamily"
"O43315","MIP/aquaporin (TC 1.A.8) family"
"O43316","Paired homeobox family"
"O43318","Protein kinase superfamily, STE Ser/Thr protein kinase family, MAP kinase kinase kinase subfamily"
"O43320","Heparin-binding growth factors family"
"O43323","Hedgehog family"
"O43353","Protein kinase superfamily, TKL Ser/Thr protein kinase family"
"O43364","Antp homeobox family, Proboscipedia subfamily"
"O43365","Antp homeobox family"
"O43399","TPD52 family"
"O43402","EMC8/EMC9 family"
"O43424","Glutamate-gated ion channel (TC 1.A.10.1) family, GRID2 subfamily"
"O43426","Synaptojanin family"
"O43426"," Inositol 1,4,5-trisphosphate 5-phosphatase family"
"O43432","Eukaryotic initiation factor 4G family"
"O43439","CBFA2T family"
"O43447","Cyclophilin-type PPIase family, PPIase H subfamily"
"O43448","Shaker potassium channel beta subunit family"
"O43451","Glycosyl hydrolase 31 family"
"O43462","Peptidase M50A family"
"O43463","Class V-like SAM-binding methyltransferase superfamily, Histone-lysine methyltransferase family, Suvar3-9 subfamily"
"O43464","Peptidase S1C family"
"O43474","Krueppel C2H2-type zinc-finger protein family"
"O43482","Mis18 family"
"O43488","Aldo/keto reductase family, Aldo/keto reductase 2 subfamily"
"O43490","Prominin family"
"O43497","Calcium channel alpha-1 subunit (TC 1.A.1.11) family, CACNA1G subfamily"
"O43502","RecA family, RAD51 subfamily"
"O43504","LAMTOR5 family"
"O43505","Glycosyltransferase 49 family"
"O43508","Tumor necrosis factor family"
"O43511","SLC26A/SulP transporter (TC 2.A.53) family"
"O43513","Mediator complex subunit 7 family"
"O43516","Verprolin family"
"O43520","Cation transport ATPase (P-type) (TC 3.A.3) family, Type IV subfamily"
"O43521","Bcl-2 family"
"O43525","Potassium channel family, KQT (TC 1.A.1.15) subfamily, Kv7.3/KCNQ3 sub-subfamily"
"O43526","Potassium channel family, KQT (TC 1.A.1.15) subfamily, Kv7.2/KCNQ2 sub-subfamily"
"O43529","Sulfotransferase 2 family"
"O43541","Dwarfin/SMAD family"
"O43542","RecA family, RAD51 subfamily"
"O43543","RecA family, RAD51 subfamily"
"O43548","Transglutaminase superfamily, Transglutaminase family"
"O43556","Sarcoglycan alpha/epsilon family"
"O43557","Tumor necrosis factor family"
"O43570","Alpha-carbonic anhydrase family"
"O43581","Synaptotagmin family"
"O43583","DENR family"
"O43592","Exportin family"
"O43597","Sprouty family"
"O43598","2'-deoxynucleoside 5'-phosphate N-hydrolase 1 family"
"O43603","G-protein coupled receptor 1 family"
"O43609","Sprouty family"
"O43610","Sprouty family"
"O43612","Orexin family"
"O43613","G-protein coupled receptor 1 family"
"O43614","G-protein coupled receptor 1 family"
"O43615","Tim44 family"
"O43617","TRAPP small subunits family, BET3 subfamily"
"O43623","Snail C2H2-type zinc-finger protein family"
"O43633","SNF7 family"
"O43660","WD repeat PRL1/PRL2 family"
"O43663","MAP65/ASE1 family"
"O43674","Complex I NDUFB5 subunit family"
"O43676","Complex I NDUFB3 subunit family"
"O43678","Complex I NDUFA2 subunit family"
"O43679","LDB family"
"O43681","ArsA ATPase family"
"O43683","Protein kinase superfamily, Ser/Thr protein kinase family, BUB1 subfamily"
"O43684","WD repeat BUB3 family"
"O43688","PA-phosphatase related phosphoesterase family"
"O43699","Immunoglobulin superfamily, SIGLEC (sialic acid binding Ig-like lectin) family"
"O43704","Sulfotransferase 1 family"
"O43707","Alpha-actinin family"
"O43708","GST superfamily, Zeta family"
"O43709","Class I-like SAM-binding methyltransferase superfamily, BUD23/WBSCR22 family"
"O43715","TRIAP1/MDM35 family"
"O43716","GatC family"
"O43719","HTATSF1 family"
"O43731","ERD2 family"
"O43741","5'-AMP-activated protein kinase beta subunit family"
"O43745","Calcineurin regulatory subunit family, CHP subfamily"
"O43747","Adaptor complexes large subunit family"
"O43749","G-protein coupled receptor 1 family"
"O43752","Syntaxin family"
"O43759","Synaptogyrin family"
"O43760","Synaptogyrin family"
"O43761","Synaptogyrin family"
"O43765","SGT family"
"O43766","Radical SAM superfamily, Lipoyl synthase family"
"O43768","Endosulfine family"
"O43772","Mitochondrial carrier (TC 2.A.29) family"
"O43776","Class-II aminoacyl-tRNA synthetase family"
"O43781","Protein kinase superfamily, CMGC Ser/Thr protein kinase family, MNB/DYRK subfamily"
"O43790","Intermediate filament family"
"O43791","Tdpoz family"
"O43795","TRAFAC class myosin-kinesin ATPase superfamily, Myosin family"
"O43805","SSNA1 family"
"O43808","Mitochondrial carrier (TC 2.A.29) family"
"O43809","Nudix hydrolase family, CPSF5 subfamily"
"O43813","LanC-like protein family"
"O43815","WD repeat striatin family"
"O43818","WD repeat RRP9 family"
"O43819","SCO1/2 family"
"O43820","Glycosyl hydrolase 56 family"
"O43823","AKAP95 family"
"O43825","Glycosyltransferase 31 family"
"O43826","Major facilitator superfamily, Organophosphate:Pi antiporter (OPA) (TC 2.A.1.4) family"
"O43829","Krueppel C2H2-type zinc-finger protein family"
"O43837","Isocitrate and isopropylmalate dehydrogenases family"
"O43847","Peptidase M16 family"
"O43852","CREC family"
"O43861","Cation transport ATPase (P-type) (TC 3.A.3) family, Type IV subfamily"
"O43865","Adenosylhomocysteinase family"
"O43868","Concentrative nucleoside transporter (CNT) (TC 2.A.41) family"
"O43889","BZIP family, ATF subfamily"
"O43895","Peptidase M24B family"
"O43896","TRAFAC class myosin-kinesin ATPase superfamily, Kinesin family, Unc-104 subfamily"
"O43900","Prickle / espinas / testin family"
"O43903","GAS2 family"
"O43909","Glycosyltransferase 47 family"
"O43913","ORC5 family"
"O43914","TYROBP family"
"O43915","PDGF/VEGF growth factor family"
"O43916","Sulfotransferase 1 family, Gal/GlcNAc/GalNAc subfamily"
"O43920","Complex I NDUFS5 subunit family"
"O43921","Ephrin family"
"O43924","PDE6D/unc-119 family"
"O43927","Intercrine alpha (chemokine CxC) family"
"O43929","ORC4 family"
"O43933","AAA ATPase family"
"O60216","Rad21 family"
"O60218","Aldo/keto reductase family"
"O60220","Small Tim family"
"O60229","Protein kinase superfamily, CAMK Ser/Thr protein kinase family"
"O60231","DEAD box helicase family, DEAH subfamily, DDX16/PRP8 sub-subfamily"
"O60235","Peptidase S1 family"
"O60238","NIP3 family"
"O60239","SH3BP5 family"
"O60240","Perilipin family"
"O60241","G-protein coupled receptor 2 family, Adhesion G-protein coupled receptor (ADGR) subfamily"
"O60242","G-protein coupled receptor 2 family, Adhesion G-protein coupled receptor (ADGR) subfamily"
"O60243","Sulfotransferase 6 family"
"O60244","Mediator complex subunit 14 family"
"O60256","Ribose-phosphate pyrophosphokinase family"
"O60258","Heparin-binding growth factors family"
"O60259","Peptidase S1 family, Kallikrein subfamily"
"O60260","RBR family, Parkin subfamily"
"O60264","SNF2/RAD54 helicase family, ISWI subfamily"
"O60266","Adenylyl cyclase class-4/guanylyl cyclase family"
"O60271","JIP scaffold family"
"O60281","Krueppel C2H2-type zinc-finger protein family"
"O60282","TRAFAC class myosin-kinesin ATPase superfamily, Kinesin family, Kinesin subfamily"
"O60284","MYT1 family"
"O60285","Protein kinase superfamily, CAMK Ser/Thr protein kinase family, SNF1 subfamily"
"O60294","Methyltransferase superfamily, LCMT family"
"O60296","Milton family"
"O60304","Krueppel C2H2-type zinc-finger protein family"
"O60306","CWF11 family"
"O60307","Protein kinase superfamily, AGC Ser/Thr protein kinase family"
"O60312","Cation transport ATPase (P-type) (TC 3.A.3) family, Type IV subfamily"
"O60313","TRAFAC class dynamin-like GTPase superfamily, Dynamin/Fzo/YdjA family"
"O60315","Delta-EF1/ZFH-1 C2H2-type zinc-finger family"
"O60318","SAC3 family"
"O60333","TRAFAC class myosin-kinesin ATPase superfamily, Kinesin family, Unc-104 subfamily"
"O60341","Flavin monoamine oxidase family"
"O60353","G-protein coupled receptor Fz/Smo family"
"O60356","NUPR family"
"O60359","PMP-22/EMP/MP20 family, CACNG subfamily"
"O60383","TGF-beta family"
"O60391","Glutamate-gated ion channel (TC 1.A.10.1) family, NR3B/GRIN3B subfamily"
"O60423","Cation transport ATPase (P-type) (TC 3.A.3) family, Type IV subfamily"
"O60427","Fatty acid desaturase type 1 family"
"O60437","Plakin or cytolinker family"
"O60443","Gasdermin family"
"O60462","Neuropilin family"
"O60476","Glycosyl hydrolase 47 family"
"O60477","BRINP family"
"O60478","GPR137 family"
"O60479","Distal-less homeobox family"
"O60481","GLI C2H2-type zinc-finger protein family"
"O60486","Plexin family"
"O60487","Myelin P0 protein family"
"O60488","ATP-dependent AMP-binding enzyme family"
"O60493","Sorting nexin family"
"O60496","DOK family, Type A subfamily"
"O60499","Syntaxin family"
"O60500","Immunoglobulin superfamily"
"O60502","Glycosyl hydrolase 84 family"
"O60503","Adenylyl cyclase class-4/guanylyl cyclase family"
"O60507","Protein sulfotransferase family"
"O60512","Glycosyltransferase 7 family"
"O60513","Glycosyltransferase 7 family"
"O60516","EIF4E-binding protein family"
"O60519","BZIP family, ATF subfamily"
"O60524","NEMF family"
"O60543","CIDE family"
"O60547","NAD(P)-dependent epimerase/dehydratase family, GDP-mannose 4,6-dehydratase subfamily"
"O60551","NMT family"
"O60563","Cyclin family, Cyclin C subfamily"
"O60565","DAN family"
"O60566","Protein kinase superfamily, Ser/Thr protein kinase family, BUB1 subfamily"
"O60573","Eukaryotic initiation factor 4E family"
"O60583","Cyclin family, Cyclin C subfamily"
"O60602","Toll-like receptor family"
"O60603","Toll-like receptor family"
"O60609","GDNFR family"
"O60610","Formin homology family, Diaphanous subfamily"
"O60613","Selenoprotein M/F family"
"O60635","Tetraspanin (TM4SF) family"
"O60636","Tetraspanin (TM4SF) family"
"O60641","PICALM/SNAP91 family"
"O60645","SEC6 family"
"O60656","UDP-glycosyltransferase family"
"O60658","Cyclic nucleotide phosphodiesterase family, PDE8 subfamily"
"O60664","Perilipin family"
"O60669","Major facilitator superfamily, Monocarboxylate porter (TC 2.A.1.13) family"
"O60671","Rad1 family"
"O60673","DNA polymerase type-B family"
"O60674","Protein kinase superfamily, Tyr protein kinase family, JAK subfamily"
"O60675","BZIP family, Maf subfamily"
"O60678","Class I-like SAM-binding methyltransferase superfamily, Protein arginine N-methyltransferase family"
"O60683","Pex2/pex10/pex12 family"
"O60684","Importin alpha family"
"O60701","UDP-glucose/GDP-mannose dehydrogenase family"
"O60704","Protein sulfotransferase family"
"O60706","ABC transporter superfamily, ABCC family, Conjugate transporter (TC 3.A.1.208) subfamily"
"O60711","Paxillin family"
"O60716","Beta-catenin family"
"O60721","Ca(2+):cation antiporter (CaCA) (TC 2.A.19) family, SLC24A subfamily"
"O60725","Class VI-like SAM-binding methyltransferase superfamily, Isoprenylcysteine carboxyl methyltransferase family"
"O60729","Protein-tyrosine phosphatase family, Non-receptor class CDC14 subfamily"
"O60741","Potassium channel HCN family"
"O60749","Sorting nexin family"
"O60755","G-protein coupled receptor 1 family"
"O60760","GST superfamily, Sigma family"
"O60762","Glycosyltransferase 2 family"
"O60763","VDP/USO1/EDE1 family"
"O60779","Reduced folate carrier (RFC) transporter (TC 2.A.48) family"
"O60783","Universal ribosomal protein uS14 family"
"O60784","TOM1 family"
"O60812","RRM HNRPC family, RALY subfamily"
"O60814","Histone H2B family"
"O60825","Phosphoglycerate mutase family"
"O60826","CCDC22 family"
"O60829","GAGE family"
"O60830","Tim17/Tim22/Tim23 family"
"O60831","PRA1 family"
"O60832","Pseudouridine synthase TruB family"
"O60840","Calcium channel alpha-1 subunit (TC 1.A.1.11) family, CACNA1F subfamily"
"O60841","TRAFAC class translation factor GTPase superfamily, Classic translation factor GTPase family, IF-2 subfamily"
"O60844","Jacalin lectin family"
"O60858","TRIM/RBCC family"
"O60870","KIN17 family"
"O60879","Formin homology family, Diaphanous subfamily"
"O60882","Peptidase M10A family"
"O60883","G-protein coupled receptor 1 family"
"O60885","BET family"
"O60888","CutA family"
"O60894","RAMP family"
"O60895","RAMP family"
"O60896","RAMP family"
"O60902","Paired homeobox family, Bicoid subfamily"
"O60906","Neutral sphingomyelinase family"
"O60907","WD repeat EBI family"
"O60909","Glycosyltransferase 7 family"
"O60911","Peptidase C1 family"
"O60921","HUS1 family"
"O60925","Prefoldin subunit beta family"
"O60928","Inward rectifier-type potassium channel (TC 1.A.2.1) family, KCNJ13 subfamily"
"O60930","RNase H family"
"O60931","Cystinosin family"
"O60934","Nibrin family"
"O60938","Small leucine-rich proteoglycan (SLRP) family, SLRP class II subfamily"
"O60939","Sodium channel auxiliary subunit SCN2B (TC 8.A.17) family"
"O60941","Dystrophin family, Dystrobrevin subfamily"
"O60942","Non-receptor class of the protein-tyrosine phosphatase family"
"O60942"," Eukaryotic GTase family"
"O75027","ABC transporter superfamily, ABCB family, Heavy Metal importer (TC 3.A.1.210) subfamily"
"O75030","MiT/TFE family"
"O75037","TRAFAC class myosin-kinesin ATPase superfamily, Kinesin family"
"O75051","Plexin family"
"O75056","Syndecan proteoglycan family"
"O75063","FAM20 family"
"O75069","TEX28 family"
"O75072","LicD transferase family"
"O75074","LDLR family"
"O75081","CBFA2T family"
"O75083","WD repeat AIP1 family"
"O75084","G-protein coupled receptor Fz/Smo family"
"O75096","LDLR family"
"O75106","Copper/topaquinone oxidase family"
"O75110","Cation transport ATPase (P-type) (TC 3.A.3) family, Type IV subfamily"
"O75113","N4BP1 family"
"O75116","Protein kinase superfamily, AGC Ser/Thr protein kinase family"
"O75122","CLASP family"
"O75127","PTCD1 family"
"O75129","Astrotactin family"
"O75131","Copine family"
"O75140","IML1 family"
"O75143","ATG13 family, Metazoan subfamily"
"O75144","Immunoglobulin superfamily, BTN/MOG family"
"O75145","Liprin family, Liprin-alpha subfamily"
"O75146","SLA2 family"
"O75150","BRE1 family"
"O75151","JHDM1 histone demethylase family, JHDM1D subfamily"
"O75155","CAND family"
"O75161","NPHP4 family"
"O75164","JHDM3 histone demethylase family"
"O75167","Phosphatase and actin regulator family"
"O75170","SAPS family"
"O75175","CNOT2/3/5 family"
"O75177","SS18 family"
"O75185","Cation transport ATPase (P-type) (TC 3.A.3) family, Type IIA subfamily"
"O75191","FGGY kinase family"
"O75192","Peroxin-11 family"
"O75197","LDLR family"
"O75204","TMEM127 family"
"O75208","COQ9 family"
"O75223","Gamma-glutamylcyclotransferase family"
"O75251","Complex I 20 kDa subunit family"
"O75293","GADD45 family"
"O75306","Complex I 49 kDa subunit family"
"O75311","Ligand-gated ion channel (TC 1.A.9) family, Glycine receptor (TC 1.A.9.3) subfamily, GLRA3 sub-subfamily"
"O75312","ZPR1 family"
"O75317","Peptidase C19 family, USP12/USP46 subfamily"
"O75319","Protein-tyrosine phosphatase family, Non-receptor class dual specificity subfamily"
"O75323","NipSnap family"
"O75324","Stannin family"
"O75326","Semaphorin family"
"O75334","Liprin family, Liprin-alpha subfamily"
"O75342","Lipoxygenase family"
"O75343","Adenylyl cyclase class-4/guanylyl cyclase family"
"O75344","FKBP6 family"
"O75347","TBCA family"
"O75348","V-ATPase G subunit family"
"O75351","AAA ATPase family"
"O75354","GDA1/CD39 NTPase family"
"O75355","GDA1/CD39 NTPase family"
"O75356","GDA1/CD39 NTPase family"
"O75360","Paired homeobox family"
"O75362","Krueppel C2H2-type zinc-finger protein family"
"O75364","Paired homeobox family, Bicoid subfamily"
"O75365","Protein-tyrosine phosphatase family"
"O75366","Villin/gelsolin family"
"O75367","Histone H2A family"
"O75368","SH3BGR family"
"O75369","Filamin family"
"O75376","N-CoR nuclear receptor corepressors family"
"O75379","Synaptobrevin family"
"O75380","Complex I NDUFS6 subunit family"
"O75381","Peroxin-14 family"
"O75382","TRIM/RBCC family"
"O75385","Protein kinase superfamily, Ser/Thr protein kinase family, APG1/unc-51/ULK1 subfamily"
"O75386","TUB family"
"O75387","SLC43A transporter (TC 2.A.1.44) family"
"O75390","Citrate synthase family"
"O75396","Synaptobrevin family"
"O75400","PRPF40 family"
"O75410","TACC family"
"O75414","NDK family"
"O75417","DNA polymerase type-A family"
"O75419","CDC45 family"
"O75420","GIGYF family"
"O75431","Metaxin family"
"O75436","VPS26 family"
"O75438","Complex I NDUFB1 subunit family"
"O75439","Peptidase M16 family"
"O75444","BZIP family, Maf subfamily"
"O75446","SAP30 family"
"O75448","Mediator complex subunit 24 family"
"O75449","AAA ATPase family, Katanin p60 subunit A1 subfamily"
"O75452","Short-chain dehydrogenases/reductases (SDR) family"
"O75460","Protein kinase superfamily, Ser/Thr protein kinase family"
"O75461","E2F/DP family"
"O75462","Type I cytokine receptor family, Type 3 subfamily"
"O75469","Nuclear hormone receptor family, NR1 subfamily"
"O75473","G-protein coupled receptor 1 family"
"O75475","HDGF family"
"O75477","Band 7/mec-2 family"
"O75486","SPT3 family"
"O75487","Glypican family"
"O75489","Complex I 30 kDa subunit family"
"O75494","Splicing factor SR family"
"O75496","Geminin family"
"O75503","CLN5 family"
"O75506","HSBP1 family"
"O75508","Claudin family"
"O75521","Enoyl-CoA hydratase/isomerase family"
"O75525","KHDRBS family"
"O75528","NGG1 family"
"O75529","WD repeat TAF5 family"
"O75530","WD repeat ESC family"
"O75531","BAF family"
"O75533","SF3B1 family"
"O75534","UNR family"
"O75556","Secretoglobin family, Lipophilin subfamily"
"O75558","Syntaxin family"
"O75563","SKAP family"
"O75564","Tigger transposable element derived protein family"
"O75569","PRKRA family"
"O75570","Prokaryotic/mitochondrial release factor family"
"O75575","Eukaryotic RPC9 RNA polymerase subunit family"
"O75578","Integrin alpha chain family"
"O75581","LDLR family"
"O75582","Protein kinase superfamily, AGC Ser/Thr protein kinase family, S6 kinase subfamily"
"O75586","Mediator complex subunit 6 family"
"O75592","RING-Cys relay (RCR) family"
"O75594","N-acetylmuramoyl-L-alanine amidase 2 family"
"O75600","Class-II pyridoxal-phosphate-dependent aminotransferase family"
"O75604","Peptidase C19 family, USP2 subfamily"
"O75607","Nucleoplasmin family"
"O75608","AB hydrolase superfamily, AB hydrolase 2 family"
"O75610","TGF-beta family"
"O75616","TRAFAC class TrmE-Era-EngA-EngB-Septin-like GTPase superfamily, Era GTPase family"
"O75626","Class V-like SAM-binding methyltransferase superfamily"
"O75628","Small GTPase superfamily, RGK family"
"O75629","CREG family"
"O75631","Uroplakin-3 family"
"O75636","Ficolin lectin family"
"O75638","CTAG/PCC1 family"
"O75643","Helicase family, SKI2 subfamily"
"O75648","MnmA/TRMU family"
"O75663","TIP41 family"
"O75665","OFD1 family"
"O75674","TOM1 family"
"O75676","Protein kinase superfamily, AGC Ser/Thr protein kinase family, S6 kinase subfamily"
"O75683","SURF6 family"
"O75688","PP2C family"
"O75691","UTP20 family"
"O75694","Non-repetitive/WGA-negative nucleoporin family"
"O75695","TBCC family"
"O75712","Connexin family, Beta-type (group I) subfamily"
"O75716","Protein kinase superfamily, Ser/Thr protein kinase family"
"O75718","Leprecan family"
"O75746","Mitochondrial carrier (TC 2.A.29) family"
"O75747","PI3/PI4-kinase family"
"O75751","Major facilitator (TC 2.A.1) superfamily, Organic cation transporter (TC 2.A.1.19) family"
"O75752","Glycosyltransferase 31 family"
"O75762","Transient receptor (TC 1.A.4) family"
"O75771","RecA family, RAD51 subfamily"
"O75781","Paralemmin family"
"O75783","Peptidase S54 family"
"O75791","GRB2/sem-5/DRK family"
"O75792","RNase HII family, Eukaryotic subfamily"
"O75794","CDC123 family"
"O75795","UDP-glycosyltransferase family"
"O75800","ZMYND10 family"
"O75807","PPP1R15 family"
"O75808","Peptidase C2 family"
"O75817","Histone-like Alba family"
"O75821","EIF-3 subunit G family"
"O75822","EIF-3 subunit J family"
"O75828","Short-chain dehydrogenases/reductases (SDR) family"
"O75829","Chondromodulin-1 family"
"O75840","Krueppel C2H2-type zinc-finger protein family"
"O75841","Tetraspanin (TM4SF) family"
"O75843","Adaptor complexes large subunit family"
"O75844","Peptidase M48A family"
"O75845","Sterol desaturase family"
"O75864","PPP1R37 family"
"O75865","TRAPP small subunits family, BET3 subfamily"
"O75871","Immunoglobulin superfamily, CEA family"
"O75874","Isocitrate and isopropylmalate dehydrogenases family"
"O75879","GatB/GatE family, GatB subfamily"
"O75880","SCO1/2 family"
"O75881","Cytochrome P450 family"
"O75884","RBBP9 family"
"O75886","STAM family"
"O75888","Tumor necrosis factor family"
"O75891","GART family"
"O75891"," Aldehyde dehydrogenase family, ALDH1L subfamily"
"O75896","TUSC2 family"
"O75897","Sulfotransferase 1 family"
"O75899","G-protein coupled receptor 3 family, GABA-B receptor subfamily"
"O75900","Peptidase M10A family"
"O75907","Membrane-bound acyltransferase family, Sterol o-acyltransferase subfamily"
"O75908","Membrane-bound acyltransferase family, Sterol o-acyltransferase subfamily"
"O75909","Cyclin family, Cyclin C subfamily"
"O75911","Short-chain dehydrogenases/reductases (SDR) family"
"O75912","Eukaryotic diacylglycerol kinase family"
"O75914","Protein kinase superfamily, STE Ser/Thr protein kinase family, STE20 subfamily"
"O75915","PRA1 family"
"O75920","SERF family"
"O75923","Ferlin family"
"O75925","PIAS family"
"O75928","PIAS family"
"O75934","SPF27 family"
"O75935","Dynactin subunit 3 family"
"O75936","Gamma-BBH/TMLD family"
"O75940","SMN family"
"O75943","Rad17/RAD24 family"
"O75947","ATPase d subunit family"
"O75951","Glycosyl hydrolase 22 family"
"O75955","Band 7/mec-2 family, Flotillin subfamily"
"O75956","CDK2AP family"
"O75962","Protein kinase superfamily, CAMK Ser/Thr protein kinase family"
"O75964","ATPase g subunit family"
"O75969","AKAP110 family"
"O75976","Peptidase M14 family"
"O76011","Intermediate filament family"
"O76013","Intermediate filament family"
"O76014","Intermediate filament family"
"O76015","Intermediate filament family"
"O76021","Universal ribosomal protein uL1 family"
"O76027","Annexin family"
"O76031","ClpX chaperone family"
"O76036","Natural cytotoxicity receptor (NCR) family"
"O76039","Protein kinase superfamily, CMGC Ser/Thr protein kinase family, CDC2/CDKX subfamily"
"O76061","Stanniocalcin family"
"O76062","ERG4/ERG24 family"
"O76064","RNF8 family"
"O76070","Synuclein family"
"O76071","WD repeat CIA1 family"
"O76074","Cyclic nucleotide phosphodiesterase family"
"O76076","CCN family"
"O76082","Major facilitator (TC 2.A.1) superfamily, Organic cation transporter (TC 2.A.1.19) family"
"O76083","Cyclic nucleotide phosphodiesterase family, PDE9 subfamily"
"O76090","Anion channel-forming bestrophin (TC 1.A.46) family, Calcium-sensitive chloride channel subfamily"
"O76093","Heparin-binding growth factors family"
"O76094","SRP72 family"
"O76095","JTB family"
"O76096","Cystatin family"
"O77932","DXO/Dom3Z family"
"O94759","Transient receptor (TC 1.A.4) family, LTrpC subfamily, TRPM2 sub-subfamily"
"O94760","DDAH family"
"O94761","Helicase family, RecQ subfamily"
"O94762","Helicase family, RecQ subfamily"
"O94763","RNA polymerase II subunit 5-mediating protein family"
"O94766","Glycosyltransferase 43 family"
"O94768","Protein kinase superfamily, CAMK Ser/Thr protein kinase family, DAP kinase subfamily"
"O94769","Small leucine-rich proteoglycan (SLRP) family, SLRP class I subfamily"
"O94776","Metastasis-associated protein family"
"O94777","DPM2 family"
"O94778","MIP/aquaporin (TC 1.A.8) family"
"O94779","Immunoglobulin superfamily, Contactin family"
"O94782","Peptidase C19 family"
"O94788","Aldehyde dehydrogenase family"
"O94804","Protein kinase superfamily, STE Ser/Thr protein kinase family, STE20 subfamily"
"O94805","Actin family"
"O94806","Protein kinase superfamily, CAMK Ser/Thr protein kinase family, PKD subfamily"
"O94811","TPPP family"
"O94812","Unc-13 family"
"O94817","ATG12 family"
"O94822","LTN1 family"
"O94823","Cation transport ATPase (P-type) (TC 3.A.3) family, Type IV subfamily"
"O94826","Tom70 family"
"O94829","Importin beta family"
"O94830","PA-PLA1 family"
"O94832","TRAFAC class myosin-kinesin ATPase superfamily, Myosin family"
"O94844","Small GTPase superfamily, Rho family"
"O94851","Mical family"
"O94855","SEC23/SEC24 family, SEC24 subfamily"
"O94856","Immunoglobulin superfamily, L1/neurofascin/NgCAM family"
"O94874","UFL1 family"
"O94876","TEX28 family"
"O94886","CSC1 (TC 1.A.17) family"
"O94892","Krueppel C2H2-type zinc-finger protein family"
"O94900","High motility group (HMG) box superfamily"
"O94905","Band 7/mec-2 family"
"O94907","Dickkopf family"
"O94910","G-protein coupled receptor 2 family, Adhesion G-protein coupled receptor (ADGR) subfamily"
"O94911","ABC transporter superfamily, ABCA family"
"O94915","Furry protein family"
"O94919","DNA/RNA non-specific endonuclease family"
"O94921","Protein kinase superfamily, CMGC Ser/Thr protein kinase family, CDC2/CDKX subfamily"
"O94923","D-glucuronyl C5-epimerase family"
"O94925","Glutaminase family"
"O94927","HAUS5 family"
"O94933","SLITRK family"
"O94953","JHDM3 histone demethylase family"
"O94956","Organo anion transporter (TC 2.A.60) family"
"O94964","MTCL family"
"O94966","Peptidase C19 family"
"O94972","TRIM/RBCC family"
"O94973","Adaptor complexes large subunit family"
"O94979","WD repeat SEC31 family"
"O94983","CAMTA family"
"O94985","Calsyntenin family"
"O94986","CEP152 family"
"O94991","SLITRK family"
"O94992","HEXIM family"
"O95045","PNP/UDP phosphorylase family"
"O95047","G-protein coupled receptor 1 family"
"O95049","MAGUK family"
"O95050","Class I-like SAM-binding methyltransferase superfamily, NNMT/PNMT/TEMT family"
"O95057","Small GTPase superfamily, Di-Ras family"
"O95059","Eukaryotic/archaeal RNase P protein component 2 family"
"O95067","Cyclin family, Cyclin AB subfamily"
"O95069","Two pore domain potassium channel (TC 1.A.1.8) family"
"O95070","YIF1 family"
"O95071","UBR5 family"
"O95072","Rad21 family"
"O95096","NK-2 homeobox family"
"O95136","G-protein coupled receptor 1 family"
"O95139","Complex I NDUFB6 subunit family"
"O95140","TRAFAC class dynamin-like GTPase superfamily, Dynamin/Fzo/YdjA family, Mitofusin subfamily"
"O95147","Protein-tyrosine phosphatase family, Non-receptor class dual specificity subfamily"
"O95149","Snurportin family"
"O95150","Tumor necrosis factor family"
"O95153","RIMBP family"
"O95154","Aldo/keto reductase family, Aldo/keto reductase 2 subfamily"
"O95155","Ubiquitin conjugation factor E4 family"
"O95159","ZFPL1 family"
"O95163","ELP1/IKA1 family"
"O95166","ATG8 family"
"O95167","Complex I NDUFA3 subunit family"
"O95168","Complex I NDUFB4 subunit family"
"O95169","Complex I NDUFB8 subunit family"
"O95180","Calcium channel alpha-1 subunit (TC 1.A.1.11) family, CACNA1H subfamily"
"O95182","Complex I NDUFA7 subunit family"
"O95183","Synaptobrevin family"
"O95185","Unc-5 family"
"O95201","Krueppel C2H2-type zinc-finger protein family"
"O95202","LETM1 family"
"O95208","Epsin family"
"O95214","OB-RGRP/VPS55 family"
"O95218","ZRANB2 family"
"O95219","Sorting nexin family"
"O95232","Luc7 family"
"O95235","TRAFAC class myosin-kinesin ATPase superfamily, Kinesin family"
"O95236","Apolipoprotein L family"
"O95237","H-rev107 family"
"O95238","ETS family"
"O95239","TRAFAC class myosin-kinesin ATPase superfamily, Kinesin family, Chromokinesin subfamily"
"O95248","Protein-tyrosine phosphatase family, Non-receptor class myotubularin subfamily"
"O95249","GOSR1 family"
"O95251","MYST (SAS/MOZ) family"
"O95255","ABC transporter superfamily, ABCC family, Conjugate transporter (TC 3.A.1.208) subfamily"
"O95256","Interleukin-1 receptor family"
"O95257","GADD45 family"
"O95258","Mitochondrial carrier (TC 2.A.29) family"
"O95259","Potassium channel family, H (Eag) (TC 1.A.1.20) subfamily, Kv10.1/KCNH1 sub-subfamily"
"O95260","R-transferase family"
"O95263","Cyclic nucleotide phosphodiesterase family, PDE8 subfamily"
"O95264","Ligand-gated ion channel (TC 1.A.9) family, 5-hydroxytryptamine receptor (TC 1.A.9.2) subfamily, HTR3B sub-subfamily"
"O95267","RASGRP family"
"O95271","ARTD/PARP family"
"O95273","CCNDBP1 family"
"O95278","Protein-tyrosine phosphatase family"
"O95279","Two pore domain potassium channel (TC 1.A.1.8) family"
"O95292","VAMP-associated protein (VAP) (TC 9.B.17) family"
"O95295","SNAPIN family"
"O95297","Myelin P0 protein family"
"O95298","Complex I NDUFC2 subunit family"
"O95299","Complex I NDUFA10 subunit family"
"O95319","CELF/BRUNOL family"
"O95340","APS kinase family"
"O95340"," Sulfate adenylyltransferase family"
"O95342","ABC transporter superfamily, ABCB family, Multidrug resistance exporter (TC 3.A.1.201) subfamily"
"O95343","SIX/Sine oculis homeobox family"
"O95347","SMC family, SMC2 subfamily"
"O95352","ATG7 family"
"O95359","TACC family"
"O95361","TRIM/RBCC family"
"O95363","Class-II aminoacyl-tRNA synthetase family"
"O95372","AB hydrolase superfamily, AB hydrolase 2 family"
"O95373","Importin beta family"
"O95376","RBR family, Ariadne subfamily"
"O95377","Connexin family, Beta-type (group I) subfamily"
"O95379","TNFAIP8 family"
"O95382","Protein kinase superfamily, STE Ser/Thr protein kinase family, MAP kinase kinase kinase subfamily"
"O95388","CCN family"
"O95389","CCN family"
"O95390","TGF-beta family"
"O95391","SLU7 family"
"O95393","TGF-beta family"
"O95394","Phosphohexose mutase family"
"O95395","Glycosyltransferase 14 family"
"O95396","HesA/MoeB/ThiF family, UBA4 subfamily"
"O95399","Urotensin-2 family"
"O95402","Mediator complex subunit 26 family"
"O95406","Cornichon family"
"O95409","GLI C2H2-type zinc-finger protein family"
"O95415","BRI3 family"
"O95425","Villin/gelsolin family"
"O95427","PIGG/PIGN/PIGO family, PIGN subfamily"
"O95428","Papilin family"
"O95433","AHA1 family"
"O95436","SLC34A transporter family"
"O95445","Calycin superfamily, Lipocalin family"
"O95447","LCA5 family"
"O95452","Connexin family, Beta-type (group I) subfamily"
"O95453","CAF1 family"
"O95456","PSMG1 family"
"O95461","Glycosyltransferase 49 family"
"O95461"," Glycosyltransferase 8 family"
"O95466","Formin homology family"
"O95467","NESP55 family"
"O95470","Group II decarboxylase family, Sphingosine-1-phosphate lyase subfamily"
"O95471","Claudin family"
"O95475","SIX/Sine oculis homeobox family"
"O95476","Dullard family"
"O95477","ABC transporter superfamily, ABCA family"
"O95479","Glucose-6-phosphate dehydrogenase family"
"O95479"," Glucosamine/galactosamine-6-phosphate isomerase family, 6-phosphogluconolactonase subfamily"
"O95484","Claudin family"
"O95486","SEC23/SEC24 family, SEC24 subfamily"
"O95487","SEC23/SEC24 family, SEC24 subfamily"
"O95490","G-protein coupled receptor 2 family, Adhesion G-protein coupled receptor (ADGR) subfamily"
"O95497","Carbon-nitrogen hydrolase superfamily, BTD/VNN family"
"O95498","Carbon-nitrogen hydrolase superfamily, BTD/VNN family"
"O95500","Claudin family"
"O95528","Major facilitator superfamily, Sugar transporter (TC 2.A.1.1) family, Glucose transporter subfamily"
"O95544","NAD kinase family"
"O95551","CCR4/nocturin family"
"O95562","SFT2 family"
"O95563","Mitochondrial pyruvate carrier (MPC) (TC 2.A.105) family"
"O95568","Methyltransferase superfamily, METTL18 family"
"O95571","Metallo-beta-lactamase superfamily, Glyoxalase II family"
"O95573","ATP-dependent AMP-binding enzyme family"
"O95600","Sp1 C2H2-type zinc-finger protein family"
"O95602","RNA polymerase beta' chain family"
"O95622","Adenylyl cyclase class-4/guanylyl cyclase family"
"O95630","Peptidase M67C family"
"O95639","CPSF4/YTH1 family"
"O95670","V-ATPase G subunit family"
"O95671","Maf family, YhdE subfamily"
"O95671"," Class I-like SAM-binding methyltransferase superfamily, Cation-independent O-methyltransferase family"
"O95672","Peptidase M13 family"
"O95674","CDS family"
"O95677","HAD-like hydrolase superfamily, EYA family"
"O95678","Intermediate filament family"
"O95684","CEP43 family"
"O95707","Eukaryotic/archaeal RNase P protein component 1 family"
"O95715","Intercrine alpha (chemokine CxC) family"
"O95716","Small GTPase superfamily, Rab family"
"O95718","Nuclear hormone receptor family, NR3 subfamily"
"O95721","SNAP-25 family"
"O95727","Nectin family"
"O95741","Copine family"
"O95747","Protein kinase superfamily, STE Ser/Thr protein kinase family, STE20 subfamily"
"O95749","FPP/GGPP synthase family"
"O95750","Heparin-binding growth factors family"
"O95751","LDOC1 family"
"O95754","Semaphorin family"
"O95760","IL-1 family"
"O95772","STARD3 family"
"O95777","SnRNP Sm proteins family"
"O95782","Adaptor complexes large subunit family"
"O95785","Krueppel C2H2-type zinc-finger protein family"
"O95786","Helicase family, RLR subfamily"
"O95801","TTC4 family"
"O95803","Sulfotransferase 1 family, NDST subfamily"
"O95807","UPF0220 family"
"O95810","CAVIN family"
"O95813","DAN family"
"O95819","Protein kinase superfamily, STE Ser/Thr protein kinase family, STE20 subfamily"
"O95825","Zinc-containing alcohol dehydrogenase family, Quinone oxidoreductase subfamily"
"O95831","FAD-dependent oxidoreductase family"
"O95832","Claudin family"
"O95833","Chloride channel CLIC family"
"O95834","WD repeat EMAP family"
"O95835","Protein kinase superfamily, AGC Ser/Thr protein kinase family"
"O95837","G-alpha family, G(q) subfamily"
"O95847","Mitochondrial carrier (TC 2.A.29) family"
"O95848","Nudix hydrolase family"
"O95858","Tetraspanin (TM4SF) family"
"O95859","Tetraspanin (TM4SF) family"
"O95861","Inositol monophosphatase superfamily"
"O95863","Snail C2H2-type zinc-finger protein family"
"O95864","Fatty acid desaturase type 1 family"
"O95865","DDAH family"
"O95870","AB hydrolase superfamily, ABHD16 family"
"O95876","WD repeat fritz family"
"O95886","SAPAP family"
"O95900","Pseudouridine synthase TruB family"
"O95905","ECD family"
"O95907","Major facilitator superfamily, Monocarboxylate porter (TC 2.A.1.13) family"
"O95922","Tubulin polyglutamylase family"
"O95926","SYF2 family"
"O95932","Transglutaminase superfamily, Transglutaminase family"
"O95944","Natural cytotoxicity receptor (NCR) family"
"O95948","CUT homeobox family"
"O95954","Cyclodeaminase/cyclohydrolase family"
"O95954"," Formiminotransferase family"
"O95967","Fibulin family"
"O95968","Secretoglobin family, Lipophilin subfamily"
"O95972","TGF-beta family"
"O95977","G-protein coupled receptor 1 family"
"O95980","RECK family"
"O95985","Type IA topoisomerase family"
"O95988","TCL1 family"
"O95989","Nudix hydrolase family, DIPP subfamily"
"O95990","FAM107 family"
"O95992","Sterol desaturase family"
"O95994","AGR family"
"O95995","DRC4 family"
"O95996","Adenomatous polyposis coli (APC) family"
"O95997","Securin family"
"O96000","Complex I NDUFB10 subunit family"
"O96005","CLPTM1 family"
"O96007","MoaE family, MOCS2B subfamily"
"O96008","Tom40 family"
"O96009","Peptidase A1 family"
"O96011","Peroxin-11 family"
"O96013","Protein kinase superfamily, STE Ser/Thr protein kinase family, STE20 subfamily"
"O96014","Wnt family"
"O96015","Dynein light chain family"
"O96017","Protein kinase superfamily, CAMK Ser/Thr protein kinase family, CHK2 subfamily"
"O96019","Actin family"
"O96020","Cyclin family, Cyclin E subfamily"
"O96024","Glycosyltransferase 31 family"
"O96028","Class V-like SAM-binding methyltransferase superfamily, Histone-lysine methyltransferase family, SET2 subfamily"
"O96033","MoaD family, MOCS2A subfamily"
"P00156","Cytochrome b family"
"P00167","Cytochrome b5 family"
"P00325","Zinc-containing alcohol dehydrogenase family"
"P00326","Zinc-containing alcohol dehydrogenase family"
"P00338","LDH/MDH superfamily, LDH family"
"P00352","Aldehyde dehydrogenase family"
"P00367","Glu/Leu/Phe/Val dehydrogenases family"
"P00374","Dihydrofolate reductase family"
"P00387","Flavoprotein pyridine nucleotide cytochrome reductase family"
"P00390","Class-I pyridine nucleotide-disulfide oxidoreductase family"
"P00395","Heme-copper respiratory oxidase family"
"P00403","Cytochrome c oxidase subunit 2 family"
"P00414","Cytochrome c oxidase subunit 3 family"
"P00439","Biopterin-dependent aromatic amino acid hydroxylase family"
"P00441","Cu-Zn superoxide dismutase family"
"P00450","Multicopper oxidase family"
"P00451","Multicopper oxidase family"
"P00480","Aspartate/ornithine carbamoyltransferase superfamily, OTCase family"
"P00488","Transglutaminase superfamily, Transglutaminase family"
"P00491","PNP/MTAP phosphorylase family"
"P00492","Purine/pyrimidine phosphoribosyltransferase family"
"P00505","Class-I pyridoxal-phosphate-dependent aminotransferase family"
"P00519","Protein kinase superfamily, Tyr protein kinase family, ABL subfamily"
"P00533","Protein kinase superfamily, Tyr protein kinase family, EGF receptor subfamily"
"P00540","Protein kinase superfamily, Ser/Thr protein kinase family"
"P00558","Phosphoglycerate kinase family"
"P00568","Adenylate kinase family, AK1 subfamily"
"P00709","Glycosyl hydrolase 22 family"
"P00734","Peptidase S1 family"
"P00736","Peptidase S1 family"
"P00738","Peptidase S1 family"
"P00739","Peptidase S1 family"
"P00740","Peptidase S1 family"
"P00742","Peptidase S1 family"
"P00746","Peptidase S1 family"
"P00747","Peptidase S1 family, Plasminogen subfamily"
"P00748","Peptidase S1 family"
"P00749","Peptidase S1 family"
"P00750","Peptidase S1 family"
"P00751","Peptidase S1 family"
"P00797","Peptidase A1 family"
"P00813","Metallo-dependent hydrolases superfamily, Adenosine and AMP deaminases family"
"P00846","ATPase A chain family"
"P00915","Alpha-carbonic anhydrase family"
"P00918","Alpha-carbonic anhydrase family"
"P00966","Argininosuccinate synthase family, Type 1 subfamily"
"P00973","2-5A synthase family"
"P01008","Serpin family"
"P01009","Serpin family"
"P01011","Serpin family"
"P01019","Serpin family"
"P01023","Protease inhibitor I39 (alpha-2-macroglobulin) family"
"P01033","Protease inhibitor I35 (TIMP) family"
"P01034","Cystatin family"
"P01036","Cystatin family"
"P01037","Cystatin family"
"P01040","Cystatin family"
"P01100","BZIP family, Fos subfamily"
"P01111","Small GTPase superfamily, Ras family"
"P01112","Small GTPase superfamily, Ras family"
"P01116","Small GTPase superfamily, Ras family"
"P01127","PDGF/VEGF growth factor family"
"P01130","LDLR family"
"P01137","TGF-beta family"
"P01138","NGF-beta family"
"P01148","GnRH family"
"P01160","Natriuretic peptide family"
"P01178","Vasopressin/oxytocin family"
"P01185","Vasopressin/oxytocin family"
"P01189","POMC family"
"P01210","Opioid neuropeptide precursor family"
"P01213","Opioid neuropeptide precursor family"
"P01215","Glycoprotein hormones subunit alpha family"
"P01222","Glycoprotein hormones subunit beta family"
"P01225","Glycoprotein hormones subunit beta family"
"P01229","Glycoprotein hormones subunit beta family"
"P01236","Somatotropin/prolactin family"
"P01241","Somatotropin/prolactin family"
"P01242","Somatotropin/prolactin family"
"P01258","Calcitonin family"
"P01266","Type-B carboxylesterase/lipase family"
"P01270","Parathyroid hormone family"
"P01275","Glucagon family"
"P01282","Glucagon family"
"P01286","Glucagon family"
"P01298","NPY family"
"P01303","NPY family"
"P01308","Insulin family"
"P01344","Insulin family"
"P01350","Gastrin/cholecystokinin family"
"P01374","Tumor necrosis factor family"
"P01375","Tumor necrosis factor family"
"P01562","Alpha/beta interferon family"
"P01563","Alpha/beta interferon family"
"P01567","Alpha/beta interferon family"
"P01568","Alpha/beta interferon family"
"P01570","Alpha/beta interferon family"
"P01571","Alpha/beta interferon family"
"P01574","Alpha/beta interferon family"
"P01579","Type II (or gamma) interferon family"
"P01583","IL-1 family"
"P01584","IL-1 family"
"P01588","EPO/TPO family"
"P01893","MHC class I family"
"P01903","MHC class II family"
"P01906","MHC class II family"
"P01909","MHC class II family"
"P01920","MHC class II family"
"P02008","Globin family"
"P02042","Globin family"
"P02100","Globin family"
"P02144","Globin family"
"P02452","Fibrillar collagen family"
"P02458","Fibrillar collagen family"
"P02461","Fibrillar collagen family"
"P02462","Type IV collagen family"
"P02489","Small heat shock protein (HSP20) family"
"P02511","Small heat shock protein (HSP20) family"
"P02533","Intermediate filament family"
"P02538","Intermediate filament family"
"P02545","Intermediate filament family"
"P02549","Spectrin family"
"P02585","Troponin C family"
"P02647","Apolipoprotein A1/A4/E family"
"P02649","Apolipoprotein A1/A4/E family"
"P02652","Apolipoprotein A2 family"
"P02654","Apolipoprotein C1 family"
"P02655","Apolipoprotein C2 family"
"P02656","Apolipoprotein C3 family"
"P02686","Myelin basic protein family"
"P02689","Calycin superfamily, Fatty-acid binding protein (FABP) family"
"P02708","Ligand-gated ion channel (TC 1.A.9) family, Acetylcholine receptor (TC 1.A.9.1) subfamily, Alpha-1/CHRNA1 sub-subfamily"
"P02724","Glycophorin A family"
"P02730","Anion exchanger (TC 2.A.31) family"
"P02741","Pentraxin family"
"P02743","Pentraxin family"
"P02748","Complement C6/C7/C8/C9 family"
"P02753","Calycin superfamily, Lipocalin family"
"P02760","Calycin superfamily, Lipocalin family"
"P02763","Calycin superfamily, Lipocalin family"
"P02765","Fetuin family"
"P02766","Transthyretin family"
"P02768","ALB/AFP/VDB family"
"P02771","ALB/AFP/VDB family"
"P02774","ALB/AFP/VDB family"
"P02775","Intercrine alpha (chemokine CxC) family"
"P02776","Intercrine alpha (chemokine CxC) family"
"P02778","Intercrine alpha (chemokine CxC) family"
"P02786","Peptidase M28 family, M28B subfamily"
"P02787","Transferrin family"
"P02788","Transferrin family"
"P02790","Hemopexin family"
"P02792","Ferritin family"
"P02794","Ferritin family"
"P02795","Metallothionein superfamily, Type 1 family"
"P02808","Histatin/statherin family"
"P02814","PROL1/PROL3 family"
"P02818","Osteocalcin/matrix Gla protein family"
"P03372","Nuclear hormone receptor family, NR3 subfamily"
"P03886","Complex I subunit 1 family"
"P03891","Complex I subunit 2 family"
"P03897","Complex I subunit 3 family"
"P03901","Complex I subunit 4L family"
"P03905","Complex I subunit 4 family"
"P03915","Complex I subunit 5 family"
"P03923","Complex I subunit 6 family"
"P03928","ATPase protein 8 family"
"P03950","Pancreatic ribonuclease family"
"P03951","Peptidase S1 family, Plasma kallikrein subfamily"
"P03952","Peptidase S1 family, Plasma kallikrein subfamily"
"P03956","Peptidase M10A family"
"P03971","TGF-beta family"
"P03999","G-protein coupled receptor 1 family, Opsin subfamily"
"P04000","G-protein coupled receptor 1 family, Opsin subfamily"
"P04001","G-protein coupled receptor 1 family, Opsin subfamily"
"P04035","HMG-CoA reductase family"
"P04040","Catalase family"
"P04049","Protein kinase superfamily, TKL Ser/Thr protein kinase family, RAF subfamily"
"P04053","DNA polymerase type-X family"
"P04054","Phospholipase A2 family"
"P04062","Glycosyl hydrolase 30 family"
"P04066","Glycosyl hydrolase 29 family"
"P04070","Peptidase S1 family"
"P04075","Class I fructose-bisphosphate aldolase family"
"P04080","Cystatin family"
"P04083","Annexin family"
"P04085","PDGF/VEGF growth factor family"
"P04090","Insulin family"
"P04118","Colipase family"
"P04141","GM-CSF family"
"P04150","Nuclear hormone receptor family, NR3 subfamily"
"P04156","Prion family"
"P04179","Iron/manganese superoxide dismutase family"
"P04180","AB hydrolase superfamily, Lipase family"
"P04181","Class-III pyridoxal-phosphate-dependent aminotransferase family"
"P04183","Thymidine kinase family"
"P04201","G-protein coupled receptor 1 family"
"P04259","Intermediate filament family"
"P04264","Intermediate filament family"
"P04271","S-100 family"
"P04279","Semenogelin family"
"P04350","Tubulin family"
"P04406","Glyceraldehyde-3-phosphate dehydrogenase family"
"P04424","Lyase 1 family, Argininosuccinate lyase subfamily"
"P04439","MHC class I family"
"P04440","MHC class II family"
"P04553","Protamine P1 family"
"P04554","Protamine P2 family"
"P04626","Protein kinase superfamily, Tyr protein kinase family, EGF receptor subfamily"
"P04628","Wnt family"
"P04629","Protein kinase superfamily, Tyr protein kinase family, Insulin receptor subfamily"
"P04637","P53 family"
"P04731","Metallothionein superfamily, Type 1 family"
"P04732","Metallothionein superfamily, Type 1 family"
"P04733","Metallothionein superfamily, Type 1 family"
"P04746","Glycosyl hydrolase 13 family"
"P04792","Small heat shock protein (HSP20) family"
"P04798","Cytochrome P450 family"
"P04818","Thymidylate synthase family"
"P04843","OST1 family"
"P04844","SWP1 family"
"P04899","G-alpha family, G(i/o/t/z) subfamily"
"P04908","Histone H2A family"
"P04920","Anion exchanger (TC 2.A.31) family"
"P04921","Glycophorin-C family"
"P05000","Alpha/beta interferon family"
"P05014","Alpha/beta interferon family"
"P05019","Insulin family"
"P05023","Cation transport ATPase (P-type) (TC 3.A.3) family, Type IIC subfamily"
"P05026","X(+)/potassium ATPases subunit beta family"
"P05060","Chromogranin/secretogranin protein family"
"P05062","Class I fructose-bisphosphate aldolase family"
"P05067","APP family"
"P05089","Arginase family"
"P05090","Calycin superfamily, Lipocalin family"
"P05091","Aldehyde dehydrogenase family"
"P05093","Cytochrome P450 family"
"P05106","Integrin beta chain family"
"P05107","Integrin beta chain family"
"P05108","Cytochrome P450 family"
"P05109","S-100 family"
"P05111","TGF-beta family"
"P05112","IL-4/IL-13 family"
"P05113","IL-5 family"
"P05114","HMGN family"
"P05120","Serpin family, Ov-serpin subfamily"
"P05121","Serpin family"
"P05129","Protein kinase superfamily, AGC Ser/Thr protein kinase family, PKC subfamily"
"P05141","Mitochondrial carrier (TC 2.A.29) family"
"P05154","Serpin family"
"P05155","Serpin family"
"P05156","Peptidase S1 family"
"P05164","Peroxidase family, XPO subfamily"
"P05166","AccD/PCCB family"
"P05177","Cytochrome P450 family"
"P05181","Cytochrome P450 family"
"P05186","Alkaline phosphatase family"
"P05187","Alkaline phosphatase family"
"P05198","EIF-2-alpha family"
"P05204","HMGN family"
"P05230","Heparin-binding growth factors family"
"P05231","IL-6 superfamily"
"P05305","Endothelin/sarafotoxin family"
"P05362","Immunoglobulin superfamily, ICAM family"
"P05386","Eukaryotic ribosomal protein P1/P2 family"
"P05387","Eukaryotic ribosomal protein P1/P2 family"
"P05388","Universal ribosomal protein uL10 family"
"P05408","7B2 family"
"P05412","BZIP family, Jun subfamily"
"P05413","Calycin superfamily, Fatty-acid binding protein (FABP) family"
"P05423","Eukaryotic RPC4/POLR3D RNA polymerase subunit family"
"P05496","ATPase C chain family"
"P05538","MHC class II family"
"P05543","Serpin family"
"P05546","Serpin family"
"P05549","AP-2 family"
"P05556","Integrin beta chain family"
"P05771","Protein kinase superfamily, AGC Ser/Thr protein kinase family, PKC subfamily"
"P05783","Intermediate filament family"
"P05787","Intermediate filament family"
"P05813","Beta/gamma-crystallin family"
"P05814","Beta-casein family"
"P05937","Calbindin family"
"P05981","Peptidase S1 family"
"P05997","Fibrillar collagen family"
"P06028","Glycophorin-A family"
"P06132","Uroporphyrinogen decarboxylase family"
"P06133","UDP-glycosyltransferase family"
"P06213","Protein kinase superfamily, Tyr protein kinase family, Insulin receptor subfamily"
"P06239","Protein kinase superfamily, Tyr protein kinase family, SRC subfamily"
"P06241","Protein kinase superfamily, Tyr protein kinase family, SRC subfamily"
"P06276","Type-B carboxylesterase/lipase family"
"P06280","Glycosyl hydrolase 27 family"
"P06307","Gastrin/cholecystokinin family"
"P06340","MHC class II family"
"P06396","Villin/gelsolin family"
"P06400","Retinoblastoma protein (RB) family"
"P06401","Nuclear hormone receptor family, NR3 subfamily"
"P06454","Pro/parathymosin family"
"P06493","Protein kinase superfamily, CMGC Ser/Thr protein kinase family, CDC2/CDKX subfamily"
"P06576","ATPase alpha/beta chains family"
"P06681","Peptidase S1 family"
"P06702","S-100 family"
"P06703","S-100 family"
"P06727","Apolipoprotein A1/A4/E family"
"P06730","Eukaryotic initiation factor 4E family"
"P06731","Immunoglobulin superfamily, CEA family"
"P06732","ATP:guanido phosphotransferase family"
"P06733","Enolase family"
"P06737","Glycogen phosphorylase family"
"P06744","GPI family"
"P06746","DNA polymerase type-X family"
"P06748","Nucleoplasmin family"
"P06753","Tropomyosin family"
"P06756","Integrin alpha chain family"
"P06850","Sauvagine/corticotropin-releasing factor/urotensin I family"
"P06858","AB hydrolase superfamily, Lipase family"
"P06865","Glycosyl hydrolase 20 family"
"P06870","Peptidase S1 family, Kallikrein subfamily"
"P06881","Calcitonin family"
"P06899","Histone H2B family"
"P07093","Serpin family"
"P07098","AB hydrolase superfamily, Lipase family"
"P07099","Peptidase S33 family"
"P07101","Biopterin-dependent aromatic amino acid hydroxylase family"
"P07108","ACBP family"
"P07148","Calycin superfamily, Fatty-acid binding protein (FABP) family"
"P07195","LDH/MDH superfamily, LDH family"
"P07196","Intermediate filament family"
"P07197","Intermediate filament family"
"P07202","Peroxidase family, XPO subfamily"
"P07203","Glutathione peroxidase family"
"P07205","Phosphoglycerate kinase family"
"P07237","Protein disulfide isomerase family"
"P07288","Peptidase S1 family, Kallikrein subfamily"
"P07305","Histone H1/H5 family"
"P07315","Beta/gamma-crystallin family"
"P07320","Beta/gamma-crystallin family"
"P07327","Zinc-containing alcohol dehydrogenase family"
"P07332","Protein kinase superfamily, Tyr protein kinase family, Fes/fps subfamily"
"P07333","Protein kinase superfamily, Tyr protein kinase family, CSF-1/PDGF receptor subfamily"
"P07339","Peptidase A1 family"
"P07355","Annexin family"
"P07357","Complement C6/C7/C8/C9 family"
"P07358","Complement C6/C7/C8/C9 family"
"P07360","Calycin superfamily, Lipocalin family"
"P07384","Peptidase C2 family"
"P07437","Tubulin family"
"P07438","Metallothionein superfamily, Type 1 family"
"P07451","Alpha-carbonic anhydrase family"
"P07476","Involucrin family"
"P07477","Peptidase S1 family"
"P07478","Peptidase S1 family"
"P07492","Bombesin/neuromedin-B/ranatensin family"
"P07498","Kappa-casein family"
"P07510","Ligand-gated ion channel (TC 1.A.9) family, Acetylcholine receptor (TC 1.A.9.1) subfamily, Gamma/CHRNG sub-subfamily"
"P07550","G-protein coupled receptor 1 family, Adrenergic receptor subfamily, ADRB2 sub-subfamily"
"P07585","Small leucine-rich proteoglycan (SLRP) family, SLRP class I subfamily"
"P07686","Glycosyl hydrolase 20 family"
"P07711","Peptidase C1 family"
"P07737","Profilin family"
"P07738","Phosphoglycerate mutase family, BPG-dependent PGAM subfamily"
"P07741","Purine/pyrimidine phosphoribosyltransferase family"
"P07814","Class-I aminoacyl-tRNA synthetase family, Glutamate--tRNA ligase type 2 subfamily"
"P07814"," Class-II aminoacyl-tRNA synthetase family"
"P07858","Peptidase C1 family"
"P07864","LDH/MDH superfamily, LDH family"
"P07900","Heat shock protein 90 family"
"P07902","Galactose-1-phosphate uridylyltransferase type 1 family"
"P07910","RRM HNRPC family, RALY subfamily"
"P07919","UQCRH/QCR6 family"
"P07947","Protein kinase superfamily, Tyr protein kinase family, SRC subfamily"
"P07948","Protein kinase superfamily, Tyr protein kinase family, SRC subfamily"
"P07949","Protein kinase superfamily, Tyr protein kinase family"
"P07951","Tropomyosin family"
"P07954","Class-II fumarase/aspartase family, Fumarase subfamily"
"P07992","ERCC1/RAD10/SWI10 family"
"P07996","Thrombospondin family"
"P07998","Pancreatic ribonuclease family"
"P08034","Connexin family, Beta-type (group I) subfamily"
"P08047","Sp1 C2H2-type zinc-finger protein family"
"P08048","Krueppel C2H2-type zinc-finger protein family, ZFX/ZFY subfamily"
"P08069","Protein kinase superfamily, Tyr protein kinase family, Insulin receptor subfamily"
"P08100","G-protein coupled receptor 1 family, Opsin subfamily"
"P08118","Beta-microseminoprotein family"
"P08123","Fibrillar collagen family"
"P08133","Annexin family"
"P08134","Small GTPase superfamily, Rho family"
"P08151","GLI C2H2-type zinc-finger protein family"
"P08172","G-protein coupled receptor 1 family, Muscarinic acetylcholine receptor subfamily, CHRM2 sub-subfamily"
"P08173","G-protein coupled receptor 1 family, Muscarinic acetylcholine receptor subfamily, CHRM4 sub-subfamily"
"P08174","Receptors of complement activation (RCA) family"
"P08183","ABC transporter superfamily, ABCB family, Multidrug resistance exporter (TC 3.A.1.201) subfamily"
"P08185","Serpin family"
"P08195","SLC3A transporter family"
"P08217","Peptidase S1 family, Elastase subfamily"
"P08218","Peptidase S1 family, Elastase subfamily"
"P08235","Nuclear hormone receptor family, NR3 subfamily"
"P08236","Glycosyl hydrolase 2 family"
"P08237","Phosphofructokinase type A (PFKA) family, ATP-dependent PFK group I subfamily, Eukaryotic two domain clade 'E' sub-subfamily"
"P08238","Heat shock protein 90 family"
"P08240","GTP-binding SRP family"
"P08246","Peptidase S1 family, Elastase subfamily"
"P08247","Synaptophysin/synaptobrevin family"
"P08253","Peptidase M10A family"
"P08254","Peptidase M10A family"
"P08263","GST superfamily, Alpha family"
"P08294","Cu-Zn superoxide dismutase family"
"P08311","Peptidase S1 family"
"P08319","Zinc-containing alcohol dehydrogenase family, Class-II subfamily"
"P08397","HMBS family"
"P08473","Peptidase M13 family"
"P08476","TGF-beta family"
"P08493","Osteocalcin/matrix Gla protein family"
"P08514","Integrin alpha chain family"
"P08519","Peptidase S1 family, Plasminogen subfamily"
"P08572","Type IV collagen family"
"P08574","Cytochrome c family"
"P08575","Protein-tyrosine phosphatase family, Receptor class 1/6 subfamily"
"P08579","RRM U1 A/B'' family"
"P08581","Protein kinase superfamily, Tyr protein kinase family"
"P08582","Transferrin family"
"P08588","G-protein coupled receptor 1 family, Adrenergic receptor subfamily, ADRB1 sub-subfamily"
"P08620","Heparin-binding growth factors family"
"P08631","Protein kinase superfamily, Tyr protein kinase family, SRC subfamily"
"P08648","Integrin alpha chain family"
"P08651","CTF/NF-I family"
"P08670","Intermediate filament family"
"P08684","Cytochrome P450 family"
"P08686","Cytochrome P450 family"
"P08697","Serpin family"
"P08700","IL-3 family"
"P08708","Eukaryotic ribosomal protein eS17 family"
"P08709","Peptidase S1 family"
"P08727","Intermediate filament family"
"P08729","Intermediate filament family"
"P08754","G-alpha family, G(i/o/t/z) subfamily"
"P08758","Annexin family"
"P08779","Intermediate filament family"
"P08842","Sulfatase family"
"P08861","Peptidase S1 family, Elastase subfamily"
"P08865","Universal ribosomal protein uS2 family"
"P08887","Type I cytokine receptor family, Type 3 subfamily"
"P08908","G-protein coupled receptor 1 family, 5-hydroxytryptamine receptor subfamily, HTR1A sub-subfamily"
"P08910","AB hydrolase superfamily, AB hydrolase 4 family"
"P08912","G-protein coupled receptor 1 family, Muscarinic acetylcholine receptor subfamily, CHRM5 sub-subfamily"
"P08913","G-protein coupled receptor 1 family, Adrenergic receptor subfamily, ADRA2A sub-subfamily"
"P08922","Protein kinase superfamily, Tyr protein kinase family, Insulin receptor subfamily"
"P08949","Bombesin/neuromedin-B/ranatensin family"
"P08962","Tetraspanin (TM4SF) family"
"P09012","RRM U1 A/B'' family"
"P09016","Antp homeobox family, Deformed subfamily"
"P09017","Antp homeobox family, Deformed subfamily"
"P09038","Heparin-binding growth factors family"
"P09067","Antp homeobox family"
"P09086","POU transcription factor family, Class-2 subfamily"
"P09104","Enolase family"
"P09105","Globin family"
"P09110","Thiolase-like superfamily, Thiolase family"
"P09132","SRP19 family"
"P09172","Copper type II ascorbate-dependent monooxygenase family"
"P09210","GST superfamily, Alpha family"
"P09211","GST superfamily, Pi family"
"P09228","Cystatin family"
"P09234","U1 small nuclear ribonucleoprotein C family"
"P09237","Peptidase M10A family"
"P09238","Peptidase M10A family"
"P09327","Villin/gelsolin family"
"P09341","Intercrine alpha (chemokine CxC) family"
"P09417","Short-chain dehydrogenases/reductases (SDR) family"
"P09429","HMGB family"
"P09430","Nuclear transition protein 1 family"
"P09455","Calycin superfamily, Fatty-acid binding protein (FABP) family"
"P09466","Calycin superfamily, Lipocalin family"
"P09467","FBPase class 1 family"
"P09471","G-alpha family, G(i/o/t/z) subfamily"
"P09486","SPARC family"
"P09488","GST superfamily, Mu family"
"P09493","Tropomyosin family"
"P09496","Clathrin light chain family"
"P09497","Clathrin light chain family"
"P09525","Annexin family"
"P09529","TGF-beta family"
"P09543","2H phosphoesterase superfamily, CNPase family"
"P09544","Wnt family"
"P09601","Heme oxygenase family"
"P09619","Protein kinase superfamily, Tyr protein kinase family, CSF-1/PDGF receptor subfamily"
"P09622","Class-I pyridine nucleotide-disulfide oxidoreductase family"
"P09629","Antp homeobox family"
"P09661","U2 small nuclear ribonucleoprotein A family"
"P09668","Peptidase C1 family"
"P09669","Cytochrome c oxidase subunit 6c family"
"P09681","Glucagon family"
"P09683","Glucagon family"
"P09758","EPCAM family"
"P09769","Protein kinase superfamily, Tyr protein kinase family, SRC subfamily"
"P09848","Glycosyl hydrolase 1 family"
"P09871","Peptidase S1 family"
"P09874","ARTD/PARP family"
"P09884","DNA polymerase type-B family"
"P09912","IFI6/IFI27 family"
"P09913","IFIT family"
"P09914","IFIT family"
"P09917","Lipoxygenase family"
"P09919","IL-6 superfamily"
"P09923","Alkaline phosphatase family"
"P09936","Peptidase C12 family"
"P09958","Peptidase S8 family, Furin subfamily"
"P09960","Peptidase M1 family"
"P09972","Class I fructose-bisphosphate aldolase family"
"P0C024","Nudix hydrolase family, PCD1 subfamily"
"P0C0E4","Small GTPase superfamily, Rab family"
"P0C0S5","Histone H2A family"
"P0C0S8","Histone H2A family"
"P0C1S8","Protein kinase superfamily, Ser/Thr protein kinase family, WEE1 subfamily"
"P0C264","Protein kinase superfamily, Ser/Thr protein kinase family, STKL subfamily"
"P0C2W1","FBXO45/Fsn family"
"P0C5Y9","Histone H2A family"
"P0C5Z0","Histone H2A family"
"P0C6T2","OST4 family"
"P0C7P0","CISD protein family"
"P0C7P3","Schlafen family, Subgroup III subfamily"
"P0C7T5","ATXN1 family"
"P0C7W6","CCDC172 family"
"P0C7X2","Krueppel C2H2-type zinc-finger protein family"
"P0CAP1","MYZAP family"
"P0CAP2","GRINL1 family"
"P0CG08","Golgi pH regulator (TC 1.A.38) family"
"P0CG30","GST superfamily, Theta family"
"P0CG37","EGF-CFC (Cripto-1/FRL1/Cryptic) family"
"P0CG47","Ubiquitin family"
"P0CG48","Ubiquitin family"
"P0CW18","Peptidase S1 family"
"P0DI81","TRAPP small subunits family, Sedlin subfamily"
"P0DI82","TRAPP small subunits family, Sedlin subfamily"
"P0DJD7","Peptidase A1 family"
"P0DJD8","Peptidase A1 family"
"P0DJD9","Peptidase A1 family"
"P0DJI8","SAA family"
"P0DJI9","SAA family"
"P0DMC3","Elabela/Toddler family"
"P0DME0","Nucleosome assembly protein (NAP) family"
"P0DML2","Somatotropin/prolactin family"
"P0DML3","Somatotropin/prolactin family"
"P0DMM9","Sulfotransferase 1 family"
"P0DMN0","Sulfotransferase 1 family"
"P0DMS8","G-protein coupled receptor 1 family"
"P0DMV8","Heat shock protein 70 family"
"P0DMV9","Heat shock protein 70 family"
"P0DN86","Glycoprotein hormones subunit beta family"
"P0DP23","Calmodulin family"
"P0DP24","Calmodulin family"
"P0DP25","Calmodulin family"
"P0DPB3","SCHIP1 family"
"P0DPB6","Archaeal Rpo11/eukaryotic RPB11/RPC19 RNA polymerase subunit family"
"P0DPD6","Peptidase M13 family"
"P0DPD7","Methyltransferase superfamily"
"P0DPD8","Methyltransferase superfamily"
"P0DPD8"," Peptidase M13 family"
"P0DPH7","Tubulin family"
"P0DPH8","Tubulin family"
"P0DPK2","Histone H3 family"
"P0DPK3","NOTCH family"
"P0DPK4","NOTCH family"
"P0DPK5","Histone H3 family"
"P0DTE4","UDP-glycosyltransferase family"
"P0DTE5","UDP-glycosyltransferase family"
"P0DTE7","Glycosyl hydrolase 13 family"
"P0DTE8","Glycosyl hydrolase 13 family"
"P0DUB6","Glycosyl hydrolase 13 family"
"P10070","GLI C2H2-type zinc-finger protein family"
"P10071","GLI C2H2-type zinc-finger protein family"
"P10073","Krueppel C2H2-type zinc-finger protein family"
"P10074","Krueppel C2H2-type zinc-finger protein family"
"P10082","NPY family"
"P10092","Calcitonin family"
"P10109","Adrenodoxin/putidaredoxin family"
"P10114","Small GTPase superfamily, Ras family"
"P10124","Serglycin family"
"P10144","Peptidase S1 family, Granzyme subfamily"
"P10145","Intercrine alpha (chemokine CxC) family"
"P10147","Intercrine beta (chemokine CC) family"
"P10153","Pancreatic ribonuclease family"
"P10155","Ro 60 kDa family"
"P10176","Cytochrome c oxidase VIII family"
"P10253","Glycosyl hydrolase 31 family"
"P10265","Peptidase A2 family, HERV class-II K(HML-2) subfamily"
"P10275","Nuclear hormone receptor family, NR3 subfamily"
"P10276","Nuclear hormone receptor family, NR1 subfamily"
"P10301","Small GTPase superfamily, Ras family"
"P10323","Peptidase S1 family"
"P10398","Protein kinase superfamily, TKL Ser/Thr protein kinase family, RAF subfamily"
"P10412","Histone H1/H5 family"
"P10415","Bcl-2 family"
"P10451","Osteopontin family"
"P10515","2-oxoacid dehydrogenase family"
"P10523","Arrestin family"
"P10586","Protein-tyrosine phosphatase family, Receptor class 2A subfamily"
"P10588","Nuclear hormone receptor family, NR2 subfamily"
"P10589","Nuclear hormone receptor family, NR2 subfamily"
"P10599","Thioredoxin family"
"P10600","TGF-beta family"
"P10606","Cytochrome c oxidase subunit 5B family"
"P10619","Peptidase S10 family"
"P10620","MAPEG family"
"P10632","Cytochrome P450 family"
"P10635","Cytochrome P450 family"
"P10643","Complement C6/C7/C8/C9 family"
"P10644","CAMP-dependent kinase regulatory chain family"
"P10645","Chromogranin/secretogranin protein family"
"P10696","Alkaline phosphatase family"
"P10720","Intercrine alpha (chemokine CxC) family"
"P10721","Protein kinase superfamily, Tyr protein kinase family, CSF-1/PDGF receptor subfamily"
"P10745","Peptidase S41A family"
"P10746","Uroporphyrinogen-III synthase family"
"P10767","Heparin-binding growth factors family"
"P10768","Esterase D family"
"P10809","Chaperonin (HSP60) family"
"P10826","Nuclear hormone receptor family, NR1 subfamily"
"P10827","Nuclear hormone receptor family, NR1 subfamily"
"P10828","Nuclear hormone receptor family, NR1 subfamily"
"P10909","Clusterin family"
"P10911","MCF2 family"
"P10912","Type I cytokine receptor family, Type 1 subfamily"
"P10914","IRF family"
"P10915","HAPLN family"
"P10997","Calcitonin family"
"P11021","Heat shock protein 70 family"
"P11049","Tetraspanin (TM4SF) family"
"P11055","TRAFAC class myosin-kinesin ATPase superfamily, Myosin family"
"P11086","Class I-like SAM-binding methyltransferase superfamily, NNMT/PNMT/TEMT family"
"P11117","Histidine acid phosphatase family"
"P11142","Heat shock protein 70 family"
"P11150","AB hydrolase superfamily, Lipase family"
"P11161","EGR C2H2-type zinc-finger protein family"
"P11166","Major facilitator superfamily, Sugar transporter (TC 2.A.1.1) family, Glucose transporter subfamily"
"P11168","Major facilitator superfamily, Sugar transporter (TC 2.A.1.1) family, Glucose transporter subfamily"
"P11169","Major facilitator superfamily, Sugar transporter (TC 2.A.1.1) family, Glucose transporter subfamily"
"P11172","Purine/pyrimidine phosphoribosyltransferase family"
"P11172"," OMP decarboxylase family"
"P11182","2-oxoacid dehydrogenase family"
"P11215","Integrin alpha chain family"
"P11216","Glycogen phosphorylase family"
"P11217","Glycogen phosphorylase family"
"P11229","G-protein coupled receptor 1 family, Muscarinic acetylcholine receptor subfamily, CHRM1 sub-subfamily"
"P11230","Ligand-gated ion channel (TC 1.A.9) family, Acetylcholine receptor (TC 1.A.9.1) subfamily, Beta-1/CHRNB1 sub-subfamily"
"P11233","Small GTPase superfamily, Ras family"
"P11234","Small GTPase superfamily, Ras family"
"P11245","Arylamine N-acetyltransferase family"
"P11277","Spectrin family"
"P11279","LAMP family"
"P11308","ETS family"
"P11309","Protein kinase superfamily, CAMK Ser/Thr protein kinase family, PIM subfamily"
"P11310","Acyl-CoA dehydrogenase family"
"P11362","Protein kinase superfamily, Tyr protein kinase family, Fibroblast growth factor receptor subfamily"
"P11387","Type IB topoisomerase family"
"P11388","Type II topoisomerase family"
"P11413","Glucose-6-phosphate dehydrogenase family"
"P11464","Immunoglobulin superfamily, CEA family"
"P11473","Nuclear hormone receptor family, NR1 subfamily"
"P11474","Nuclear hormone receptor family, NR3 subfamily"
"P11487","Heparin-binding growth factors family"
"P11488","G-alpha family, G(i/o/t/z) subfamily"
"P11509","Cytochrome P450 family"
"P11511","Cytochrome P450 family"
"P11586","Tetrahydrofolate dehydrogenase/cyclohydrolase family"
"P11586"," Formate--tetrahydrofolate ligase family"
"P11597","BPI/LBP/Plunc superfamily, BPI/LBP family"
"P11678","Peroxidase family, XPO subfamily"
"P11684","Secretoglobin family"
"P11712","Cytochrome P450 family"
"P11717","MRL1/IGF2R family"
"P11766","Zinc-containing alcohol dehydrogenase family, Class-III subfamily"
"P11801","Protein kinase superfamily, CAMK Ser/Thr protein kinase family"
"P11802","Protein kinase superfamily, CMGC Ser/Thr protein kinase family, CDC2/CDKX subfamily"
"P11836","MS4A family"
"P11908","Ribose-phosphate pyrophosphokinase family"
"P11926","Orn/Lys/Arg decarboxylase class-II family"
"P11940","Polyadenylate-binding protein type-1 family"
"P12004","PCNA family"
"P12018","Immunoglobulin superfamily"
"P12034","Heparin-binding growth factors family"
"P12035","Intermediate filament family"
"P12036","Intermediate filament family"
"P12074","Cytochrome c oxidase subunit 6A family"
"P12081","Class-II aminoacyl-tRNA synthetase family"
"P12104","Calycin superfamily, Fatty-acid binding protein (FABP) family"
"P12107","Fibrillar collagen family"
"P12109","Type VI collagen family"
"P12110","Type VI collagen family"
"P12111","Type VI collagen family"
"P12235","Mitochondrial carrier (TC 2.A.29) family"
"P12236","Mitochondrial carrier (TC 2.A.29) family"
"P12259","Multicopper oxidase family"
"P12268","IMPDH/GMPR family"
"P12270","TPR family"
"P12272","Parathyroid hormone family"
"P12273","PIP family"
"P12277","ATP:guanido phosphotransferase family"
"P12314","Immunoglobulin superfamily, FCGR1 family"
"P12429","Annexin family"
"P12532","ATP:guanido phosphotransferase family"
"P12544","Peptidase S1 family, Granzyme subfamily"
"P12643","TGF-beta family"
"P12644","TGF-beta family"
"P12645","TGF-beta family"
"P12694","BCKDHA family"
"P12724","Pancreatic ribonuclease family"
"P12755","SKI family"
"P12757","SKI family"
"P12814","Alpha-actinin family"
"P12821","Peptidase M2 family"
"P12838","Alpha-defensin family"
"P12882","TRAFAC class myosin-kinesin ATPase superfamily, Myosin family"
"P12883","TRAFAC class myosin-kinesin ATPase superfamily, Myosin family"
"P12931","Protein kinase superfamily, Tyr protein kinase family, SRC subfamily"
"P12955","Peptidase M24B family, Eukaryotic-type prolidase subfamily"
"P12956","Ku70 family"
"P13010","Ku80 family"
"P13051","Uracil-DNA glycosylase (UDG) superfamily, UNG family"
"P13056","Nuclear hormone receptor family, NR2 subfamily"
"P13073","Cytochrome c oxidase IV family"
"P13164","CD225/Dispanin family"
"P13196","Class-II pyridoxal-phosphate-dependent aminotransferase family"
"P13232","IL-7/IL-9 family"
"P13236","Intercrine beta (chemokine CC) family"
"P13284","GILT family"
"P13378","Antp homeobox family"
"P13385","EGF-CFC (Cripto-1/FRL1/Cryptic) family"
"P13473","LAMP family"
"P13498","P22phox family"
"P13500","Intercrine beta (chemokine CC) family"
"P13501","Intercrine beta (chemokine CC) family"
"P13521","Chromogranin/secretogranin protein family"
"P13533","TRAFAC class myosin-kinesin ATPase superfamily, Myosin family"
"P13535","TRAFAC class myosin-kinesin ATPase superfamily, Myosin family"
"P13569","ABC transporter superfamily, ABCC family, CFTR transporter (TC 3.A.1.202) subfamily"
"P13584","Cytochrome P450 family"
"P13598","Immunoglobulin superfamily, ICAM family"
"P13611","Aggrecan/versican proteoglycan family"
"P13612","Integrin alpha chain family"
"P13631","Nuclear hormone receptor family, NR1 subfamily"
"P13637","Cation transport ATPase (P-type) (TC 3.A.3) family, Type IIC subfamily"
"P13639","TRAFAC class translation factor GTPase superfamily, Classic translation factor GTPase family, EF-G/EF-2 subfamily"
"P13640","Metallothionein superfamily, Type 1 family"
"P13645","Intermediate filament family"
"P13646","Intermediate filament family"
"P13647","Intermediate filament family"
"P13667","Protein disulfide isomerase family"
"P13671","Complement C6/C7/C8/C9 family"
"P13674","P4HA family"
"P13682","Krueppel C2H2-type zinc-finger protein family"
"P13686","Metallophosphoesterase superfamily, Purple acid phosphatase family"
"P13688","Immunoglobulin superfamily, CEA family"
"P13693","TCTP family"
"P13716","ALAD family"
"P13725","LIF/OSM family"
"P13726","Tissue factor family"
"P13747","MHC class I family"
"P13762","MHC class II family"
"P13765","MHC class II family"
"P13798","Peptidase S9C family"
"P13804","ETF alpha-subunit/FixB family"
"P13805","Troponin T family"
"P13807","Glycosyltransferase 3 family"
"P13861","CAMP-dependent kinase regulatory chain family"
"P13866","Sodium:solute symporter (SSF) (TC 2.A.21) family"
"P13928","Annexin family"
"P13929","Enolase family"
"P13942","Fibrillar collagen family"
"P13945","G-protein coupled receptor 1 family, Adrenergic receptor subfamily, ADRB3 sub-subfamily"
"P13984","TFIIF beta subunit family"
"P13994","CWC16 family"
"P13995","Tetrahydrofolate dehydrogenase/cyclohydrolase family"
"P14060","3-beta-HSD family"
"P14061","Short-chain dehydrogenases/reductases (SDR) family"
"P14091","Peptidase A1 family"
"P14136","Intermediate filament family"
"P14138","Endothelin/sarafotoxin family"
"P14151","Selectin/LECAM family"
"P14174","MIF family"
"P14207","Folate receptor family"
"P14209","CD99 family"
"P14210","Peptidase S1 family, Plasminogen subfamily"
"P14222","Complement C6/C7/C8/C9 family"
"P14316","IRF family"
"P14324","FPP/GGPP synthase family"
"P14373","TRIM/RBCC family"
"P14384","Peptidase M14 family"
"P14406","Cytochrome c oxidase VIIa family"
"P14410","Glycosyl hydrolase 31 family"
"P14415","X(+)/potassium ATPases subunit beta family"
"P14416","G-protein coupled receptor 1 family"
"P14550","Aldo/keto reductase family"
"P14555","Phospholipase A2 family"
"P14616","Protein kinase superfamily, Tyr protein kinase family, Insulin receptor subfamily"
"P14618","Pyruvate kinase family"
"P14625","Heat shock protein 90 family"
"P14635","Cyclin family, Cyclin AB subfamily"
"P14651","Antp homeobox family"
"P14652","Antp homeobox family, Proboscipedia subfamily"
"P14653","Antp homeobox family, Labial subfamily"
"P14672","Major facilitator superfamily, Sugar transporter (TC 2.A.1.1) family, Glucose transporter subfamily"
"P14678","SnRNP SmB/SmN family"
"P14679","Tyrosinase family"
"P14735","Peptidase M16 family"
"P14778","Interleukin-1 receptor family"
"P14780","Peptidase M10A family"
"P14784","Type I cytokine receptor family, Type 4 subfamily"
"P14854","Cytochrome c oxidase subunit 6B family"
"P14859","POU transcription factor family, Class-2 subfamily"
"P14867","Ligand-gated ion channel (TC 1.A.9) family, Gamma-aminobutyric acid receptor (TC 1.A.9.5) subfamily, GABRA1 sub-subfamily"
"P14868","Class-II aminoacyl-tRNA synthetase family, Type 2 subfamily"
"P14902","Indoleamine 2,3-dioxygenase family"
"P14920","DAMOX/DASOX family"
"P14921","ETS family"
"P14923","Beta-catenin family"
"P14927","UQCRB/QCR7 family"
"P15018","LIF/OSM family"
"P15036","ETS family"
"P15056","Protein kinase superfamily, TKL Ser/Thr protein kinase family, RAF subfamily"
"P15085","Peptidase M14 family"
"P15086","Peptidase M14 family"
"P15090","Calycin superfamily, Fatty-acid binding protein (FABP) family"
"P15104","Glutamine synthetase family"
"P15121","Aldo/keto reductase family"
"P15144","Peptidase M1 family"
"P15151","Nectin family"
"P15153","Small GTPase superfamily, Rho family"
"P15169","Peptidase M14 family"
"P15170","TRAFAC class translation factor GTPase superfamily, Classic translation factor GTPase family, ERF3 subfamily"
"P15248","IL-7/IL-9 family"
"P15259","Phosphoglycerate mutase family, BPG-dependent PGAM subfamily"
"P15260","Type II cytokine receptor family"
"P15289","Sulfatase family"
"P15291","Glycosyltransferase 7 family"
"P15309","Histidine acid phosphatase family"
"P15313","ATPase alpha/beta chains family"
"P15328","Folate receptor family"
"P15336","BZIP family, ATF subfamily"
"P15374","Peptidase C12 family"
"P15382","Potassium channel KCNE family"
"P15407","BZIP family, Fos subfamily"
"P15408","BZIP family, Fos subfamily"
"P15428","Short-chain dehydrogenases/reductases (SDR) family"
"P15502","Elastin family"
"P15509","Type I cytokine receptor family, Type 5 subfamily"
"P15514","Amphiregulin family"
"P15515","Histatin/statherin family"
"P15516","Histatin/statherin family"
"P15531","NDK family"
"P15538","Cytochrome P450 family"
"P15559","NAD(P)H dehydrogenase (quinone) family"
"P15586","Sulfatase family"
"P15622","Krueppel C2H2-type zinc-finger protein family"
"P15692","PDGF/VEGF growth factor family"
"P15735","Protein kinase superfamily, CAMK Ser/Thr protein kinase family"
"P15848","Sulfatase family"
"P15880","Universal ribosomal protein uS5 family"
"P15907","Glycosyltransferase 29 family"
"P15918","RAG1 family"
"P15924","Plakin or cytolinker family"
"P15927","Replication factor A protein 2 family"
"P15954","Cytochrome c oxidase VIIc family"
"P16035","Protease inhibitor I35 (TIMP) family"
"P16050","Lipoxygenase family"
"P16066","Adenylyl cyclase class-4/guanylyl cyclase family"
"P16083","NAD(P)H dehydrogenase (quinone) family"
"P16104","Histone H2A family"
"P16109","Selectin/LECAM family"
"P16112","Aggrecan/versican proteoglycan family"
"P16118","Phosphoglycerate mutase family"
"P16144","Integrin beta chain family"
"P16152","Short-chain dehydrogenases/reductases (SDR) family"
"P16219","Acyl-CoA dehydrogenase family"
"P16220","BZIP family"
"P16233","AB hydrolase superfamily, Lipase family"
"P16234","Protein kinase superfamily, Tyr protein kinase family, CSF-1/PDGF receptor subfamily"
"P16278","Glycosyl hydrolase 35 family"
"P16298","PPP phosphatase family, PP-2B subfamily"
"P16383","GCF family"
"P16389","Potassium channel family, A (Shaker) (TC 1.A.1.2) subfamily, Kv1.2/KCNA2 sub-subfamily"
"P16401","Histone H1/H5 family"
"P16402","Histone H1/H5 family"
"P16403","Histone H1/H5 family"
"P16422","EPCAM family"
"P16435","NADPH--cytochrome P450 reductase family"
"P16435"," Flavodoxin family"
"P16435"," Flavoprotein pyridine nucleotide cytochrome reductase family"
"P16442","Glycosyltransferase 6 family"
"P16444","Metallo-dependent hydrolases superfamily, Peptidase M19 family"
"P16452","Transglutaminase superfamily, Transglutaminase family"
"P16455","MGMT family"
"P16471","Type I cytokine receptor family, Type 1 subfamily"
"P16473","G-protein coupled receptor 1 family, FSH/LSH/TSH subfamily"
"P16499","Cyclic nucleotide phosphodiesterase family"
"P16519","Peptidase S8 family, Furin subfamily"
"P16520","WD repeat G protein beta family"
"P16581","Selectin/LECAM family"
"P16591","Protein kinase superfamily, Tyr protein kinase family, Fes/fps subfamily"
"P16615","Cation transport ATPase (P-type) (TC 3.A.3) family, Type IIA subfamily"
"P16619","Intercrine beta (chemokine CC) family"
"P16662","UDP-glycosyltransferase family"
"P16671","CD36 family"
"P16860","Natriuretic peptide family"
"P16870","Peptidase M14 family"
"P16871","Type I cytokine receptor family, Type 4 subfamily"
"P16930","FAH family"
"P16949","Stathmin family"
"P17010","Krueppel C2H2-type zinc-finger protein family, ZFX/ZFY subfamily"
"P17014","Krueppel C2H2-type zinc-finger protein family"
"P17020","Krueppel C2H2-type zinc-finger protein family"
"P17021","Krueppel C2H2-type zinc-finger protein family"
"P17022","Krueppel C2H2-type zinc-finger protein family"
"P17023","Krueppel C2H2-type zinc-finger protein family"
"P17024","Krueppel C2H2-type zinc-finger protein family"
"P17027","Krueppel C2H2-type zinc-finger protein family"
"P17028","Krueppel C2H2-type zinc-finger protein family"
"P17036","Krueppel C2H2-type zinc-finger protein family"
"P17040","Krueppel C2H2-type zinc-finger protein family"
"P17041","Krueppel C2H2-type zinc-finger protein family"
"P17050","Glycosyl hydrolase 27 family"
"P17066","Heat shock protein 70 family"
"P17081","Small GTPase superfamily, Rho family"
"P17096","HMGA family"
"P17152","TMEM11 family"
"P17174","Class-I pyridoxal-phosphate-dependent aminotransferase family"
"P17181","Type II cytokine receptor family"
"P17213","BPI/LBP/Plunc superfamily, BPI/LBP family"
"P17252","Protein kinase superfamily, AGC Ser/Thr protein kinase family, PKC subfamily"
"P17275","BZIP family, Jun subfamily"
"P17301","Integrin alpha chain family"
"P17302","Connexin family, Alpha-type (group II) subfamily"
"P17342","ANF receptor family"
"P17405","Acid sphingomyelinase family"
"P17481","Antp homeobox family"
"P17482","Abd-B homeobox family"
"P17483","Antp homeobox family, Deformed subfamily"
"P17509","Antp homeobox family"
"P17516","Aldo/keto reductase family"
"P17535","BZIP family, Jun subfamily"
"P17540","ATP:guanido phosphotransferase family"
"P17544","BZIP family"
"P17568","Complex I NDUFB7 subunit family"
"P17600","Synapsin family"
"P17612","Protein kinase superfamily, AGC Ser/Thr protein kinase family, cAMP subfamily"
"P17643","Tyrosinase family"
"P17655","Peptidase C2 family"
"P17658","Potassium channel family, A (Shaker) (TC 1.A.1.2) subfamily, Kv1.6/KCNA6 sub-subfamily"
"P17661","Intermediate filament family"
"P17676","BZIP family, C/EBP subfamily"
"P17677","Neuromodulin family"
"P17693","MHC class I family"
"P17706","Protein-tyrosine phosphatase family, Non-receptor class 1 subfamily"
"P17707","Eukaryotic AdoMetDC family"
"P17735","Class-I pyridoxal-phosphate-dependent aminotransferase family"
"P17752","Biopterin-dependent aromatic amino acid hydroxylase family"
"P17787","Ligand-gated ion channel (TC 1.A.9) family, Acetylcholine receptor (TC 1.A.9.1) subfamily, Beta-2/CHRNB2 sub-subfamily"
"P17812","CTP synthase family"
"P17844","DEAD box helicase family, DDX5/DBP2 subfamily"
"P17858","Phosphofructokinase type A (PFKA) family, ATP-dependent PFK group I subfamily, Eukaryotic two domain clade 'E' sub-subfamily"
"P17861","BZIP family"
"P17927","Receptors of complement activation (RCA) family"
"P17947","ETS family"
"P17948","Protein kinase superfamily, Tyr protein kinase family, CSF-1/PDGF receptor subfamily"
"P17980","AAA ATPase family"
"P17987","TCP-1 chaperonin family"
"P18031","Protein-tyrosine phosphatase family, Non-receptor class 1 subfamily"
"P18054","Lipoxygenase family"
"P18074","Helicase family, RAD3/XPD subfamily"
"P18075","TGF-beta family"
"P18077","Eukaryotic ribosomal protein eL33 family"
"P18084","Integrin beta chain family"
"P18085","Small GTPase superfamily, Arf family"
"P18089","G-protein coupled receptor 1 family, Adrenergic receptor subfamily, ADRA2B sub-subfamily"
"P18124","Universal ribosomal protein uL30 family"
"P18146","EGR C2H2-type zinc-finger protein family"
"P18206","Vinculin/alpha-catenin family"
"P18283","Glutathione peroxidase family"
"P18405","Steroid 5-alpha reductase family"
"P18428","BPI/LBP/Plunc superfamily, BPI/LBP family"
"P18433","Protein-tyrosine phosphatase family, Receptor class 4 subfamily"
"P18440","Arylamine N-acetyltransferase family"
"P18505","Ligand-gated ion channel (TC 1.A.9) family, Gamma-aminobutyric acid receptor (TC 1.A.9.5) subfamily, GABRB1 sub-subfamily"
"P18507","Ligand-gated ion channel (TC 1.A.9) family, Gamma-aminobutyric acid receptor (TC 1.A.9.5) subfamily, GABRG2 sub-subfamily"
"P18509","Glucagon family"
"P18510","IL-1 family"
"P18545","Rod/cone cGMP-PDE gamma subunit family"
"P18564","Integrin beta chain family"
"P18577","Ammonium transporter (TC 2.A.49) family, Rh subfamily"
"P18615","RRM NELF-E family"
"P18621","Universal ribosomal protein uL22 family"
"P18627","LAG3 family"
"P18669","Phosphoglycerate mutase family, BPG-dependent PGAM subfamily"
"P18825","G-protein coupled receptor 1 family, Adrenergic receptor subfamily, ADRA2C sub-subfamily"
"P18827","Syndecan proteoglycan family"
"P18846","BZIP family, ATF subfamily"
"P18847","BZIP family, ATF subfamily"
"P18848","BZIP family"
"P18850","BZIP family, ATF subfamily"
"P18858","ATP-dependent DNA ligase family"
"P18859","Eukaryotic ATPase subunit F6 family"
"P19012","Intermediate filament family"
"P19013","Intermediate filament family"
"P19021","Peptidyl-alpha-hydroxyglycine alpha-amidating lyase family"
"P19021"," Copper type II ascorbate-dependent monooxygenase family"
"P19075","Tetraspanin (TM4SF) family"
"P19086","G-alpha family, G(i/o/t/z) subfamily"
"P19087","G-alpha family, G(i/o/t/z) subfamily"
"P19099","Cytochrome P450 family"
"P19113","Group II decarboxylase family"
"P19224","UDP-glycosyltransferase family"
"P19235","Type I cytokine receptor family, Type 1 subfamily"
"P19237","Troponin I family"
"P19367","Hexokinase family"
"P19387","Archaeal Rpo3/eukaryotic RPB3 RNA polymerase subunit family"
"P19388","Archaeal Rpo5/eukaryotic RPB5 RNA polymerase subunit family"
"P19397","Tetraspanin (TM4SF) family"
"P19404","Complex I 24 kDa subunit family"
"P19419","ETS family"
"P19429","Troponin I family"
"P19440","Gamma-glutamyltransferase family"
"P19447","Helicase family, RAD25/XPB subfamily"
"P19474","TRIM/RBCC family"
"P19484","MiT/TFE family"
"P19525","Protein kinase superfamily, Ser/Thr protein kinase family, GCN2 subfamily"
"P19526","Glycosyltransferase 11 family"
"P19532","MiT/TFE family"
"P19544","EGR C2H2-type zinc-finger protein family"
"P19622","Engrailed homeobox family"
"P19623","Spermidine/spermine synthase family"
"P19634","Monovalent cation:proton antiporter 1 (CPA1) transporter (TC 2.A.36) family"
"P19652","Calycin superfamily, Lipocalin family"
"P19784","Protein kinase superfamily, Ser/Thr protein kinase family, CK2 subfamily"
"P19793","Nuclear hormone receptor family, NR2 subfamily"
"P19801","Copper/topaquinone oxidase family"
"P19823","ITIH family"
"P19827","ITIH family"
"P19835","Type-B carboxylesterase/lipase family"
"P19875","Intercrine alpha (chemokine CxC) family"
"P19876","Intercrine alpha (chemokine CxC) family"
"P19878","NCF2/NOXA1 family"
"P19971","Thymidine/pyrimidine-nucleoside phosphorylase family"
"P20020","Cation transport ATPase (P-type) (TC 3.A.3) family, Type IIB subfamily"
"P20023","Receptors of complement activation (RCA) family"
"P20036","MHC class II family"
"P20042","EIF-2-beta/eIF-5 family"
"P20061","Eukaryotic cobalamin transport proteins family"
"P20062","Eukaryotic cobalamin transport proteins family"
"P20073","Annexin family"
"P20132","Serine/threonine dehydratase family"
"P20138","Immunoglobulin superfamily, SIGLEC (sialic acid binding Ig-like lectin) family"
"P20142","Peptidase A1 family"
"P20151","Peptidase S1 family, Kallikrein subfamily"
"P20160","Peptidase S1 family, Elastase subfamily"
"P20226","TBP family"
"P20231","Peptidase S1 family, Tryptase subfamily"
"P20248","Cyclin family, Cyclin AB subfamily"
"P20264","POU transcription factor family, Class-3 subfamily"
"P20265","POU transcription factor family, Class-3 subfamily"
"P20273","Immunoglobulin superfamily, SIGLEC (sialic acid binding Ig-like lectin) family"
"P20290","NAC-beta family"
"P20292","MAPEG family"
"P20309","G-protein coupled receptor 1 family, Muscarinic acetylcholine receptor subfamily, CHRM3 sub-subfamily"
"P20336","Small GTPase superfamily, Rab family"
"P20337","Small GTPase superfamily, Rab family"
"P20338","Small GTPase superfamily, Rab family"
"P20339","Small GTPase superfamily, Rab family"
"P20340","Small GTPase superfamily, Rab family"
"P20366","Tachykinin family"
"P20393","Nuclear hormone receptor family, NR1 subfamily"
"P20396","TRH family"
"P20472","Parvalbumin family"
"P20585","DNA mismatch repair MutS family, MSH3 subfamily"
"P20591","TRAFAC class dynamin-like GTPase superfamily, Dynamin/Fzo/YdjA family"
"P20592","TRAFAC class dynamin-like GTPase superfamily, Dynamin/Fzo/YdjA family"
"P20594","Adenylyl cyclase class-4/guanylyl cyclase family"
"P20618","Peptidase T1B family"
"P20648","Cation transport ATPase (P-type) (TC 3.A.3) family, Type IIC subfamily"
"P20671","Histone H2A family"
"P20674","Cytochrome c oxidase subunit 5A family"
"P20700","Intermediate filament family"
"P20701","Integrin alpha chain family"
"P20702","Integrin alpha chain family"
"P20711","Group II decarboxylase family"
"P20718","Peptidase S1 family, Granzyme subfamily"
"P20719","Antp homeobox family"
"P20742","Protease inhibitor I39 (alpha-2-macroglobulin) family"
"P20774","Small leucine-rich proteoglycan (SLRP) family, SLRP class III subfamily"
"P20783","NGF-beta family"
"P20794","Protein kinase superfamily, CMGC Ser/Thr protein kinase family, CDC2/CDKX subfamily"
"P20800","Endothelin/sarafotoxin family"
"P20807","Peptidase C2 family"
"P20809","IL-6 superfamily"
"P20810","Protease inhibitor I27 (calpastatin) family"
"P20813","Cytochrome P450 family"
"P20815","Cytochrome P450 family"
"P20823","HNF1 homeobox family"
"P20827","Ephrin family"
"P20839","IMPDH/GMPR family"
"P20848","Serpin family"
"P20849","Fibril-associated collagens with interrupted helices (FACIT) family"
"P20853","Cytochrome P450 family"
"P20908","Fibrillar collagen family"
"P20916","Immunoglobulin superfamily, SIGLEC (sialic acid binding Ig-like lectin) family"
"P20930","S100-fused protein family"
"P20933","Ntn-hydrolase family"
"P20941","Phosducin family"
"P20963","CD3Z/FCER1G family"
"P21108","Ribose-phosphate pyrophosphokinase family"
"P21127","Protein kinase superfamily, CMGC Ser/Thr protein kinase family, CDC2/CDKX subfamily"
"P21128","ENDOU family"
"P21145","MAL family"
"P21217","Glycosyltransferase 10 family"
"P21246","Pleiotrophin family"
"P21266","GST superfamily, Mu family"
"P21281","ATPase alpha/beta chains family"
"P21283","V-ATPase C subunit family"
"P21333","Filamin family"
"P21397","Flavin monoamine oxidase family"
"P21399","Aconitase/IPM isomerase family"
"P21439","ABC transporter superfamily, ABCB family, Multidrug resistance exporter (TC 3.A.1.201) subfamily"
"P21452","G-protein coupled receptor 1 family"
"P21453","G-protein coupled receptor 1 family"
"P21462","G-protein coupled receptor 1 family"
"P21549","Class-V pyridoxal-phosphate-dependent aminotransferase family"
"P21554","G-protein coupled receptor 1 family"
"P21579","Synaptotagmin family"
"P21580","Peptidase C64 family"
"P21583","SCF family"
"P21589","5'-nucleotidase family"
"P21673","Acetyltransferase family"
"P21675","TAF1 family"
"P21695","NAD-dependent glycerol-3-phosphate dehydrogenase family"
"P21709","Protein kinase superfamily, Tyr protein kinase family, Ephrin receptor subfamily"
"P21728","G-protein coupled receptor 1 family"
"P21730","G-protein coupled receptor 1 family"
"P21731","G-protein coupled receptor 1 family"
"P21741","Pleiotrophin family"
"P21754","ZP domain family, ZPC subfamily"
"P21781","Heparin-binding growth factors family"
"P21796","Eukaryotic mitochondrial porin family"
"P21802","Protein kinase superfamily, Tyr protein kinase family, Fibroblast growth factor receptor subfamily"
"P21810","Small leucine-rich proteoglycan (SLRP) family, SLRP class I subfamily"
"P21817","Ryanodine receptor (TC 1.A.3.1) family, RYR1 subfamily"
"P21860","Protein kinase superfamily, Tyr protein kinase family, EGF receptor subfamily"
"P21912","Succinate dehydrogenase/fumarate reductase iron-sulfur protein family"
"P21917","G-protein coupled receptor 1 family"
"P21918","G-protein coupled receptor 1 family"
"P21926","Tetraspanin (TM4SF) family"
"P21964","Class I-like SAM-binding methyltransferase superfamily, Cation-dependent O-methyltransferase family"
"P21980","Transglutaminase superfamily, Transglutaminase family"
"P22001","Potassium channel family, A (Shaker) (TC 1.A.1.2) subfamily, Kv1.3/KCNA3 sub-subfamily"
"P22003","TGF-beta family"
"P22004","TGF-beta family"
"P22033","Methylmalonyl-CoA mutase family"
"P22059","OSBP family"
"P22061","Methyltransferase superfamily, L-isoaspartyl/D-aspartyl protein methyltransferase family"
"P22079","Peroxidase family, XPO subfamily"
"P22083","Glycosyltransferase 10 family"
"P22087","Methyltransferase superfamily, Fibrillarin family"
"P22102","GARS family"
"P22102"," AIR synthase family"
"P22102"," GART family"
"P22105","Tenascin family"
"P22234","SAICAR synthetase family"
"P22234"," AIR carboxylase family, Class II subfamily"
"P22301","IL-10 family"
"P22303","Type-B carboxylesterase/lipase family"
"P22304","Sulfatase family"
"P22307","Thiolase-like superfamily, Thiolase family"
"P22309","UDP-glycosyltransferase family"
"P22310","UDP-glycosyltransferase family"
"P22314","Ubiquitin-activating E1 family"
"P22352","Glutathione peroxidase family"
"P22362","Intercrine beta (chemokine CC) family"
"P22392","NDK family"
"P22413","Nucleotide pyrophosphatase/phosphodiesterase family"
"P22455","Protein kinase superfamily, Tyr protein kinase family, Fibroblast growth factor receptor subfamily"
"P22459","Potassium channel family, A (Shaker) (TC 1.A.1.2) subfamily, Kv1.4/KCNA4 sub-subfamily"
"P22460","Potassium channel family, A (Shaker) (TC 1.A.1.2) subfamily, Kv1.5/KCNA5 sub-subfamily"
"P22466","Galanin family"
"P22492","Histone H1/H5 family"
"P22528","Cornifin (SPRR) family"
"P22557","Class-II pyridoxal-phosphate-dependent aminotransferase family"
"P22570","Ferredoxin--NADP reductase type 1 family"
"P22607","Protein kinase superfamily, Tyr protein kinase family, Fibroblast growth factor receptor subfamily"
"P22612","Protein kinase superfamily, AGC Ser/Thr protein kinase family, cAMP subfamily"
"P22670","RFX family"
"P22674","Cyclin family"
"P22680","Cytochrome P450 family"
"P22694","Protein kinase superfamily, AGC Ser/Thr protein kinase family, cAMP subfamily"
"P22695","Peptidase M16 family, UQCRC2/QCR2 subfamily"
"P22732","Major facilitator superfamily, Sugar transporter (TC 2.A.1.1) family, Glucose transporter subfamily"
"P22735","Transglutaminase superfamily, Transglutaminase family"
"P22736","Nuclear hormone receptor family, NR4 subfamily"
"P22748","Alpha-carbonic anhydrase family"
"P22760","'GDXG' lipolytic enzyme family"
"P22794","EVI2A family"
"P22830","Ferrochelatase family"
"P22888","G-protein coupled receptor 1 family, FSH/LSH/TSH subfamily"
"P22891","Peptidase S1 family"
"P22894","Peptidase M10A family"
"P22914","Beta/gamma-crystallin family"
"P23025","XPA family"
"P23109","Metallo-dependent hydrolases superfamily, Adenosine and AMP deaminases family"
"P23141","Type-B carboxylesterase/lipase family"
"P23142","Fibulin family"
"P23193","TFS-II family"
"P23219","Prostaglandin G/H synthase family"
"P23229","Integrin alpha chain family"
"P23258","Tubulin family"
"P23276","Peptidase M13 family"
"P23280","Alpha-carbonic anhydrase family"
"P23284","Cyclophilin-type PPIase family, PPIase B subfamily"
"P23297","S-100 family"
"P23327","HRC family"
"P23368","Malic enzymes family"
"P23378","GcvP family"
"P23381","Class-I aminoacyl-tRNA synthetase family"
"P23396","Universal ribosomal protein uS3 family"
"P23415","Ligand-gated ion channel (TC 1.A.9) family, Glycine receptor (TC 1.A.9.3) subfamily, GLRA1 sub-subfamily"
"P23416","Ligand-gated ion channel (TC 1.A.9) family, Glycine receptor (TC 1.A.9.3) subfamily, GLRA2 sub-subfamily"
"P23434","GcvH family"
"P23443","Protein kinase superfamily, AGC Ser/Thr protein kinase family, S6 kinase subfamily"
"P23458","Protein kinase superfamily, Tyr protein kinase family, JAK subfamily"
"P23467","Protein-tyrosine phosphatase family, Receptor class 3 subfamily"
"P23468","Protein-tyrosine phosphatase family, Receptor class 2A subfamily"
"P23469","Protein-tyrosine phosphatase family, Receptor class 4 subfamily"
"P23470","Protein-tyrosine phosphatase family, Receptor class 5 subfamily"
"P23471","Protein-tyrosine phosphatase family, Receptor class 5 subfamily"
"P23508","MCC family"
"P23510","Tumor necrosis factor family"
"P23511","NFYA/HAP2 subunit family"
"P23526","Adenosylhomocysteinase family"
"P23527","Histone H2B family"
"P23528","Actin-binding proteins ADF family"
"P23560","NGF-beta family"
"P23582","Natriuretic peptide family"
"P23634","Cation transport ATPase (P-type) (TC 3.A.3) family, Type IIB subfamily"
"P23677","Inositol phosphokinase (IPK) family"
"P23743","Eukaryotic diacylglycerol kinase family"
"P23759","Paired homeobox family"
"P23760","Paired homeobox family"
"P23763","Synaptobrevin family"
"P23786","Carnitine/choline acetyltransferase family"
"P23919","Thymidylate kinase family"
"P23921","Ribonucleoside diphosphate reductase large chain family"
"P23942","PRPH2/ROM1 family"
"P23945","G-protein coupled receptor 1 family, FSH/LSH/TSH subfamily"
"P23946","Peptidase S1 family, Granzyme subfamily"
"P23975","Sodium:neurotransmitter symporter (SNF) (TC 2.A.22) family, SLC6A2 subfamily"
"P24046","Ligand-gated ion channel (TC 1.A.9) family, Gamma-aminobutyric acid receptor (TC 1.A.9.5) subfamily, GABRR1 sub-subfamily"
"P24158","Peptidase S1 family, Elastase subfamily"
"P24298","Class-I pyridoxal-phosphate-dependent aminotransferase family, Alanine aminotransferase subfamily"
"P24310","Cytochrome c oxidase VIIa family"
"P24311","Cytochrome c oxidase VIIb family"
"P24347","Peptidase M10A family"
"P24385","Cyclin family, Cyclin D subfamily"
"P24386","Rab GDI family"
"P24387","CRF-binding protein family"
"P24390","ERD2 family"
"P24394","Type I cytokine receptor family, Type 4 subfamily"
"P24462","Cytochrome P450 family"
"P24468","Nuclear hormone receptor family, NR2 subfamily"
"P24522","GADD45 family"
"P24530","G-protein coupled receptor 1 family, Endothelin receptor subfamily, EDNRB sub-subfamily"
"P24534","EF-1-beta/EF-1-delta family"
"P24539","Eukaryotic ATPase B chain family"
"P24557","Cytochrome P450 family"
"P24666","Low molecular weight phosphotyrosine protein phosphatase family"
"P24723","Protein kinase superfamily, AGC Ser/Thr protein kinase family, PKC subfamily"
"P24752","Thiolase-like superfamily, Thiolase family"
"P24821","Tenascin family"
"P24855","DNase I family"
"P24863","Cyclin family, Cyclin C subfamily"
"P24864","Cyclin family, Cyclin E subfamily"
"P24903","Cytochrome P450 family"
"P24928","RNA polymerase beta' chain family"
"P24941","Protein kinase superfamily, CMGC Ser/Thr protein kinase family, CDC2/CDKX subfamily"
"P25021","G-protein coupled receptor 1 family"
"P25024","G-protein coupled receptor 1 family"
"P25025","G-protein coupled receptor 1 family"
"P25054","Adenomatous polyposis coli (APC) family"
"P25063","CD24 family"
"P25089","G-protein coupled receptor 1 family"
"P25090","G-protein coupled receptor 1 family"
"P25092","Adenylyl cyclase class-4/guanylyl cyclase family"
"P25098","Protein kinase superfamily, AGC Ser/Thr protein kinase family, GPRK subfamily"
"P25100","G-protein coupled receptor 1 family, Adrenergic receptor subfamily, ADRA1D sub-subfamily"
"P25101","G-protein coupled receptor 1 family, Endothelin receptor subfamily, EDNRA sub-subfamily"
"P25103","G-protein coupled receptor 1 family"
"P25105","G-protein coupled receptor 1 family"
"P25106","G-protein coupled receptor 1 family, Atypical chemokine receptor subfamily"
"P25116","G-protein coupled receptor 1 family"
"P25189","Myelin P0 protein family"
"P25205","MCM family"
"P25208","NFYB/HAP3 subunit family"
"P25311","MHC class I family"
"P25398","Eukaryotic ribosomal protein eS12 family"
"P25440","BET family"
"P25490","YY transcription factor family"
"P25705","ATPase alpha/beta chains family"
"P25713","Metallothionein superfamily, Type 1 family"
"P25774","Peptidase C1 family"
"P25786","Peptidase T1A family"
"P25787","Peptidase T1A family"
"P25788","Peptidase T1A family"
"P25789","Peptidase T1A family"
"P25815","S-100 family"
"P25874","Mitochondrial carrier (TC 2.A.29) family"
"P25929","G-protein coupled receptor 1 family"
"P25940","Fibrillar collagen family"
"P25963","NF-kappa-B inhibitor family"
"P26006","Integrin alpha chain family"
"P26010","Integrin beta chain family"
"P26012","Integrin beta chain family"
"P26045","Protein-tyrosine phosphatase family, Non-receptor class subfamily"
"P26196","DEAD box helicase family, DDX6/DHH1 subfamily"
"P26232","Vinculin/alpha-catenin family"
"P26358","Class I-like SAM-binding methyltransferase superfamily, C5-methyltransferase family"
"P26367","Paired homeobox family"
"P26368","Splicing factor SR family"
"P26371","KRTAP type 5 family"
"P26373","Eukaryotic ribosomal protein eL13 family"
"P26374","Rab GDI family"
"P26378","RRM elav family"
"P26439","3-beta-HSD family"
"P26440","Acyl-CoA dehydrogenase family"
"P26441","CNTF family"
"P26447","S-100 family"
"P26572","Glycosyltransferase 13 family"
"P26583","HMGB family"
"P26639","Class-II aminoacyl-tRNA synthetase family"
"P26640","Class-I aminoacyl-tRNA synthetase family"
"P26678","Phospholamban family"
"P26885","FKBP-type PPIase family, FKBP2 subfamily"
"P26927","Peptidase S1 family, Plasminogen subfamily"
"P26951","Type I cytokine receptor family, Type 5 subfamily"
"P26992","Type I cytokine receptor family, Type 3 subfamily"
"P26998","Beta/gamma-crystallin family"
"P27037","Protein kinase superfamily, TKL Ser/Thr protein kinase family, TGFB receptor subfamily"
"P27105","Band 7/mec-2 family"
"P27144","Adenylate kinase family, AK3 subfamily"
"P27169","Paraoxonase family"
"P27216","Annexin family"
"P27338","Flavin monoamine oxidase family"
"P27348","14-3-3 family"
"P27352","Eukaryotic cobalamin transport proteins family"
"P27361","Protein kinase superfamily, CMGC Ser/Thr protein kinase family, MAP kinase subfamily"
"P27448","Protein kinase superfamily, CAMK Ser/Thr protein kinase family, SNF1 subfamily"
"P27449","V-ATPase proteolipid subunit family"
"P27482","Calmodulin family"
"P27487","Peptidase S9B family, DPPIV subfamily"
"P27539","TGF-beta family"
"P27635","Universal ribosomal protein uL16 family"
"P27694","Replication factor A protein 1 family"
"P27695","DNA repair enzymes AP/ExoA family"
"P27701","Tetraspanin (TM4SF) family"
"P27707","DCK/DGK family"
"P27708","CarA family"
"P27708"," CarB family"
"P27708"," Metallo-dependent hydrolases superfamily, DHOase family, CAD subfamily"
"P27708"," Aspartate/ornithine carbamoyltransferase superfamily, ATCase family"
"P27797","Calreticulin family"
"P27815","Cyclic nucleotide phosphodiesterase family, PDE4 subfamily"
"P27824","Calreticulin family"
"P27930","Interleukin-1 receptor family"
"P27986","PI3K p85 subunit family"
"P27987","Inositol phosphokinase (IPK) family"
"P28062","Peptidase T1B family"
"P28065","Peptidase T1B family"
"P28066","Peptidase T1A family"
"P28067","MHC class II family"
"P28068","MHC class II family"
"P28069","POU transcription factor family, Class-1 subfamily"
"P28070","Peptidase T1B family"
"P28072","Peptidase T1B family"
"P28074","Peptidase T1B family"
"P28161","GST superfamily, Mu family"
"P28221","G-protein coupled receptor 1 family"
"P28222","G-protein coupled receptor 1 family"
"P28223","G-protein coupled receptor 1 family"
"P28288","ABC transporter superfamily, ABCD family, Peroxisomal fatty acyl CoA transporter (TC 3.A.1.203) subfamily"
"P28289","Tropomodulin family"
"P28300","Lysyl oxidase family"
"P28324","ETS family"
"P28325","Cystatin family"
"P28328","Pex2/pex10/pex12 family"
"P28329","Carnitine/choline acetyltransferase family"
"P28330","Acyl-CoA dehydrogenase family"
"P28331","Complex I 75 kDa subunit family"
"P28332","Zinc-containing alcohol dehydrogenase family, Class-V subfamily"
"P28335","G-protein coupled receptor 1 family"
"P28336","G-protein coupled receptor 1 family"
"P28340","DNA polymerase type-B family"
"P28356","Abd-B homeobox family"
"P28358","Abd-B homeobox family"
"P28360","Msh homeobox family"
"P28370","SNF2/RAD54 helicase family, ISWI subfamily"
"P28472","Ligand-gated ion channel (TC 1.A.9) family, Gamma-aminobutyric acid receptor (TC 1.A.9.5) subfamily, GABRB3 sub-subfamily"
"P28476","Ligand-gated ion channel (TC 1.A.9) family, Gamma-aminobutyric acid receptor (TC 1.A.9.5) subfamily, GABRR2 sub-subfamily"
"P28482","Protein kinase superfamily, CMGC Ser/Thr protein kinase family, MAP kinase subfamily"
"P28562","Protein-tyrosine phosphatase family, Non-receptor class dual specificity subfamily"
"P28566","G-protein coupled receptor 1 family"
"P28698","Krueppel C2H2-type zinc-finger protein family"
"P28702","Nuclear hormone receptor family, NR2 subfamily"
"P28715","XPG/RAD2 endonuclease family, XPG subfamily"
"P28749","Retinoblastoma protein (RB) family"
"P28799","Granulin family"
"P28827","Protein-tyrosine phosphatase family, Receptor class 2B subfamily"
"P28838","Peptidase M17 family"
"P28845","Short-chain dehydrogenases/reductases (SDR) family"
"P28906","CD34 family"
"P28907","ADP-ribosyl cyclase family"
"P28908","TNFR8 family"
"P29033","Connexin family, Beta-type (group I) subfamily"
"P29034","S-100 family"
"P29074","Protein-tyrosine phosphatase family, Non-receptor class subfamily"
"P29083","TFIIE alpha subunit family"
"P29084","TFIIE beta subunit family"
"P29120","Peptidase S8 family, Furin subfamily"
"P29122","Peptidase S8 family"
"P29144","Peptidase S8 family"
"P29218","Inositol monophosphatase superfamily"
"P29274","G-protein coupled receptor 1 family"
"P29275","G-protein coupled receptor 1 family"
"P29279","CCN family"
"P29317","Protein kinase superfamily, Tyr protein kinase family, Ephrin receptor subfamily"
"P29320","Protein kinase superfamily, Tyr protein kinase family, Ephrin receptor subfamily"
"P29322","Protein kinase superfamily, Tyr protein kinase family, Ephrin receptor subfamily"
"P29323","Protein kinase superfamily, Tyr protein kinase family, Ephrin receptor subfamily"
"P29350","Protein-tyrosine phosphatase family, Non-receptor class 2 subfamily"
"P29371","G-protein coupled receptor 1 family"
"P29372","DNA glycosylase MPG family"
"P29373","Calycin superfamily, Fatty-acid binding protein (FABP) family"
"P29375","JARID1 histone demethylase family"
"P29376","Protein kinase superfamily, Tyr protein kinase family, Insulin receptor subfamily"
"P29400","Type IV collagen family"
"P29401","Transketolase family"
"P29459","IL-6 superfamily"
"P29460","IL-12B family"
"P29466","Peptidase C14A family"
"P29474","NOS family"
"P29475","NOS family"
"P29508","Serpin family, Ov-serpin subfamily"
"P29536","Tropomodulin family"
"P29597","Protein kinase superfamily, Tyr protein kinase family, JAK subfamily"
"P29622","Serpin family"
"P29692","EF-1-beta/EF-1-delta family"
"P29728","2-5A synthase family"
"P29965","Tumor necrosis factor family"
"P29966","MARCKS family"
"P29972","MIP/aquaporin (TC 1.A.8) family"
"P29973","Cyclic nucleotide-gated cation channel (TC 1.A.1.5) family, CNGA1 subfamily"
"P29992","G-alpha family, G(q) subfamily"
"P30038","Aldehyde dehydrogenase family"
"P30039","PhzF family"
"P30041","Peroxiredoxin family, Prx6 subfamily"
"P30043","BLVRB family"
"P30044","Peroxiredoxin family, Prx5 subfamily"
"P30046","MIF family"
"P30047","GFRP family"
"P30048","Peroxiredoxin family, AhpC/Prx1 subfamily"
"P30049","ATPase epsilon chain family"
"P30050","Universal ribosomal protein uL11 family"
"P30084","Enoyl-CoA hydratase/isomerase family"
"P30085","Adenylate kinase family, UMP-CMP kinase subfamily"
"P30086","Phosphatidylethanolamine-binding protein family"
"P30101","Protein disulfide isomerase family"
"P30153","Phosphatase 2A regulatory subunit A family"
"P30154","Phosphatase 2A regulatory subunit A family"
"P30260","APC3/CDC27 family"
"P30273","CD3Z/FCER1G family"
"P30279","Cyclin family, Cyclin D subfamily"
"P30281","Cyclin family, Cyclin D subfamily"
"P30291","Protein kinase superfamily, Ser/Thr protein kinase family, WEE1 subfamily"
"P30301","MIP/aquaporin (TC 1.A.8) family"
"P30304","MPI phosphatase family"
"P30305","MPI phosphatase family"
"P30307","MPI phosphatase family"
"P30405","Cyclophilin-type PPIase family"
"P30411","G-protein coupled receptor 1 family, Bradykinin receptor subfamily, BDKRB2 sub-subfamily"
"P30419","NMT family"
"P30511","MHC class I family"
"P30518","G-protein coupled receptor 1 family, Vasopressin/oxytocin receptor subfamily"
"P30519","Heme oxygenase family"
"P30520","Adenylosuccinate synthetase family"
"P30530","Protein kinase superfamily, Tyr protein kinase family, AXL/UFO subfamily"
"P30531","Sodium:neurotransmitter symporter (SNF) (TC 2.A.22) family, SLC6A1 subfamily"
"P30532","Ligand-gated ion channel (TC 1.A.9) family, Acetylcholine receptor (TC 1.A.9.1) subfamily, Alpha-5/CHRNA5 sub-subfamily"
"P30533","Alpha-2-MRAP family"
"P30536","TspO/BZRP family"
"P30542","G-protein coupled receptor 1 family"
"P30550","G-protein coupled receptor 1 family"
"P30556","G-protein coupled receptor 1 family"
"P30559","G-protein coupled receptor 1 family, Vasopressin/oxytocin receptor subfamily"
"P30566","Lyase 1 family, Adenylosuccinate lyase subfamily"
"P30613","Pyruvate kinase family"
"P30679","G-alpha family, G(q) subfamily"
"P30711","GST superfamily, Theta family"
"P30740","Serpin family, Ov-serpin subfamily"
"P30793","GTP cyclohydrolase I family"
"P30825","Amino acid-polyamine-organocation (APC) superfamily, Cationic amino acid transporter (CAT) (TC 2.A.3.3) family"
"P30837","Aldehyde dehydrogenase family"
"P30838","Aldehyde dehydrogenase family"
"P30872","G-protein coupled receptor 1 family"
"P30874","G-protein coupled receptor 1 family"
"P30876","RNA polymerase beta chain family"
"P30926","Ligand-gated ion channel (TC 1.A.9) family, Acetylcholine receptor (TC 1.A.9.1) subfamily, Beta-4/CHRNB4 sub-subfamily"
"P30939","G-protein coupled receptor 1 family"
"P30968","G-protein coupled receptor 1 family"
"P30988","G-protein coupled receptor 2 family"
"P30989","G-protein coupled receptor 1 family, Neurotensin receptor subfamily, NTSR1 sub-subfamily"
"P30990","Neurotensin family"
"P31025","Calycin superfamily, Lipocalin family"
"P31040","FAD-dependent oxidoreductase 2 family, FRD/SDH subfamily"
"P31146","WD repeat coronin family"
"P31150","Rab GDI family"
"P31151","S-100 family"
"P31152","Protein kinase superfamily, CMGC Ser/Thr protein kinase family, MAP kinase subfamily"
"P31153","AdoMet synthase family"
"P31213","Steroid 5-alpha reductase family"
"P31249","Antp homeobox family"
"P31260","Abd-B homeobox family"
"P31268","Antp homeobox family"
"P31269","Abd-B homeobox family"
"P31270","Abd-B homeobox family"
"P31271","Abd-B homeobox family"
"P31273","Antp homeobox family"
"P31274","Abd-B homeobox family"
"P31276","Abd-B homeobox family"
"P31321","CAMP-dependent kinase regulatory chain family"
"P31323","CAMP-dependent kinase regulatory chain family"
"P31350","Ribonucleoside diphosphate reductase small chain family"
"P31371","Heparin-binding growth factors family"
"P31391","G-protein coupled receptor 1 family"
"P31415","Calsequestrin family"
"P31431","Syndecan proteoglycan family"
"P31512","FMO family"
"P31513","FMO family"
"P31639","Sodium:solute symporter (SSF) (TC 2.A.21) family"
"P31641","Sodium:neurotransmitter symporter (SNF) (TC 2.A.22) family, SLC6A6 subfamily"
"P31644","Ligand-gated ion channel (TC 1.A.9) family, Gamma-aminobutyric acid receptor (TC 1.A.9.5) subfamily, GABRA5 sub-subfamily"
"P31645","Sodium:neurotransmitter symporter (SNF) (TC 2.A.22) family, SLC6A4 subfamily"
"P31749","Protein kinase superfamily, AGC Ser/Thr protein kinase family, RAC subfamily"
"P31751","Protein kinase superfamily, AGC Ser/Thr protein kinase family, RAC subfamily"
"P31785","Type I cytokine receptor family, Type 5 subfamily"
"P31930","Peptidase M16 family, UQCRC1/QCR1 subfamily"
"P31937","HIBADH-related family, 3-hydroxyisobutyrate dehydrogenase subfamily"
"P31939","PurH family"
"P31941","Cytidine and deoxycytidylate deaminase family"
"P31944","Peptidase C14A family"
"P31946","14-3-3 family"
"P31947","14-3-3 family"
"P31949","S-100 family"
"P31997","Immunoglobulin superfamily, CEA family"
"P32004","Immunoglobulin superfamily, L1/neurofascin/NgCAM family"
"P32019","Inositol 1,4,5-trisphosphate 5-phosphatase type II family"
"P32119","Peroxiredoxin family, AhpC/Prx1 subfamily"
"P32121","Arrestin family"
"P32189","FGGY kinase family"
"P32238","G-protein coupled receptor 1 family"
"P32239","G-protein coupled receptor 1 family"
"P32241","G-protein coupled receptor 2 family"
"P32242","Paired homeobox family, Bicoid subfamily"
"P32243","Paired homeobox family, Bicoid subfamily"
"P32245","G-protein coupled receptor 1 family"
"P32246","G-protein coupled receptor 1 family"
"P32247","G-protein coupled receptor 1 family"
"P32248","G-protein coupled receptor 1 family"
"P32249","G-protein coupled receptor 1 family"
"P32297","Ligand-gated ion channel (TC 1.A.9) family, Acetylcholine receptor (TC 1.A.9.1) subfamily, Alpha-3/CHRNA3 sub-subfamily"
"P32298","Protein kinase superfamily, AGC Ser/Thr protein kinase family, GPRK subfamily"
"P32302","G-protein coupled receptor 1 family"
"P32320","Cytidine and deoxycytidylate deaminase family"
"P32321","Cytidine and deoxycytidylate deaminase family"
"P32322","Pyrroline-5-carboxylate reductase family"
"P32418","Ca(2+):cation antiporter (CaCA) (TC 2.A.19) family, SLC8 subfamily"
"P32455","TRAFAC class dynamin-like GTPase superfamily, GB1/RHD3 GTPase family, GB1 subfamily"
"P32456","TRAFAC class dynamin-like GTPase superfamily, GB1/RHD3 GTPase family, GB1 subfamily"
"P32519","ETS family"
"P32745","G-protein coupled receptor 1 family"
"P32754","4HPPD family"
"P32780","TFB1 family"
"P32856","Syntaxin family"
"P32881","Alpha/beta interferon family"
"P32927","Type I cytokine receptor family, Type 4 subfamily"
"P32929","Trans-sulfuration enzymes family"
"P32942","Immunoglobulin superfamily, ICAM family"
"P32969","Universal ribosomal protein uL6 family"
"P32970","Tumor necrosis factor family"
"P32971","Tumor necrosis factor family"
"P33032","G-protein coupled receptor 1 family"
"P33121","ATP-dependent AMP-binding enzyme family"
"P33176","TRAFAC class myosin-kinesin ATPase superfamily, Kinesin family, Kinesin subfamily"
"P33260","Cytochrome P450 family"
"P33261","Cytochrome P450 family"
"P33316","DUTPase family"
"P33402","Adenylyl cyclase class-4/guanylyl cyclase family"
"P33527","ABC transporter superfamily, ABCC family, Conjugate transporter (TC 3.A.1.208) subfamily"
"P33763","S-100 family"
"P33764","S-100 family"
"P33778","Histone H2B family"
"P33897","ABC transporter superfamily, ABCD family, Peroxisomal fatty acyl CoA transporter (TC 3.A.1.203) subfamily"
"P33908","Glycosyl hydrolase 47 family"
"P33947","ERD2 family"
"P33981","Protein kinase superfamily, Ser/Thr protein kinase family"
"P33991","MCM family"
"P33992","MCM family"
"P33993","MCM family"
"P34059","Sulfatase family"
"P34096","Pancreatic ribonuclease family"
"P34130","NGF-beta family"
"P34741","Syndecan proteoglycan family"
"P34810","LAMP family"
"P34896","SHMT family"
"P34897","SHMT family"
"P34903","Ligand-gated ion channel (TC 1.A.9) family, Gamma-aminobutyric acid receptor (TC 1.A.9.5) subfamily, GABRA3 sub-subfamily"
"P34913","AB hydrolase superfamily, Epoxide hydrolase family"
"P34925","Protein kinase superfamily, Tyr protein kinase family"
"P34931","Heat shock protein 70 family"
"P34932","Heat shock protein 70 family"
"P34947","Protein kinase superfamily, AGC Ser/Thr protein kinase family, GPRK subfamily"
"P34949","Mannose-6-phosphate isomerase type 1 family"
"P34969","G-protein coupled receptor 1 family"
"P34972","G-protein coupled receptor 1 family"
"P34981","G-protein coupled receptor 1 family"
"P34982","G-protein coupled receptor 1 family"
"P34995","G-protein coupled receptor 1 family"
"P34998","G-protein coupled receptor 2 family"
"P35030","Peptidase S1 family"
"P35052","Glypican family"
"P35080","Profilin family"
"P35125","Peptidase C19 family"
"P35212","Connexin family, Alpha-type (group II) subfamily"
"P35218","Alpha-carbonic anhydrase family"
"P35219","Alpha-carbonic anhydrase family"
"P35221","Vinculin/alpha-catenin family"
"P35222","Beta-catenin family"
"P35225","IL-4/IL-13 family"
"P35228","NOS family"
"P35232","Prohibitin family"
"P35236","Protein-tyrosine phosphatase family, Non-receptor class subfamily"
"P35237","Serpin family, Ov-serpin subfamily"
"P35243","Recoverin family"
"P35244","Replication factor A protein 3 family"
"P35247","SFTPD family"
"P35249","Activator 1 small subunits family"
"P35250","Activator 1 small subunits family"
"P35251","Activator 1 large subunit family"
"P35268","Eukaryotic ribosomal protein eL22 family"
"P35269","TFIIF alpha subunit family"
"P35270","Sepiapterin reductase family"
"P35318","Adrenomedullin family"
"P35321","Cornifin (SPRR) family"
"P35326","Cornifin (SPRR) family"
"P35346","G-protein coupled receptor 1 family"
"P35348","G-protein coupled receptor 1 family, Adrenergic receptor subfamily, ADRA1A sub-subfamily"
"P35354","Prostaglandin G/H synthase family"
"P35367","G-protein coupled receptor 1 family"
"P35368","G-protein coupled receptor 1 family, Adrenergic receptor subfamily, ADRA1B sub-subfamily"
"P35372","G-protein coupled receptor 1 family"
"P35398","Nuclear hormone receptor family, NR1 subfamily"
"P35408","G-protein coupled receptor 1 family"
"P35414","G-protein coupled receptor 1 family"
"P35442","Thrombospondin family"
"P35443","Thrombospondin family"
"P35452","Abd-B homeobox family"
"P35453","Abd-B homeobox family"
"P35462","G-protein coupled receptor 1 family"
"P35475","Glycosyl hydrolase 39 family"
"P35498","Sodium channel (TC 1.A.1.10) family, Nav1.1/SCN1A subfamily"
"P35499","Sodium channel (TC 1.A.1.10) family, Nav1.4/SCN4A subfamily"
"P35503","UDP-glycosyltransferase family"
"P35504","UDP-glycosyltransferase family"
"P35520","Cysteine synthase/cystathionine beta-synthase family"
"P35523","Chloride channel (TC 2.A.49) family, ClC-1/CLCN1 subfamily"
"P35527","Intermediate filament family"
"P35548","Msh homeobox family"
"P35555","Fibrillin family"
"P35556","Fibrillin family"
"P35557","Hexokinase family"
"P35558","Phosphoenolpyruvate carboxykinase [GTP] family"
"P35573","Glycogen debranching enzyme family"
"P35575","Glucose-6-phosphatase family"
"P35579","TRAFAC class myosin-kinesin ATPase superfamily, Myosin family"
"P35580","TRAFAC class myosin-kinesin ATPase superfamily, Myosin family"
"P35590","Protein kinase superfamily, Tyr protein kinase family, Tie subfamily"
"P35606","WD repeat COPB2 family"
"P35609","Alpha-actinin family"
"P35610","Membrane-bound acyltransferase family, Sterol o-acyltransferase subfamily"
"P35611","Aldolase class II family, Adducin subfamily"
"P35612","Aldolase class II family, Adducin subfamily"
"P35625","Protease inhibitor I35 (TIMP) family"
"P35626","Protein kinase superfamily, AGC Ser/Thr protein kinase family, GPRK subfamily"
"P35637","RRM TET family"
"P35638","BZIP family"
"P35670","Cation transport ATPase (P-type) (TC 3.A.3) family, Type IB subfamily"
"P35680","HNF1 homeobox family"
"P35749","TRAFAC class myosin-kinesin ATPase superfamily, Myosin family"
"P35754","Glutaredoxin family"
"P35789","Krueppel C2H2-type zinc-finger protein family"
"P35790","Choline/ethanolamine kinase family"
"P35813","PP2C family"
"P35900","Intermediate filament family"
"P35908","Intermediate filament family"
"P35913","Cyclic nucleotide phosphodiesterase family"
"P35914","HMG-CoA lyase family"
"P35916","Protein kinase superfamily, Tyr protein kinase family, CSF-1/PDGF receptor subfamily"
"P35968","Protein kinase superfamily, Tyr protein kinase family, CSF-1/PDGF receptor subfamily"
"P35998","AAA ATPase family"
"P36021","Major facilitator superfamily, Monocarboxylate porter (TC 2.A.1.13) family"
"P36222","Glycosyl hydrolase 18 family"
"P36268","Gamma-glutamyltransferase family"
"P36269","Gamma-glutamyltransferase family"
"P36382","Connexin family, Alpha-type (group II) subfamily"
"P36383","Connexin family, Gamma-type subfamily"
"P36402","TCF/LEF family"
"P36404","Small GTPase superfamily, Arf family"
"P36405","Small GTPase superfamily, Arf family"
"P36406","Small GTPase superfamily, Arf family"
"P36507","Protein kinase superfamily, STE Ser/Thr protein kinase family, MAP kinase kinase subfamily"
"P36508","Krueppel C2H2-type zinc-finger protein family"
"P36542","ATPase gamma chain family"
"P36543","V-ATPase E subunit family"
"P36544","Ligand-gated ion channel (TC 1.A.9) family, Acetylcholine receptor (TC 1.A.9.1) subfamily, Alpha-7/CHRNA7 sub-subfamily"
"P36551","Aerobic coproporphyrinogen-III oxidase family"
"P36575","Arrestin family"
"P36578","Universal ribosomal protein uL4 family"
"P36639","Nudix hydrolase family"
"P36776","Peptidase S16 family"
"P36871","Phosphohexose mutase family"
"P36873","PPP phosphatase family, PP-1 subfamily"
"P36888","Protein kinase superfamily, Tyr protein kinase family, CSF-1/PDGF receptor subfamily"
"P36894","Protein kinase superfamily, TKL Ser/Thr protein kinase family, TGFB receptor subfamily"
"P36896","Protein kinase superfamily, TKL Ser/Thr protein kinase family, TGFB receptor subfamily"
"P36897","Protein kinase superfamily, TKL Ser/Thr protein kinase family, TGFB receptor subfamily"
"P36952","Serpin family, Ov-serpin subfamily"
"P36954","Archaeal RpoM/eukaryotic RPA12/RPB9/RPC11 RNA polymerase family"
"P36955","Serpin family"
"P36956","SREBP family"
"P36957","2-oxoacid dehydrogenase family"
"P36959","IMPDH/GMPR family, GuaC type 1 subfamily"
"P36969","Glutathione peroxidase family"
"P37023","Protein kinase superfamily, TKL Ser/Thr protein kinase family, TGFB receptor subfamily"
"P37058","Short-chain dehydrogenases/reductases (SDR) family, 17-beta-HSD 3 subfamily"
"P37059","Short-chain dehydrogenases/reductases (SDR) family"
"P37088","Amiloride-sensitive sodium channel (TC 1.A.6) family, SCNN1A subfamily"
"P37108","SRP14 family"
"P37173","Protein kinase superfamily, TKL Ser/Thr protein kinase family, TGFB receptor subfamily"
"P37198","Nucleoporin NSP1/NUP62 family"
"P37231","Nuclear hormone receptor family, NR1 subfamily"
"P37235","Recoverin family"
"P37268","Phytoene/squalene synthase family"
"P37275","Delta-EF1/ZFH-1 C2H2-type zinc-finger family"
"P37287","Glycosyltransferase group 1 family, Glycosyltransferase 4 subfamily"
"P37288","G-protein coupled receptor 1 family, Vasopressin/oxytocin receptor subfamily"
"P37802","Calponin family"
"P37837","Transaldolase family, Type 1 subfamily"
"P37840","Synuclein family"
"P38117","ETF beta-subunit/FixA family"
"P38405","G-alpha family, G(s) subfamily"
"P38432","Coilin family"
"P38435","Vitamin K-dependent gamma-carboxylase family"
"P38484","Type II cytokine receptor family"
"P38567","Glycosyl hydrolase 56 family"
"P38570","Integrin alpha chain family"
"P38571","AB hydrolase superfamily, Lipase family"
"P38606","ATPase alpha/beta chains family"
"P38646","Heat shock protein 70 family"
"P38919","DEAD box helicase family, eIF4A subfamily"
"P38935","DNA2/NAM7 helicase family"
"P38936","CDI family"
"P39019","Eukaryotic ribosomal protein eS19 family"
"P39023","Universal ribosomal protein uL3 family"
"P39059","Multiplexin collagen family"
"P39060","Multiplexin collagen family"
"P39086","Glutamate-gated ion channel (TC 1.A.10.1) family, GRIK1 subfamily"
"P39210","Peroxisomal membrane protein PXMP2/4 family"
"P39656","DDOST 48 kDa subunit family"
"P39687","ANP32 family"
"P39748","XPG/RAD2 endonuclease family, FEN1 subfamily"
"P39877","Phospholipase A2 family"
"P39880","CUT homeobox family"
"P39900","Peptidase M10A family"
"P39905","TGF-beta family, GDNF subfamily"
"P40121","Villin/gelsolin family"
"P40123","CAP family"
"P40126","Tyrosinase family"
"P40145","Adenylyl cyclase class-4/guanylyl cyclase family"
"P40189","Type I cytokine receptor family, Type 2 subfamily"
"P40198","Immunoglobulin superfamily, CEA family"
"P40199","Immunoglobulin superfamily, CEA family"
"P40222","Taxilin family"
"P40225","EPO/TPO family"
"P40227","TCP-1 chaperonin family"
"P40238","Type I cytokine receptor family, Type 1 subfamily"
"P40261","Class I-like SAM-binding methyltransferase superfamily, NNMT/PNMT/TEMT family"
"P40305","IFI6/IFI27 family"
"P40306","Peptidase T1B family"
"P40337","VHL family"
"P40394","Zinc-containing alcohol dehydrogenase family, Class-IV subfamily"
"P40424","TALE/PBX homeobox family"
"P40425","TALE/PBX homeobox family"
"P40426","TALE/PBX homeobox family"
"P40429","Universal ribosomal protein uL13 family"
"P40616","Small GTPase superfamily, Arf family"
"P40617","Small GTPase superfamily, Arf family"
"P40692","DNA mismatch repair MutL/HexB family"
"P40763","Transcription factor STAT family"
"P40818","Peptidase C19 family"
"P40855","Peroxin-19 family"
"P40879","SLC26A/SulP transporter (TC 2.A.53) family"
"P40925","LDH/MDH superfamily, MDH type 2 family"
"P40926","LDH/MDH superfamily, MDH type 1 family"
"P40933","IL-15/IL-21 family"
"P40937","Activator 1 small subunits family"
"P40938","Activator 1 small subunits family"
"P40939","Enoyl-CoA hydratase/isomerase family"
"P40939"," 3-hydroxyacyl-CoA dehydrogenase family"
"P40967","PMEL/NMB family"
"P41002","Cyclin family, Cyclin AB subfamily"
"P41091","TRAFAC class translation factor GTPase superfamily, Classic translation factor GTPase family, EIF2G subfamily"
"P41143","G-protein coupled receptor 1 family"
"P41145","G-protein coupled receptor 1 family"
"P41146","G-protein coupled receptor 1 family"
"P41159","Leptin family"
"P41161","ETS family"
"P41162","ETS family"
"P41180","G-protein coupled receptor 3 family"
"P41181","MIP/aquaporin (TC 1.A.8) family"
"P41208","Centrin family"
"P41212","ETS family"
"P41214","EIF2D family"
"P41219","Intermediate filament family"
"P41221","Wnt family"
"P41222","Calycin superfamily, Lipocalin family"
"P41223","BUD31 (G10) family"
"P41226","Ubiquitin-activating E1 family"
"P41227","Acetyltransferase family, ARD1 subfamily"
"P41229","JARID1 histone demethylase family"
"P41231","G-protein coupled receptor 1 family"
"P41235","Nuclear hormone receptor family, NR2 subfamily"
"P41236","Protein phosphatase inhibitor 2 family"
"P41238","Cytidine and deoxycytidylate deaminase family"
"P41240","Protein kinase superfamily, Tyr protein kinase family, CSK subfamily"
"P41250","Class-II aminoacyl-tRNA synthetase family"
"P41252","Class-I aminoacyl-tRNA synthetase family"
"P41271","DAN family"
"P41273","Tumor necrosis factor family"
"P41279","Protein kinase superfamily, STE Ser/Thr protein kinase family, MAP kinase kinase kinase subfamily"
"P41439","Folate receptor family"
"P41440","Reduced folate carrier (RFC) transporter (TC 2.A.48) family"
"P41567","SUI1 family"
"P41586","G-protein coupled receptor 2 family"
"P41587","G-protein coupled receptor 2 family"
"P41594","G-protein coupled receptor 3 family"
"P41595","G-protein coupled receptor 1 family"
"P41597","G-protein coupled receptor 1 family"
"P41732","Tetraspanin (TM4SF) family"
"P41743","Protein kinase superfamily, AGC Ser/Thr protein kinase family, PKC subfamily"
"P41968","G-protein coupled receptor 1 family"
"P41970","ETS family"
"P42025","Actin family, ARP1 subfamily"
"P42126","Enoyl-CoA hydratase/isomerase family"
"P42166","LEM family"
"P42167","LEM family"
"P42224","Transcription factor STAT family"
"P42226","Transcription factor STAT family"
"P42229","Transcription factor STAT family"
"P42261","Glutamate-gated ion channel (TC 1.A.10.1) family, GRIA1 subfamily"
"P42262","Glutamate-gated ion channel (TC 1.A.10.1) family, GRIA2 subfamily"
"P42263","Glutamate-gated ion channel (TC 1.A.10.1) family, GRIA3 subfamily"
"P42285","Helicase family, SKI2 subfamily"
"P42330","Aldo/keto reductase family"
"P42336","PI3/PI4-kinase family"
"P42338","PI3/PI4-kinase family"
"P42345","PI3/PI4-kinase family"
"P42356","PI3/PI4-kinase family, Type III PI4K subfamily"
"P42574","Peptidase C14A family"
"P42575","Peptidase C14A family"
"P42658","Peptidase S9B family"
"P42677","Eukaryotic ribosomal protein eS27 family"
"P42679","Protein kinase superfamily, Tyr protein kinase family, CSK subfamily"
"P42680","Protein kinase superfamily, Tyr protein kinase family, TEC subfamily"
"P42681","Protein kinase superfamily, Tyr protein kinase family, TEC subfamily"
"P42684","Protein kinase superfamily, Tyr protein kinase family, ABL subfamily"
"P42685","Protein kinase superfamily, Tyr protein kinase family, SRC subfamily"
"P42694","DNA2/NAM7 helicase family"
"P42701","Type I cytokine receptor family, Type 2 subfamily"
"P42702","Type I cytokine receptor family, Type 2 subfamily"
"P42765","Thiolase-like superfamily, Thiolase family"
"P42766","Universal ribosomal protein uL29 family"
"P42771","CDKN2 cyclin-dependent kinase inhibitor family"
"P42772","CDKN2 cyclin-dependent kinase inhibitor family"
"P42773","CDKN2 cyclin-dependent kinase inhibitor family"
"P42785","Peptidase S28 family"
"P42830","Intercrine alpha (chemokine CxC) family"
"P42857","NSG family"
"P42858","Huntingtin family"
"P42892","Peptidase M13 family"
"P42898","Methylenetetrahydrofolate reductase family"
"P43003","Dicarboxylate/amino acid:cation symporter (DAACS) (TC 2.A.23) family, SLC1A3 subfamily"
"P43004","Dicarboxylate/amino acid:cation symporter (DAACS) (TC 2.A.23) family, SLC1A2 subfamily"
"P43005","Dicarboxylate/amino acid:cation symporter (DAACS) (TC 2.A.23) family, SLC1A1 subfamily"
"P43007","Dicarboxylate/amino acid:cation symporter (DAACS) (TC 2.A.23) family, SLC1A4 subfamily"
"P43026","TGF-beta family"
"P43034","WD repeat LIS1/nudF family"
"P43088","G-protein coupled receptor 1 family"
"P43115","G-protein coupled receptor 1 family"
"P43116","G-protein coupled receptor 1 family"
"P43119","G-protein coupled receptor 1 family"
"P43146","Immunoglobulin superfamily, DCC family"
"P43155","Carnitine/choline acetyltransferase family"
"P43166","Alpha-carbonic anhydrase family"
"P43220","G-protein coupled receptor 2 family"
"P43234","Peptidase C1 family"
"P43235","Peptidase C1 family"
"P43246","DNA mismatch repair MutS family"
"P43250","Protein kinase superfamily, AGC Ser/Thr protein kinase family, GPRK subfamily"
"P43251","Carbon-nitrogen hydrolase superfamily, BTD/VNN family"
"P43268","ETS family"
"P43304","FAD-dependent glycerol-3-phosphate dehydrogenase family"
"P43307","TRAP-alpha family"
"P43308","TRAP-beta family"
"P43320","Beta/gamma-crystallin family"
"P43351","RAD52 family"
"P43353","Aldehyde dehydrogenase family"
"P43354","Nuclear hormone receptor family, NR4 subfamily"
"P43378","Protein-tyrosine phosphatase family, Non-receptor class 3 subfamily"
"P43403","Protein kinase superfamily, Tyr protein kinase family, SYK/ZAP-70 subfamily"
"P43405","Protein kinase superfamily, Tyr protein kinase family, SYK/ZAP-70 subfamily"
"P43487","RANBP1 family"
"P43490","NAPRTase family"
"P43626","Immunoglobulin superfamily"
"P43628","Immunoglobulin superfamily"
"P43629","Immunoglobulin superfamily"
"P43630","Immunoglobulin superfamily"
"P43631","Immunoglobulin superfamily"
"P43632","Immunoglobulin superfamily"
"P43652","ALB/AFP/VDB family"
"P43657","G-protein coupled receptor 1 family"
"P43681","Ligand-gated ion channel (TC 1.A.9) family, Acetylcholine receptor (TC 1.A.9.1) subfamily, Alpha-4/CHRNA4 sub-subfamily"
"P43686","AAA ATPase family"
"P43699","NK-2 homeobox family"
"P43897","EF-Ts family"
"P45378","Troponin T family"
"P45379","Troponin T family"
"P45381","AspA/AstE family, Aspartoacylase subfamily"
"P45452","Peptidase M10A family"
"P45844","ABC transporter superfamily, ABCG family, Eye pigment precursor importer (TC 3.A.1.204) subfamily"
"P45877","Cyclophilin-type PPIase family"
"P45880","Eukaryotic mitochondrial porin family"
"P45954","Acyl-CoA dehydrogenase family"
"P45974","Peptidase C19 family"
"P45983","Protein kinase superfamily, CMGC Ser/Thr protein kinase family, MAP kinase subfamily"
"P45984","Protein kinase superfamily, CMGC Ser/Thr protein kinase family, MAP kinase subfamily"
"P45985","Protein kinase superfamily, STE Ser/Thr protein kinase family, MAP kinase kinase subfamily"
"P46019","Phosphorylase b kinase regulatory chain family"
"P46020","Phosphorylase b kinase regulatory chain family"
"P46059","Major facilitator superfamily, Proton-dependent oligopeptide transporter (POT/PTR) (TC 2.A.17) family"
"P46060","RNA1 family"
"P46063","Helicase family, RecQ subfamily"
"P46087","Class I-like SAM-binding methyltransferase superfamily, RsmB/NOP family"
"P46089","G-protein coupled receptor 1 family"
"P46091","Chemokine-like receptor (CMKLR) family"
"P46092","G-protein coupled receptor 1 family"
"P46093","G-protein coupled receptor 1 family"
"P46094","G-protein coupled receptor 1 family"
"P46098","Ligand-gated ion channel (TC 1.A.9) family, 5-hydroxytryptamine receptor (TC 1.A.9.2) subfamily, HTR3A sub-subfamily"
"P46100","SNF2/RAD54 helicase family"
"P46108","CRK family"
"P46109","CRK family"
"P46199","TRAFAC class translation factor GTPase superfamily, Classic translation factor GTPase family, IF-2 subfamily"
"P46439","GST superfamily, Mu family"
"P46459","AAA ATPase family"
"P46527","CDI family"
"P46531","NOTCH family"
"P46597","Class I-like SAM-binding methyltransferase superfamily, Cation-independent O-methyltransferase family"
"P46663","G-protein coupled receptor 1 family, Bradykinin receptor subfamily, BDKRB1 sub-subfamily"
"P46695","IER3 family"
"P46721","Organo anion transporter (TC 2.A.60) family"
"P46734","Protein kinase superfamily, STE Ser/Thr protein kinase family, MAP kinase kinase subfamily"
"P46736","Peptidase M67A family, BRCC36 subfamily"
"P46776","Universal ribosomal protein uL15 family"
"P46777","Universal ribosomal protein uL18 family"
"P46778","Eukaryotic ribosomal protein eL21 family"
"P46779","Eukaryotic ribosomal protein eL28 family"
"P46781","Universal ribosomal protein uS4 family"
"P46782","Universal ribosomal protein uS7 family"
"P46783","Eukaryotic ribosomal protein eS10 family"
"P46821","MAP1 family"
"P46926","Glucosamine/galactosamine-6-phosphate isomerase family"
"P46937","YAP1 family"
"P46952","3-HAO family"
"P46976","Glycosyltransferase 8 family, Glycogenin subfamily"
"P46977","STT3 family"
"P47211","G-protein coupled receptor 1 family"
"P47224","DSS4/MSS4 family"
"P47710","Alpha-casein family"
"P47755","F-actin-capping protein alpha subunit family"
"P47756","F-actin-capping protein beta subunit family"
"P47804","G-protein coupled receptor 1 family, Opsin subfamily"
"P47813","EIF-1A family"
"P47869","Ligand-gated ion channel (TC 1.A.9) family, Gamma-aminobutyric acid receptor (TC 1.A.9.5) subfamily, GABRA2 sub-subfamily"
"P47870","Ligand-gated ion channel (TC 1.A.9) family, Gamma-aminobutyric acid receptor (TC 1.A.9.5) subfamily, GABRB2 sub-subfamily"
"P47871","G-protein coupled receptor 2 family"
"P47872","G-protein coupled receptor 2 family"
"P47895","Aldehyde dehydrogenase family"
"P47897","Class-I aminoacyl-tRNA synthetase family"
"P47898","G-protein coupled receptor 1 family"
"P47900","G-protein coupled receptor 1 family"
"P47901","G-protein coupled receptor 1 family, Vasopressin/oxytocin receptor subfamily"
"P47902","Caudal homeobox family"
"P47914","Eukaryotic ribosomal protein eL29 family"
"P47985","Rieske iron-sulfur protein family"
"P47989","Xanthine dehydrogenase family"
"P47992","Intercrine gamma family"
"P48023","Tumor necrosis factor family"
"P48029","Sodium:neurotransmitter symporter (SNF) (TC 2.A.22) family, SLC6A8 subfamily"
"P48039","G-protein coupled receptor 1 family"
"P48047","ATPase delta chain family"
"P48048","Inward rectifier-type potassium channel (TC 1.A.2.1) family, KCNJ1 subfamily"
"P48050","Inward rectifier-type potassium channel (TC 1.A.2.1) family, KCNJ4 subfamily"
"P48051","Inward rectifier-type potassium channel (TC 1.A.2.1) family, KCNJ6 subfamily"
"P48052","Peptidase M14 family"
"P48058","Glutamate-gated ion channel (TC 1.A.10.1) family, GRIA4 subfamily"
"P48061","Intercrine alpha (chemokine CxC) family"
"P48065","Sodium:neurotransmitter symporter (SNF) (TC 2.A.22) family, SLC6A12 subfamily"
"P48066","Sodium:neurotransmitter symporter (SNF) (TC 2.A.22) family, SLC6A11 subfamily"
"P48067","Sodium:neurotransmitter symporter (SNF) (TC 2.A.22) family, SLC6A9 subfamily"
"P48145","G-protein coupled receptor 1 family"
"P48146","G-protein coupled receptor 1 family"
"P48147","Peptidase S9A family"
"P48163","Malic enzymes family"
"P48165","Connexin family, Alpha-type (group II) subfamily"
"P48167","Ligand-gated ion channel (TC 1.A.9) family, Glycine receptor (TC 1.A.9.3) subfamily, GLRB sub-subfamily"
"P48169","Ligand-gated ion channel (TC 1.A.9) family, Gamma-aminobutyric acid receptor (TC 1.A.9.5) subfamily, GABRA4 sub-subfamily"
"P48200","Aconitase/IPM isomerase family"
"P48201","ATPase C chain family"
"P48230","L6 tetraspanin family"
"P48357","Type I cytokine receptor family, Type 2 subfamily"
"P48378","RFX family"
"P48380","RFX family"
"P48382","RFX family"
"P48443","Nuclear hormone receptor family, NR2 subfamily"
"P48444","Adaptor complexes medium subunit family, Delta-COP subfamily"
"P48448","Aldehyde dehydrogenase family"
"P48449","Terpene cyclase/mutase family"
"P48454","PPP phosphatase family, PP-2B subfamily"
"P48506","Glutamate--cysteine ligase type 3 family"
"P48507","Aldo/keto reductase family, Glutamate--cysteine ligase light chain subfamily"
"P48509","Tetraspanin (TM4SF) family"
"P48539","PCP4 family"
"P48544","Inward rectifier-type potassium channel (TC 1.A.2.1) family, KCNJ5 subfamily"
"P48546","G-protein coupled receptor 2 family"
"P48547","Potassium channel family, C (Shaw) (TC 1.A.1.2) subfamily, Kv3.1/KCNC1 sub-subfamily"
"P48549","Inward rectifier-type potassium channel (TC 1.A.2.1) family, KCNJ3 subfamily"
"P48551","Type II cytokine receptor family"
"P48553","TRAPPC10 family"
"P48556","Proteasome subunit S14 family"
"P48594","Serpin family, Ov-serpin subfamily"
"P48595","Serpin family, Ov-serpin subfamily"
"P48637","Eukaryotic GSH synthase family"
"P48643","TCP-1 chaperonin family"
"P48645","NmU family"
"P48651","Phosphatidyl serine synthase family"
"P48664","Dicarboxylate/amino acid:cation symporter (DAACS) (TC 2.A.23) family, SLC1A6 subfamily"
"P48668","Intermediate filament family"
"P48681","Intermediate filament family"
"P48723","Heat shock protein 70 family"
"P48728","GcvT family"
"P48729","Protein kinase superfamily, CK1 Ser/Thr protein kinase family, Casein kinase I subfamily"
"P48730","Protein kinase superfamily, CK1 Ser/Thr protein kinase family, Casein kinase I subfamily"
"P48735","Isocitrate and isopropylmalate dehydrogenases family"
"P48736","PI3/PI4-kinase family"
"P48739","PtdIns transfer protein family, PI transfer class I subfamily"
"P48740","Peptidase S1 family"
"P48745","CCN family"
"P48751","Anion exchanger (TC 2.A.31) family"
"P48764","Monovalent cation:proton antiporter 1 (CPA1) transporter (TC 2.A.36) family"
"P48775","Tryptophan 2,3-dioxygenase family"
"P48788","Troponin I family"
"P48960","G-protein coupled receptor 2 family, LN-TM7 subfamily"
"P48995","Transient receptor (TC 1.A.4) family, STrpC subfamily, TRPC1 sub-subfamily"
"P49005","DNA polymerase delta/II small subunit family"
"P49006","MARCKS family"
"P49019","G-protein coupled receptor 1 family"
"P49023","Paxillin family"
"P49116","Nuclear hormone receptor family, NR2 subfamily"
"P49137","Protein kinase superfamily, CAMK Ser/Thr protein kinase family"
"P49146","G-protein coupled receptor 1 family"
"P49184","DNase I family"
"P49189","Aldehyde dehydrogenase family"
"P49190","G-protein coupled receptor 2 family"
"P49207","Eukaryotic ribosomal protein eL34 family"
"P49221","Transglutaminase superfamily, Transglutaminase family"
"P49238","G-protein coupled receptor 1 family"
"P49247","Ribose 5-phosphate isomerase family"
"P49279","NRAMP family"
"P49281","NRAMP family"
"P49286","G-protein coupled receptor 1 family"
"P49321","NASP family"
"P49326","FMO family"
"P49335","POU transcription factor family, Class-3 subfamily"
"P49336","Protein kinase superfamily, CMGC Ser/Thr protein kinase family, CDC2/CDKX subfamily"
"P49354","Protein prenyltransferase subunit alpha family"
"P49356","Protein prenyltransferase subunit beta family"
"P49366","Deoxyhypusine synthase family"
"P49368","TCP-1 chaperonin family"
"P49407","Arrestin family"
"P49411","TRAFAC class translation factor GTPase superfamily, Classic translation factor GTPase family, EF-Tu/EF-1A subfamily"
"P49419","Aldehyde dehydrogenase family"
"P49427","Ubiquitin-conjugating enzyme family"
"P49448","Glu/Leu/Phe/Val dehydrogenases family"
"P49450","Histone H3 family"
"P49454","Centromere protein F family"
"P49458","SRP9 family"
"P49459","Ubiquitin-conjugating enzyme family"
"P49585","Cytidylyltransferase family"
"P49588","Class-II aminoacyl-tRNA synthetase family"
"P49589","Class-I aminoacyl-tRNA synthetase family"
"P49590","Class-II aminoacyl-tRNA synthetase family"
"P49591","Class-II aminoacyl-tRNA synthetase family, Type-1 seryl-tRNA synthetase subfamily"
"P49593","PP2C family"
"P49619","Eukaryotic diacylglycerol kinase family"
"P49639","Antp homeobox family, Labial subfamily"
"P49640","Even-skipped homeobox family"
"P49641","Glycosyl hydrolase 38 family"
"P49642","Eukaryotic-type primase small subunit family"
"P49643","Eukaryotic-type primase large subunit family"
"P49662","Peptidase C14A family"
"P49674","Protein kinase superfamily, CK1 Ser/Thr protein kinase family, Casein kinase I subfamily"
"P49682","G-protein coupled receptor 1 family"
"P49683","G-protein coupled receptor 1 family"
"P49685","G-protein coupled receptor 1 family"
"P49703","Small GTPase superfamily, Arf family"
"P49711","CTCF zinc-finger protein family"
"P49715","BZIP family, C/EBP subfamily"
"P49716","BZIP family, C/EBP subfamily"
"P49720","Peptidase T1B family"
"P49721","Peptidase T1B family"
"P49736","MCM family"
"P49746","Thrombospondin family"
"P49747","Thrombospondin family"
"P49748","Acyl-CoA dehydrogenase family"
"P49753","C/M/P thioester hydrolase family"
"P49754","VPS41 family"
"P49755","EMP24/GP25L family"
"P49759","Protein kinase superfamily, CMGC Ser/Thr protein kinase family, Lammer subfamily"
"P49760","Protein kinase superfamily, CMGC Ser/Thr protein kinase family, Lammer subfamily"
"P49761","Protein kinase superfamily, CMGC Ser/Thr protein kinase family, Lammer subfamily"
"P49763","PDGF/VEGF growth factor family"
"P49765","PDGF/VEGF growth factor family"
"P49767","PDGF/VEGF growth factor family"
"P49768","Peptidase A22A family"
"P49770","EIF-2B alpha/beta/delta subunits family"
"P49773","HINT family"
"P49788","Protease inhibitor I47 (latexin) family"
"P49790","NUP153 family"
"P49792","RanBP2 E3 ligase family"
"P49810","Peptidase A22A family"
"P49821","Complex I 51 kDa subunit family"
"P49840","Protein kinase superfamily, CMGC Ser/Thr protein kinase family, GSK-3 subfamily"
"P49841","Protein kinase superfamily, CMGC Ser/Thr protein kinase family, GSK-3 subfamily"
"P49842","STK19 family"
"P49848","TAF6 family"
"P49862","Peptidase S1 family, Kallikrein subfamily"
"P49863","Peptidase S1 family, Granzyme subfamily"
"P49888","Sulfotransferase 1 family"
"P49895","Iodothyronine deiodinase family"
"P49902","5'(3')-deoxyribonucleotidase family"
"P49903","Selenophosphate synthase 1 family, Class II subfamily"
"P49908","Selenoprotein P family"
"P49910","Krueppel C2H2-type zinc-finger protein family"
"P49913","Cathelicidin family"
"P49914","5-formyltetrahydrofolate cyclo-ligase family"
"P49916","ATP-dependent DNA ligase family"
"P49917","ATP-dependent DNA ligase family"
"P49918","CDI family"
"P49959","MRE11/RAD32 family"
"P49961","GDA1/CD39 NTPase family"
"P50052","G-protein coupled receptor 1 family"
"P50053","Carbohydrate kinase PfkB family"
"P50135","Class I-like SAM-binding methyltransferase superfamily, HNMT family"
"P50148","G-alpha family, G(q) subfamily"
"P50150","G protein gamma family"
"P50151","G protein gamma family"
"P50213","Isocitrate and isopropylmalate dehydrogenases family"
"P50225","Sulfotransferase 1 family"
"P50226","Sulfotransferase 1 family"
"P50281","Peptidase M10A family"
"P50336","Protoporphyrinogen/coproporphyrinogen oxidase family, Protoporphyrinogen oxidase subfamily"
"P50391","G-protein coupled receptor 1 family"
"P50395","Rab GDI family"
"P50406","G-protein coupled receptor 1 family"
"P50416","Carnitine/choline acetyltransferase family"
"P50440","Amidinotransferase family"
"P50443","SLC26A/SulP transporter (TC 2.A.53) family"
"P50452","Serpin family, Ov-serpin subfamily"
"P50453","Serpin family, Ov-serpin subfamily"
"P50454","Serpin family"
"P50502","FAM10 family"
"P50542","Peroxisomal targeting signal receptor family"
"P50548","ETS family"
"P50549","ETS family"
"P50552","Ena/VASP family"
"P50570","TRAFAC class dynamin-like GTPase superfamily, Dynamin/Fzo/YdjA family"
"P50579","Peptidase M24A family, Methionine aminopeptidase eukaryotic type 2 subfamily"
"P50583","Nudix hydrolase family"
"P50591","Tumor necrosis factor family"
"P50607","TUB family"
"P50613","Protein kinase superfamily, CMGC Ser/Thr protein kinase family, CDC2/CDKX subfamily"
"P50616","BTG family"
"P50747","Biotin--protein ligase family"
"P50750","Protein kinase superfamily, CMGC Ser/Thr protein kinase family, CDC2/CDKX subfamily"
"P50876","RBR family, RNF144 subfamily"
"P50897","Palmitoyl-protein thioesterase family"
"P50914","Eukaryotic ribosomal protein eL14 family"
"P50990","TCP-1 chaperonin family"
"P50991","TCP-1 chaperonin family"
"P50993","Cation transport ATPase (P-type) (TC 3.A.3) family, Type IIC subfamily"
"P50995","Annexin family"
"P51003","Poly(A) polymerase family"
"P51114","FMR1 family"
"P51116","FMR1 family"
"P51124","Peptidase S1 family, Granzyme subfamily"
"P51148","Small GTPase superfamily, Rab family"
"P51149","Small GTPase superfamily, Rab family"
"P51151","Small GTPase superfamily, Rab family"
"P51153","Small GTPase superfamily, Rab family"
"P51157","Small GTPase superfamily, Rab family"
"P51159","Small GTPase superfamily, Rab family"
"P51160","Cyclic nucleotide phosphodiesterase family"
"P51161","Calycin superfamily, Fatty-acid binding protein (FABP) family"
"P51164","X(+)/potassium ATPases subunit beta family"
"P51168","Amiloride-sensitive sodium channel (TC 1.A.6) family, SCNN1B subfamily"
"P51170","Amiloride-sensitive sodium channel (TC 1.A.6) family, SCNN1G subfamily"
"P51172","Amiloride-sensitive sodium channel (TC 1.A.6) family, SCNN1D subfamily"
"P51397","DAP-DAPL1 family"
"P51398","Mitochondrion-specific ribosomal protein mS29 family"
"P51449","Nuclear hormone receptor family, NR1 subfamily"
"P51451","Protein kinase superfamily, Tyr protein kinase family, SRC subfamily"
"P51452","Protein-tyrosine phosphatase family, Non-receptor class dual specificity subfamily"
"P51460","Insulin family"
"P51511","Peptidase M10A family"
"P51512","Peptidase M10A family"
"P51530","DNA2/NAM7 helicase family"
"P51531","SNF2/RAD54 helicase family"
"P51532","SNF2/RAD54 helicase family"
"P51553","Isocitrate and isopropylmalate dehydrogenases family"
"P51570","GHMP kinase family, GalK subfamily"
"P51571","TRAP-delta family"
"P51572","BCAP29/BCAP31 family"
"P51575","P2X receptor family"
"P51580","Class I-like SAM-binding methyltransferase superfamily, TPMT family"
"P51582","G-protein coupled receptor 1 family"
"P51589","Cytochrome P450 family"
"P51606","N-acylglucosamine 2-epimerase family"
"P51617","Protein kinase superfamily, TKL Ser/Thr protein kinase family, Pelle subfamily"
"P51636","Caveolin family"
"P51648","Aldehyde dehydrogenase family"
"P51649","Aldehyde dehydrogenase family"
"P51654","Glypican family"
"P51659","Short-chain dehydrogenases/reductases (SDR) family"
"P51665","Peptidase M67A family"
"P51668","Ubiquitin-conjugating enzyme family"
"P51671","Intercrine beta (chemokine CC) family"
"P51674","Myelin proteolipid protein family"
"P51677","G-protein coupled receptor 1 family"
"P51679","G-protein coupled receptor 1 family"
"P51681","G-protein coupled receptor 1 family"
"P51684","G-protein coupled receptor 1 family"
"P51685","G-protein coupled receptor 1 family"
"P51686","G-protein coupled receptor 1 family"
"P51688","Sulfatase family"
"P51690","Sulfatase family"
"P51692","Transcription factor STAT family"
"P51693","APP family"
"P51784","Peptidase C19 family"
"P51787","Potassium channel family, KQT (TC 1.A.1.15) subfamily, Kv7.1/KCNQ1 sub-subfamily"
"P51788","Chloride channel (TC 2.A.49) family, ClC-2/CLCN2 subfamily"
"P51790","Chloride channel (TC 2.A.49) family, ClC-3/CLCN3 subfamily"
"P51793","Chloride channel (TC 2.A.49) family, ClC-4/CLCN4 subfamily"
"P51795","Chloride channel (TC 2.A.49) family, ClC-5/CLCN5 subfamily"
"P51797","Chloride channel (TC 2.A.49) family, ClC-6/CLCN6 subfamily"
"P51798","Chloride channel (TC 2.A.49) family, ClC-7/CLCN7 subfamily"
"P51800","Chloride channel (TC 2.A.49) family, CLCNKA subfamily"
"P51801","Chloride channel (TC 2.A.49) family, CLCNKB subfamily"
"P51805","Plexin family"
"P51808","Dynein light chain Tctex-type family"
"P51809","Synaptobrevin family"
"P51810","G-protein coupled receptor OA family"
"P51811","XK family"
"P51812","Protein kinase superfamily, AGC Ser/Thr protein kinase family, S6 kinase subfamily"
"P51813","Protein kinase superfamily, Tyr protein kinase family, TEC subfamily"
"P51814","Krueppel C2H2-type zinc-finger protein family"
"P51816","AF4 family"
"P51817","Protein kinase superfamily, AGC Ser/Thr protein kinase family, cAMP subfamily"
"P51825","AF4 family"
"P51826","AF4 family"
"P51828","Adenylyl cyclase class-4/guanylyl cyclase family"
"P51841","Adenylyl cyclase class-4/guanylyl cyclase family"
"P51843","Nuclear hormone receptor family, NR0 subfamily"
"P51854","Transketolase family"
"P51857","Aldo/keto reductase family"
"P51858","HDGF family"
"P51864","EGF-CFC (Cripto-1/FRL1/Cryptic) family"
"P51878","Peptidase C14A family"
"P51884","Small leucine-rich proteoglycan (SLRP) family, SLRP class II subfamily"
"P51888","Small leucine-rich proteoglycan (SLRP) family, SLRP class II subfamily"
"P51911","Calponin family"
"P51946","Cyclin family, Cyclin C subfamily"
"P51955","Protein kinase superfamily, NEK Ser/Thr protein kinase family, NIMA subfamily"
"P51956","Protein kinase superfamily, NEK Ser/Thr protein kinase family, NIMA subfamily"
"P51957","Protein kinase superfamily, NEK Ser/Thr protein kinase family, NIMA subfamily"
"P51959","Cyclin family, Cyclin G subfamily"
"P51965","Ubiquitin-conjugating enzyme family"
"P51970","Complex I NDUFA8 subunit family"
"P51993","Glycosyltransferase 10 family"
"P52198","Small GTPase superfamily, Rho family"
"P52209","6-phosphogluconate dehydrogenase family"
"P52292","Importin alpha family"
"P52294","Importin alpha family"
"P52298","RRM NCBP2 family"
"P52333","Protein kinase superfamily, Tyr protein kinase family, JAK subfamily"
"P52429","Eukaryotic diacylglycerol kinase family"
"P52434","Eukaryotic RPB8 RNA polymerase subunit family"
"P52435","Archaeal Rpo11/eukaryotic RPB11/RPC19 RNA polymerase subunit family"
"P52564","Protein kinase superfamily, STE Ser/Thr protein kinase family, MAP kinase kinase subfamily"
"P52565","Rho GDI family"
"P52566","Rho GDI family"
"P52569","Amino acid-polyamine-organocation (APC) superfamily, Cationic amino acid transporter (CAT) (TC 2.A.3.3) family"
"P52630","Transcription factor STAT family"
"P52655","TFIIA subunit 1 family"
"P52657","TFIIA subunit 2 family"
"P52701","DNA mismatch repair MutS family"
"P52732","TRAFAC class myosin-kinesin ATPase superfamily, Kinesin family, BimC subfamily"
"P52736","Krueppel C2H2-type zinc-finger protein family"
"P52738","Krueppel C2H2-type zinc-finger protein family"
"P52739","Krueppel C2H2-type zinc-finger protein family"
"P52742","Krueppel C2H2-type zinc-finger protein family"
"P52744","Krueppel C2H2-type zinc-finger protein family"
"P52747","GLI C2H2-type zinc-finger protein family"
"P52756","RBM5/RBM10 family"
"P52758","RutC family"
"P52788","Spermidine/spermine synthase family"
"P52789","Hexokinase family"
"P52790","Hexokinase family"
"P52797","Ephrin family"
"P52798","Ephrin family"
"P52799","Ephrin family"
"P52803","Ephrin family"
"P52815","Bacterial ribosomal protein bL12 family"
"P52823","Stanniocalcin family"
"P52824","Eukaryotic diacylglycerol kinase family"
"P52848","Sulfotransferase 1 family, NDST subfamily"
"P52849","Sulfotransferase 1 family, NDST subfamily"
"P52888","Peptidase M3 family"
"P52895","Aldo/keto reductase family"
"P52907","F-actin-capping protein alpha subunit family"
"P52926","HMGA family"
"P52945","Antp homeobox family, IPF1/XlHbox-8 subfamily"
"P52948","Nucleoporin GLFG family"
"P52952","NK-2 homeobox family"
"P52961","Arg-specific ADP-ribosyltransferase family"
"P53004","Gfo/Idh/MocA family, Biliverdin reductase subfamily"
"P53007","Mitochondrial carrier (TC 2.A.29) family"
"P53041","PPP phosphatase family, PP-5 (PP-T) subfamily"
"P53350","Protein kinase superfamily, Ser/Thr protein kinase family, CDC5/Polo subfamily"
"P53355","Protein kinase superfamily, CAMK Ser/Thr protein kinase family, DAP kinase subfamily"
"P53370","Nudix hydrolase family"
"P53384","Mrp/NBP35 ATP-binding proteins family, NUBP1/NBP35 subfamily"
"P53396","Succinate/malate CoA ligase beta subunit family"
"P53396"," Succinate/malate CoA ligase alpha subunit family"
"P53420","Type IV collagen family"
"P53539","BZIP family, Fos subfamily"
"P53567","BZIP family, C/EBP subfamily"
"P53582","Peptidase M24A family, Methionine aminopeptidase type 1 subfamily"
"P53597","Succinate/malate CoA ligase alpha subunit family"
"P53602","Diphosphomevalonate decarboxylase family"
"P53609","Protein prenyltransferase subunit beta family"
"P53611","Protein prenyltransferase subunit beta family"
"P53634","Peptidase C1 family"
"P53667","Protein kinase superfamily, TKL Ser/Thr protein kinase family"
"P53671","Protein kinase superfamily, TKL Ser/Thr protein kinase family"
"P53672","Beta/gamma-crystallin family"
"P53673","Beta/gamma-crystallin family"
"P53674","Beta/gamma-crystallin family"
"P53675","Clathrin heavy chain family"
"P53677","Adaptor complexes medium subunit family"
"P53680","Adaptor complexes small subunit family"
"P53701","Cytochrome c-type heme lyase family"
"P53708","Integrin alpha chain family"
"P53778","Protein kinase superfamily, CMGC Ser/Thr protein kinase family, MAP kinase subfamily"
"P53779","Protein kinase superfamily, CMGC Ser/Thr protein kinase family, MAP kinase subfamily"
"P53794","Sodium:solute symporter (SSF) (TC 2.A.21) family"
"P53803","Archaeal Rpo12/eukaryotic RPC10 RNA polymerase subunit family"
"P53805","RCAN family"
"P53814","Smoothelin family"
"P53816","H-rev107 family"
"P53985","Major facilitator superfamily, Monocarboxylate porter (TC 2.A.1.13) family"
"P53990","IST1 family"
"P53992","SEC23/SEC24 family, SEC24 subfamily"
"P53999","Transcriptional coactivator PC4 family"
"P54098","DNA polymerase type-A family"
"P54105","PICln (TC 1.A.47) family"
"P54107","CRISP family"
"P54108","CRISP family"
"P54132","Helicase family, RecQ subfamily"
"P54136","Class-I aminoacyl-tRNA synthetase family"
"P54198","WD repeat HIR1 family"
"P54219","Major facilitator superfamily, Vesicular transporter family"
"P54253","ATXN1 family"
"P54277","DNA mismatch repair MutL/HexB family"
"P54278","DNA mismatch repair MutL/HexB family"
"P54284","Calcium channel beta subunit family"
"P54289","Calcium channel subunit alpha-2/delta family"
"P54315","AB hydrolase superfamily, Lipase family"
"P54317","AB hydrolase superfamily, Lipase family"
"P54368","ODC antizyme family"
"P54577","Class-I aminoacyl-tRNA synthetase family"
"P54578","Peptidase C19 family, USP14/UBP6 subfamily"
"P54619","5'-AMP-activated protein kinase gamma subunit family"
"P54646","Protein kinase superfamily, CAMK Ser/Thr protein kinase family, SNF1 subfamily"
"P54652","Heat shock protein 70 family"
"P54687","Class-IV pyridoxal-phosphate-dependent aminotransferase family"
"P54707","Cation transport ATPase (P-type) (TC 3.A.3) family, Type IIC subfamily"
"P54709","X(+)/potassium ATPases subunit beta family"
"P54710","FXYD family"
"P54725","RAD23 family"
"P54727","RAD23 family"
"P54750","Cyclic nucleotide phosphodiesterase family, PDE1 subfamily"
"P54753","Protein kinase superfamily, Tyr protein kinase family, Ephrin receptor subfamily"
"P54756","Protein kinase superfamily, Tyr protein kinase family, Ephrin receptor subfamily"
"P54760","Protein kinase superfamily, Tyr protein kinase family, Ephrin receptor subfamily"
"P54762","Protein kinase superfamily, Tyr protein kinase family, Ephrin receptor subfamily"
"P54764","Protein kinase superfamily, Tyr protein kinase family, Ephrin receptor subfamily"
"P54802","Glycosyl hydrolase 89 family"
"P54803","Glycosyl hydrolase 59 family"
"P54819","Adenylate kinase family, AK2 subfamily"
"P54821","Paired homeobox family"
"P54829","Protein-tyrosine phosphatase family, Non-receptor class subfamily"
"P54840","Glycosyltransferase 3 family"
"P54845","BZIP family"
"P54849","PMP-22/EMP/MP20 family"
"P54851","PMP-22/EMP/MP20 family"
"P54852","PMP-22/EMP/MP20 family"
"P54855","UDP-glycosyltransferase family"
"P54868","Thiolase-like superfamily, HMG-CoA synthase family"
"P54886","Glutamate 5-kinase family"
"P54886"," Gamma-glutamyl phosphate reductase family"
"P54920","SNAP family"
"P54922","ADP-ribosylglycohydrolase family"
"P55001","MFAP family"
"P55010","EIF-2-beta/eIF-5 family"
"P55011","SLC12A transporter family"
"P55017","SLC12A transporter family"
"P55036","Proteasome subunit S5A family"
"P55039","TRAFAC class OBG-HflX-like GTPase superfamily, OBG GTPase family"
"P55040","Small GTPase superfamily, RGK family"
"P55042","Small GTPase superfamily, RGK family"
"P55055","Nuclear hormone receptor family, NR1 subfamily"
"P55056","Apolipoprotein C4 family"
"P55058","BPI/LBP/Plunc superfamily, BPI/LBP family"
"P55060","XPO2/CSE1 family"
"P55061","BI1 family"
"P55064","MIP/aquaporin (TC 1.A.8) family"
"P55072","AAA ATPase family"
"P55073","Iodothyronine deiodinase family"
"P55075","Heparin-binding growth factors family"
"P55081","MFAP1 family"
"P55084","Thiolase-like superfamily, Thiolase family"
"P55085","G-protein coupled receptor 1 family"
"P55087","MIP/aquaporin (TC 1.A.8) family"
"P55089","Sauvagine/corticotropin-releasing factor/urotensin I family"
"P55107","TGF-beta family"
"P55145","ARMET family"
"P55160","HEM-1/HEM-2 family"
"P55199","ELL/occludin family"
"P55209","Nucleosome assembly protein (NAP) family"
"P55210","Peptidase C14A family"
"P55211","Peptidase C14A family"
"P55212","Peptidase C14A family"
"P55263","Carbohydrate kinase PfkB family"
"P55273","CDKN2 cyclin-dependent kinase inhibitor family"
"P55327","TPD52 family"
"P55344","PMP-22/EMP/MP20 family"
"P55345","Class I-like SAM-binding methyltransferase superfamily, Protein arginine N-methyltransferase family"
"P55347","TALE/MEIS homeobox family"
"P55735","WD repeat SEC13 family"
"P55769","Eukaryotic ribosomal protein eL8 family"
"P55773","Intercrine beta (chemokine CC) family"
"P55774","Intercrine beta (chemokine CC) family"
"P55786","Peptidase M1 family"
"P55809","3-oxoacid CoA-transferase family"
"P55851","Mitochondrial carrier (TC 2.A.29) family"
"P55854","Ubiquitin family, SUMO subfamily"
"P55884","EIF-3 subunit B family"
"P55895","RAG2 family"
"P55899","Immunoglobulin superfamily"
"P55916","Mitochondrial carrier (TC 2.A.29) family"
"P56134","ATPase F chain family"
"P56159","GDNFR family"
"P56177","Distal-less homeobox family"
"P56178","Distal-less homeobox family"
"P56179","Distal-less homeobox family"
"P56181","Complex I NDUFV3 subunit family"
"P56182","RRP1 family"
"P56192","Class-I aminoacyl-tRNA synthetase family"
"P56199","Integrin alpha chain family"
"P56202","Peptidase C1 family"
"P56211","Endosulfine family"
"P56279","TCL1 family"
"P56282","DNA polymerase epsilon subunit B family"
"P56373","P2X receptor family"
"P56377","Adaptor complexes small subunit family"
"P56378","Small mitochondrial proteolipid family"
"P56381","Eukaryotic ATPase epsilon family"
"P56385","ATPase e subunit family"
"P56524","Histone deacetylase family, HD type 2 subfamily"
"P56537","EIF-6 family"
"P56539","Caveolin family"
"P56545","D-isomer specific 2-hydroxyacid dehydrogenase family"
"P56556","Complex I LYR family"
"P56557","UPF0220 family"
"P56559","Small GTPase superfamily, Arf family"
"P56589","Peroxin-3 family"
"P56597","NDK family"
"P56696","Potassium channel family, KQT (TC 1.A.1.15) subfamily, Kv7.4/KCNQ4 sub-subfamily"
"P56703","Wnt family"
"P56704","Wnt family"
"P56705","Wnt family"
"P56706","Wnt family"
"P56730","Peptidase S1 family"
"P56746","Claudin family"
"P56747","Claudin family"
"P56748","Claudin family"
"P56750","Claudin family"
"P56817","Peptidase A1 family"
"P56856","Claudin family"
"P56880","Claudin family"
"P56915","Paired homeobox family, Bicoid subfamily"
"P56937","Short-chain dehydrogenases/reductases (SDR) family, ERG27 subfamily"
"P56945","CAS family"
"P56962","Syntaxin family"
"P56975","Neuregulin family"
"P57053","Histone H2B family"
"P57054","PIGP family"
"P57055","Ripply family"
"P57057","Major facilitator superfamily, Organophosphate:Pi antiporter (OPA) (TC 2.A.1.4) family"
"P57059","Protein kinase superfamily, CAMK Ser/Thr protein kinase family, AMPK subfamily"
"P57071","Class V-like SAM-binding methyltransferase superfamily"
"P57076","CFAP298 family"
"P57078","Protein kinase superfamily, TKL Ser/Thr protein kinase family"
"P57081","WD repeat TRM82 family"
"P57087","Immunoglobulin superfamily"
"P57088","PER33/POM33 family"
"P57103","Ca(2+):cation antiporter (CaCA) (TC 2.A.19) family, SLC8 subfamily"
"P57682","Krueppel C2H2-type zinc-finger protein family"
"P57727","Peptidase S1 family"
"P57729","Small GTPase superfamily, Rab family"
"P57735","Small GTPase superfamily, Rab family"
"P57737","WD repeat coronin family"
"P57738","TCTA family"
"P57739","Claudin family"
"P57740","Nucleoporin Nup84/Nup107 family"
"P57764","Gasdermin family"
"P57768","Sorting nexin family"
"P57772","TRAFAC class translation factor GTPase superfamily, Classic translation factor GTPase family, SelB subfamily"
"P57789","Two pore domain potassium channel (TC 1.A.1.8) family"
"P58004","Sestrin family"
"P58005","Sestrin family"
"P58107","Plakin or cytolinker family"
"P58215","Lysyl oxidase family"
"P58304","Paired homeobox family"
"P58335","ATR family"
"P58340","MLF family"
"P58400","Neurexin family"
"P58401","Neurexin family"
"P58418","Clarin family"
"P58499","FAM3 family"
"P58546","Myotrophin family"
"P58743","SLC26A/SulP transporter (TC 2.A.53) family"
"P58876","Histone H2B family"
"P59044","NLRP family"
"P59046","NLRP family"
"P59047","NLRP family"
"P59190","Small GTPase superfamily, Rab family"
"P59542","G-protein coupled receptor T2R family"
"P59665","Alpha-defensin family"
"P59666","Alpha-defensin family"
"P59768","G protein gamma family"
"P59773","MINAR family"
"P59780","Adaptor complexes small subunit family"
"P59827","BPI/LBP/Plunc superfamily, BPI/LBP family"
"P59923","Krueppel C2H2-type zinc-finger protein family"
"P59990","KRTAP type 12 family"
"P59991","KRTAP type 12 family"
"P59998","ARPC4 family"
"P60002","ELOF1 family"
"P60006","APC15 family"
"P60008","Histone H1/H5 family"
"P60014","KRTAP type 10 family"
"P60022","Beta-defensin family"
"P60033","Tetraspanin (TM4SF) family"
"P60059","SecE/SEC61-gamma family"
"P60174","Triosephosphate isomerase family"
"P60201","Myelin proteolipid protein family"
"P60228","EIF-3 subunit E family"
"P60321","Nanos family"
"P60323","Nanos family"
"P60328","KRTAP type 12 family"
"P60329","KRTAP type 12 family"
"P60368","KRTAP type 10 family"
"P60370","KRTAP type 10 family"
"P60371","KRTAP type 10 family"
"P60372","KRTAP type 10 family"
"P60409","KRTAP type 10 family"
"P60410","KRTAP type 10 family"
"P60411","KRTAP type 10 family"
"P60412","KRTAP type 10 family"
"P60468","SEC61-beta family"
"P60484","PTEN phosphatase protein family"
"P60507","Gamma type-C retroviral envelope protein family, HERV class-I F(c)1 env subfamily"
"P60508","Gamma type-C retroviral envelope protein family, HERV class-I FRD env subfamily"
"P60510","PPP phosphatase family, PP-4 (PP-X) subfamily"
"P60520","ATG8 family"
"P60568","IL-2 family"
"P60602","MGR2 family"
"P60604","Ubiquitin-conjugating enzyme family"
"P60709","Actin family"
"P60763","Small GTPase superfamily, Rho family"
"P60842","DEAD box helicase family, eIF4A subfamily"
"P60852","ZP domain family, ZPB subfamily"
"P60866","Universal ribosomal protein uS10 family"
"P60880","SNAP-25 family"
"P60891","Ribose-phosphate pyrophosphokinase family"
"P60896","DSS1/SEM1 family"
"P60900","Peptidase T1A family"
"P60903","S-100 family"
"P60953","Small GTPase superfamily, Rho family, CDC42 subfamily"
"P60981","Actin-binding proteins ADF family"
"P61006","Small GTPase superfamily, Rab family"
"P61009","SPCS3 family"
"P61011","GTP-binding SRP family, SRP54 subfamily"
"P61018","Small GTPase superfamily, Rab family"
"P61019","Small GTPase superfamily, Rab family"
"P61020","Small GTPase superfamily, Rab family"
"P61024","CKS family"
"P61026","Small GTPase superfamily, Rab family"
"P61073","G-protein coupled receptor 1 family"
"P61077","Ubiquitin-conjugating enzyme family"
"P61081","Ubiquitin-conjugating enzyme family, UBC12 subfamily"
"P61086","Ubiquitin-conjugating enzyme family"
"P61088","Ubiquitin-conjugating enzyme family"
"P61106","Small GTPase superfamily, Rab family"
"P61158","Actin family, ARP3 subfamily"
"P61160","Actin family, ARP2 subfamily"
"P61163","Actin family, ARP1 subfamily"
"P61165","OST5 family"
"P61201","CSN2 family"
"P61204","Small GTPase superfamily, Arf family"
"P61218","Archaeal Rpo6/eukaryotic RPB6 RNA polymerase subunit family"
"P61221","ABC transporter superfamily, ABCE family"
"P61224","Small GTPase superfamily, Ras family"
"P61225","Small GTPase superfamily, Ras family"
"P61244","MAX family"
"P61247","Eukaryotic ribosomal protein eS1 family"
"P61254","Universal ribosomal protein uL24 family"
"P61266","Syntaxin family"
"P61278","Somatostatin family"
"P61289","PA28 family"
"P61313","Eukaryotic ribosomal protein eL15 family"
"P61326","Mago nashi family"
"P61328","Heparin-binding growth factors family"
"P61353","Eukaryotic ribosomal protein eL27 family"
"P61421","V-ATPase V0D/AC39 subunit family"
"P61457","Pterin-4-alpha-carbinolamine dehydratase family"
"P61513","Eukaryotic ribosomal protein eL43 family"
"P61586","Small GTPase superfamily, Rho family"
"P61587","Small GTPase superfamily, Rho family"
"P61599","Acetyltransferase family, ARD1 subfamily"
"P61601","Recoverin family"
"P61604","GroES chaperonin family"
"P61619","SecY/SEC61-alpha family"
"P61626","Glycosyl hydrolase 22 family"
"P61647","Glycosyltransferase 29 family"
"P61758","Prefoldin subunit alpha family"
"P61764","STXBP/unc-18/SEC1 family"
"P61769","Beta-2-microglobulin family"
"P61803","DAD/OST2 family"
"P61812","TGF-beta family"
"P61916","NPC2 family"
"P61923","Adaptor complexes small subunit family"
"P61925","PKI family"
"P61927","Eukaryotic ribosomal protein eL37 family"
"P61952","G protein gamma family"
"P61956","Ubiquitin family, SUMO subfamily"
"P61960","UFM1 family"
"P61962","WD repeat DCAF7 family"
"P61964","WD repeat WDR5/wds family"
"P61966","Adaptor complexes small subunit family"
"P61981","14-3-3 family"
"P62068","Peptidase C19 family, USP12/USP46 subfamily"
"P62070","Small GTPase superfamily, Ras family"
"P62072","Small Tim family"
"P62079","Tetraspanin (TM4SF) family"
"P62081","Eukaryotic ribosomal protein eS7 family"
"P62136","PPP phosphatase family, PP-1 subfamily"
"P62140","PPP phosphatase family, PP-1 subfamily"
"P62166","Recoverin family"
"P62191","AAA ATPase family"
"P62195","AAA ATPase family"
"P62241","Eukaryotic ribosomal protein eS8 family"
"P62244","Universal ribosomal protein uS8 family"
"P62249","Universal ribosomal protein uS9 family"
"P62253","Ubiquitin-conjugating enzyme family"
"P62256","Ubiquitin-conjugating enzyme family"
"P62258","14-3-3 family"
"P62263","Universal ribosomal protein uS11 family"
"P62266","Universal ribosomal protein uS12 family"
"P62269","Universal ribosomal protein uS13 family"
"P62273","Universal ribosomal protein uS14 family"
"P62277","Universal ribosomal protein uS15 family"
"P62280","Universal ribosomal protein uS17 family"
"P62304","SnRNP Sm proteins family"
"P62306","SnRNP Sm proteins family, SmF/LSm6 subfamily"
"P62308","SnRNP Sm proteins family"
"P62310","SnRNP Sm proteins family"
"P62312","SnRNP Sm proteins family, SmF/LSm6 subfamily"
"P62314","SnRNP core protein family"
"P62316","SnRNP core protein family"
"P62318","SnRNP core protein family"
"P62324","BTG family"
"P62328","Thymosin beta family"
"P62330","Small GTPase superfamily, Arf family"
"P62333","AAA ATPase family"
"P62341","SelWTH family, Selenoprotein T subfamily"
"P62380","TBP family"
"P62424","Eukaryotic ribosomal protein eL8 family"
"P62487","Eukaryotic RPB7/RPC8 RNA polymerase subunit family"
"P62491","Small GTPase superfamily, Rab family"
"P62495","Eukaryotic release factor 1 family"
"P62508","Nuclear hormone receptor family, NR3 subfamily"
"P62699","Yippee family"
"P62701","Eukaryotic ribosomal protein eS4 family"
"P62714","PPP phosphatase family, PP-1 subfamily"
"P62736","Actin family"
"P62745","Small GTPase superfamily, Rho family"
"P62750","Universal ribosomal protein uL23 family"
"P62753","Eukaryotic ribosomal protein eS6 family"
"P62760","Recoverin family"
"P62805","Histone H4 family"
"P62807","Histone H2B family"
"P62820","Small GTPase superfamily, Rab family"
"P62826","Small GTPase superfamily, Ran family"
"P62829","Universal ribosomal protein uL14 family"
"P62834","Small GTPase superfamily, Ras family"
"P62837","Ubiquitin-conjugating enzyme family"
"P62841","Universal ribosomal protein uS19 family"
"P62847","Eukaryotic ribosomal protein eS24 family"
"P62851","Eukaryotic ribosomal protein eS25 family"
"P62854","Eukaryotic ribosomal protein eS26 family"
"P62857","Eukaryotic ribosomal protein eS28 family"
"P62861","Ubiquitin family"
"P62861"," Eukaryotic ribosomal protein eS30 family"
"P62873","WD repeat G protein beta family"
"P62875","Archaeal Rpo10/eukaryotic RPB10 RNA polymerase subunit family"
"P62877","RING-box family"
"P62879","WD repeat G protein beta family"
"P62888","Eukaryotic ribosomal protein eL30 family"
"P62891","Eukaryotic ribosomal protein eL39 family"
"P62899","Eukaryotic ribosomal protein eL31 family"
"P62906","Universal ribosomal protein uL1 family"
"P62910","Eukaryotic ribosomal protein eL32 family"
"P62913","Universal ribosomal protein uL5 family"
"P62917","Universal ribosomal protein uL2 family"
"P62937","Cyclophilin-type PPIase family, PPIase A subfamily"
"P62942","FKBP-type PPIase family, FKBP1 subfamily"
"P62945","Eukaryotic ribosomal protein eS32 family"
"P62952","BLCAP family"
"P62955","PMP-22/EMP/MP20 family, CACNG subfamily"
"P62979","Ubiquitin family"
"P62979"," Eukaryotic ribosomal protein eS31 family"
"P62987","Ubiquitin family"
"P62987"," Eukaryotic ribosomal protein eL40 family"
"P62993","GRB2/sem-5/DRK family"
"P62995","Splicing factor SR family"
"P63000","Small GTPase superfamily, Rho family"
"P63010","Adaptor complexes large subunit family"
"P63027","Synaptobrevin family"
"P63092","G-alpha family, G(s) subfamily"
"P63096","G-alpha family, G(i/o/t/z) subfamily"
"P63098","Calcineurin regulatory subunit family"
"P63104","14-3-3 family"
"P63128","Beta type-B retroviral polymerase family, HERV class-II K(HML-2) pol subfamily"
"P63146","Ubiquitin-conjugating enzyme family"
"P63151","Phosphatase 2A regulatory subunit B family"
"P63162","SnRNP SmB/SmN family"
"P63165","Ubiquitin family, SUMO subfamily"
"P63167","Dynein light chain family"
"P63172","Dynein light chain Tctex-type family"
"P63173","Eukaryotic ribosomal protein eL38 family"
"P63208","SKP1 family"
"P63211","G protein gamma family"
"P63218","G protein gamma family"
"P63220","Eukaryotic ribosomal protein eS21 family"
"P63241","EIF-5A family"
"P63244","WD repeat G protein beta family, Ribosomal protein RACK1 subfamily"
"P63252","Inward rectifier-type potassium channel (TC 1.A.2.1) family, KCNJ2 subfamily"
"P63261","Actin family"
"P63267","Actin family"
"P63272","SPT4 family"
"P63279","Ubiquitin-conjugating enzyme family"
"P63316","Troponin C family"
"P67775","PPP phosphatase family, PP-1 subfamily"
"P67809","YBX1 family"
"P67812","Peptidase S26B family"
"P67870","Casein kinase 2 subunit beta family"
"P67936","Tropomyosin family"
"P68032","Actin family"
"P68036","Ubiquitin-conjugating enzyme family"
"P68104","TRAFAC class translation factor GTPase superfamily, Classic translation factor GTPase family, EF-Tu/EF-1A subfamily"
"P68106","FKBP-type PPIase family, FKBP1 subfamily"
"P68133","Actin family"
"P68363","Tubulin family"
"P68366","Tubulin family"
"P68371","Tubulin family"
"P68400","Protein kinase superfamily, Ser/Thr protein kinase family, CK2 subfamily"
"P68402","'GDSL' lipolytic enzyme family, Platelet-activating factor acetylhydrolase IB beta/gamma subunits subfamily"
"P68431","Histone H3 family"
"P68871","Globin family"
"P69891","Globin family"
"P69892","Globin family"
"P69905","Globin family"
"P78316","NOP14 family"
"P78318","IGBP1/TAP42 family"
"P78329","Cytochrome P450 family"
"P78330","HAD-like hydrolase superfamily, SerB family"
"P78333","Glypican family"
"P78334","Ligand-gated ion channel (TC 1.A.9) family, Gamma-aminobutyric acid receptor (TC 1.A.9.5) subfamily, GABRE sub-subfamily"
"P78337","Paired homeobox family, Bicoid subfamily"
"P78344","Eukaryotic initiation factor 4G family"
"P78345","Eukaryotic ribosomal protein eL8 family"
"P78346","Eukaryotic/archaeal RNase P protein component 3 family"
"P78347","TFII-I family"
"P78348","Amiloride-sensitive sodium channel (TC 1.A.6) family, ASIC1 subfamily"
"P78352","MAGUK family"
"P78357","Neurexin family"
"P78358","CTAG/PCC1 family"
"P78362","Protein kinase superfamily, CMGC Ser/Thr protein kinase family"
"P78363","ABC transporter superfamily, ABCA family"
"P78367","NK-3 homeobox family"
"P78368","Protein kinase superfamily, CK1 Ser/Thr protein kinase family, Casein kinase I subfamily"
"P78369","Claudin family"
"P78371","TCP-1 chaperonin family"
"P78381","Nucleotide-sugar transporter family, SLC35A subfamily"
"P78382","Nucleotide-sugar transporter family, SLC35A subfamily"
"P78383","Nucleotide-sugar transporter family, SLC35B subfamily"
"P78385","Intermediate filament family"
"P78386","Intermediate filament family"
"P78395","PRAME family"
"P78396","Cyclin family, Cyclin AB subfamily"
"P78406","WD repeat rae1 family"
"P78410","Immunoglobulin superfamily, BTN/MOG family"
"P78411","TALE/IRO homeobox family"
"P78412","TALE/IRO homeobox family"
"P78413","TALE/IRO homeobox family"
"P78415","TALE/IRO homeobox family"
"P78417","GST superfamily, Omega family"
"P78423","Intercrine delta family"
"P78424","POU transcription factor family, Class-6 subfamily"
"P78508","Inward rectifier-type potassium channel (TC 1.A.2.1) family, KCNJ10 subfamily"
"P78509","Reelin family"
"P78527","PI3/PI4-kinase family"
"P78537","BLOC1S1 family"
"P78540","Arginase family"
"P78543","BTG family"
"P78545","ETS family"
"P78549","Nth/MutY family"
"P78552","Type I cytokine receptor family, Type 5 subfamily"
"P78556","Intercrine beta (chemokine CC) family"
"P78559","MAP1 family"
"P78562","Peptidase M13 family"
"P79483","MHC class II family"
"P80075","Intercrine beta (chemokine CC) family"
"P80098","Intercrine beta (chemokine CC) family"
"P80108","GPLD1 family"
"P80162","Intercrine alpha (chemokine CxC) family"
"P80188","Calycin superfamily, Lipocalin family"
"P80192","Protein kinase superfamily, STE Ser/Thr protein kinase family, MAP kinase kinase kinase subfamily"
"P80217","NMI family"
"P80294","Metallothionein superfamily, Type 1 family"
"P80297","Metallothionein superfamily, Type 1 family"
"P80303","Nucleobindin family"
"P80365","Short-chain dehydrogenases/reductases (SDR) family"
"P80404","Class-III pyridoxal-phosphate-dependent aminotransferase family"
"P80511","S-100 family"
"P80723","BASP1 family"
"P81172","Hepcidin family"
"P81274","GPSM family"
"P81408","ENTREP family"
"P81534","Beta-defensin family"
"P82251","Amino acid-polyamine-organocation (APC) superfamily"
"P82279","Crumbs protein family"
"P82650","Mitochondrion-specific ribosomal protein mS22 family"
"P82673","Mitochondrion-specific ribosomal protein mS35 family"
"P82914","Universal ribosomal protein uS15 family"
"P82930","Mitochondrion-specific ribosomal protein mS34 family"
"P82932","Bacterial ribosomal protein bS6 family"
"P82979","SAP domain-containing ribonucleoprotein family"
"P83105","Peptidase S1C family"
"P83110","Peptidase S1C family"
"P83111","Peptidase S12 family"
"P83369","SnRNP Sm proteins family"
"P83436","COG7 family"
"P83731","Eukaryotic ribosomal protein eL24 family"
"P83876","DIM1 family"
"P83881","Eukaryotic ribosomal protein eL42 family"
"P84022","Dwarfin/SMAD family"
"P84074","Recoverin family"
"P84077","Small GTPase superfamily, Arf family"
"P84085","Small GTPase superfamily, Arf family"
"P84090","E(R) family"
"P84095","Small GTPase superfamily, Rho family"
"P84098","Eukaryotic ribosomal protein eL19 family"
"P84103","Splicing factor SR family"
"P84243","Histone H3 family"
"P84550","SKI family"
"P84996","ALEX family"
"P85299","PROTOR family"
"P86397","HTD2 family"
"P86479","PRR20 family"
"P86480","PRR20 family"
"P98073","Peptidase S1 family"
"P98095","Fibulin family"
"P98161","Polycystin family"
"P98164","LDLR family"
"P98168","ZXD family"
"P98170","IAP family"
"P98172","Ephrin family"
"P98173","FAM3 family"
"P98187","Cytochrome P450 family"
"P98194","Cation transport ATPase (P-type) (TC 3.A.3) family, Type IIA subfamily"
"P98196","Cation transport ATPase (P-type) (TC 3.A.3) family, Type IV subfamily"
"P98198","Cation transport ATPase (P-type) (TC 3.A.3) family, Type IV subfamily"
"P99999","Cytochrome c family"
"Q00005","Phosphatase 2A regulatory subunit B family"
"Q00013","MAGUK family"
"Q00056","Antp homeobox family, Deformed subfamily"
"Q00169","PtdIns transfer protein family, PI transfer class I subfamily"
"Q00266","AdoMet synthase family"
"Q00325","Mitochondrial carrier (TC 2.A.29) family"
"Q00403","TFIIB family"
"Q00444","Antp homeobox family"
"Q00526","Protein kinase superfamily, CMGC Ser/Thr protein kinase family, CDC2/CDKX subfamily"
"Q00532","Protein kinase superfamily, CMGC Ser/Thr protein kinase family, CDC2/CDKX subfamily"
"Q00534","Protein kinase superfamily, CMGC Ser/Thr protein kinase family, CDC2/CDKX subfamily"
"Q00535","Protein kinase superfamily, CMGC Ser/Thr protein kinase family, CDC2/CDKX subfamily"
"Q00536","Protein kinase superfamily, CMGC Ser/Thr protein kinase family, CDC2/CDKX subfamily"
"Q00537","Protein kinase superfamily, CMGC Ser/Thr protein kinase family, CDC2/CDKX subfamily"
"Q00577","PUR DNA-binding protein family"
"Q00587","BORG/CEP family"
"Q00610","Clathrin heavy chain family"
"Q00613","HSF family"
"Q00688","FKBP-type PPIase family"
"Q00765","DP1 family"
"Q00796","Zinc-containing alcohol dehydrogenase family"
"Q00872","Immunoglobulin superfamily, MyBP family"
"Q00887","Immunoglobulin superfamily, CEA family"
"Q00889","Immunoglobulin superfamily, CEA family"
"Q00973","Glycosyltransferase 2 family"
"Q00975","Calcium channel alpha-1 subunit (TC 1.A.1.11) family, CACNA1B subfamily"
"Q00978","IRF family"
"Q00987","MDM2/MDM4 family"
"Q00994","BEX family"
"Q00G26","Perilipin family"
"Q00LT1","PRCD family"
"Q01064","Cyclic nucleotide phosphodiesterase family, PDE1 subfamily"
"Q01081","Splicing factor SR family"
"Q01082","Spectrin family"
"Q01094","E2F/DP family"
"Q01101","INSM1 family"
"Q01105","Nucleosome assembly protein (NAP) family"
"Q01113","Type I cytokine receptor family, Type 4 subfamily"
"Q01118","Sodium channel (TC 1.A.1.10) family, SCN7A subfamily"
"Q01130","Splicing factor SR family"
"Q01344","Type I cytokine receptor family, Type 5 subfamily"
"Q01362","MS4A family"
"Q01415","GHMP kinase family, GalK subfamily"
"Q01432","Metallo-dependent hydrolases superfamily, Adenosine and AMP deaminases family"
"Q01433","Metallo-dependent hydrolases superfamily, Adenosine and AMP deaminases family"
"Q01453","PMP-22/EMP/MP20 family"
"Q01469","Calycin superfamily, Fatty-acid binding protein (FABP) family"
"Q01518","CAP family"
"Q01523","Alpha-defensin family"
"Q01524","Alpha-defensin family"
"Q01534","Nucleosome assembly protein (NAP) family"
"Q01538","MYT1 family"
"Q01543","ETS family"
"Q01546","Intermediate filament family"
"Q01581","Thiolase-like superfamily, HMG-CoA synthase family"
"Q01628","CD225/Dispanin family"
"Q01629","CD225/Dispanin family"
"Q01638","Interleukin-1 receptor family"
"Q01650","Amino acid-polyamine-organocation (APC) superfamily, L-type amino acid transporter (LAT) (TC 2.A.3.8) family"
"Q01658","NC2 beta/DR1 family"
"Q01668","Calcium channel alpha-1 subunit (TC 1.A.1.11) family, CACNA1D subfamily"
"Q01718","G-protein coupled receptor 1 family"
"Q01726","G-protein coupled receptor 1 family"
"Q01740","FMO family"
"Q01780","Exosome component 10/RRP6 family"
"Q01813","Phosphofructokinase type A (PFKA) family, ATP-dependent PFK group I subfamily, Eukaryotic two domain clade 'E' sub-subfamily"
"Q01814","Cation transport ATPase (P-type) (TC 3.A.3) family, Type IIB subfamily"
"Q01826","CUT homeobox family"
"Q01831","XPC family"
"Q01844","RRM TET family"
"Q01850","CDR2 family"
"Q01851","POU transcription factor family, Class-4 subfamily"
"Q01860","POU transcription factor family, Class-5 subfamily"
"Q01892","ETS family"
"Q01955","Type IV collagen family"
"Q01959","Sodium:neurotransmitter symporter (SNF) (TC 2.A.22) family, SLC6A3 subfamily"
"Q01968","Inositol 1,4,5-trisphosphate 5-phosphatase type II family"
"Q01973","Protein kinase superfamily, Tyr protein kinase family, ROR subfamily"
"Q01974","Protein kinase superfamily, Tyr protein kinase family, ROR subfamily"
"Q02078","MEF2 family"
"Q02080","MEF2 family"
"Q02083","Acid ceramidase family"
"Q02086","Sp1 C2H2-type zinc-finger protein family"
"Q02094","Ammonium transporter (TC 2.A.49) family, Rh subfamily"
"Q02108","Adenylyl cyclase class-4/guanylyl cyclase family"
"Q02127","Dihydroorotate dehydrogenase family, Type 2 subfamily"
"Q02153","Adenylyl cyclase class-4/guanylyl cyclase family"
"Q02156","Protein kinase superfamily, AGC Ser/Thr protein kinase family, PKC subfamily"
"Q02161","Ammonium transporter (TC 2.A.49) family, Rh subfamily"
"Q02218","Alpha-ketoglutarate dehydrogenase family"
"Q02221","Cytochrome c oxidase subunit 6A family"
"Q02224","TRAFAC class myosin-kinesin ATPase superfamily, Kinesin family"
"Q02241","TRAFAC class myosin-kinesin ATPase superfamily, Kinesin family"
"Q02246","Immunoglobulin superfamily, Contactin family"
"Q02252","Aldehyde dehydrogenase family"
"Q02297","Neuregulin family"
"Q02318","Cytochrome P450 family"
"Q02383","Semenogelin family"
"Q02446","Sp1 C2H2-type zinc-finger protein family"
"Q02447","Sp1 C2H2-type zinc-finger protein family"
"Q02539","Histone H1/H5 family"
"Q02543","Eukaryotic ribosomal protein eL20 family"
"Q02556","IRF family"
"Q02641","Calcium channel beta subunit family"
"Q02643","G-protein coupled receptor 2 family"
"Q02742","Glycosyltransferase 14 family"
"Q02747","Guanylin family"
"Q02750","Protein kinase superfamily, STE Ser/Thr protein kinase family, MAP kinase kinase subfamily"
"Q02763","Protein kinase superfamily, Tyr protein kinase family, Tie subfamily"
"Q02779","Protein kinase superfamily, STE Ser/Thr protein kinase family, MAP kinase kinase kinase subfamily"
"Q02818","Nucleobindin family"
"Q02846","Adenylyl cyclase class-4/guanylyl cyclase family"
"Q02878","Eukaryotic ribosomal protein eL6 family"
"Q02880","Type II topoisomerase family"
"Q02928","Cytochrome P450 family"
"Q02930","BZIP family"
"Q02978","Mitochondrial carrier (TC 2.A.29) family"
"Q03013","GST superfamily, Mu family"
"Q03052","POU transcription factor family, Class-3 subfamily"
"Q03060","BZIP family"
"Q03113","G-alpha family, G(12) subfamily"
"Q03135","Caveolin family"
"Q03154","Peptidase M20A family"
"Q03164","Class V-like SAM-binding methyltransferase superfamily, Histone-lysine methyltransferase family, TRX/MLL subfamily"
"Q03181","Nuclear hormone receptor family, NR1 subfamily"
"Q03188","CENP-C/MIF2 family"
"Q03252","Intermediate filament family"
"Q03393","PTPS family"
"Q03395","PRPH2/ROM1 family"
"Q03426","GHMP kinase family, Mevalonate kinase subfamily"
"Q03431","G-protein coupled receptor 2 family"
"Q03468","SNF2/RAD54 helicase family"
"Q03518","ABC transporter superfamily, ABCB family, MHC peptide exporter (TC 3.A.1.209) subfamily"
"Q03519","ABC transporter superfamily, ABCB family, MHC peptide exporter (TC 3.A.1.209) subfamily"
"Q03701","CBF/MAK21 family"
"Q03721","Potassium channel family, C (Shaw) (TC 1.A.1.2) subfamily, Kv3.4/KCNC4 sub-subfamily"
"Q03923","Krueppel C2H2-type zinc-finger protein family"
"Q03933","HSF family"
"Q04446","Glycosyl hydrolase 13 family, GlgB subfamily"
"Q04609","Peptidase M28 family, M28B subfamily"
"Q04637","Eukaryotic initiation factor 4G family"
"Q04656","Cation transport ATPase (P-type) (TC 3.A.3) family, Type IB subfamily"
"Q04671","CitM (TC 2.A.11) transporter family"
"Q04695","Intermediate filament family"
"Q04721","NOTCH family"
"Q04724","WD repeat Groucho/TLE family"
"Q04725","WD repeat Groucho/TLE family"
"Q04726","WD repeat Groucho/TLE family"
"Q04727","WD repeat Groucho/TLE family"
"Q04741","EMX homeobox family"
"Q04743","EMX homeobox family"
"Q04756","Peptidase S1 family"
"Q04759","Protein kinase superfamily, AGC Ser/Thr protein kinase family, PKC subfamily"
"Q04760","Glyoxalase I family"
"Q04771","Protein kinase superfamily, TKL Ser/Thr protein kinase family, TGFB receptor subfamily"
"Q04828","Aldo/keto reductase family"
"Q04844","Ligand-gated ion channel (TC 1.A.9) family, Acetylcholine receptor (TC 1.A.9.1) subfamily, Epsilon/CHRNE sub-subfamily"
"Q04900","CD164 family"
"Q04912","Protein kinase superfamily, Tyr protein kinase family"
"Q04917","14-3-3 family"
"Q05066","SRY family"
"Q05193","TRAFAC class dynamin-like GTPase superfamily, Dynamin/Fzo/YdjA family"
"Q05209","Protein-tyrosine phosphatase family, Non-receptor class 4 subfamily"
"Q05215","EGR C2H2-type zinc-finger protein family"
"Q05329","Group II decarboxylase family"
"Q05397","Protein kinase superfamily, Tyr protein kinase family, FAK subfamily"
"Q05469","'GDXG' lipolytic enzyme family"
"Q05481","Krueppel C2H2-type zinc-finger protein family"
"Q05513","Protein kinase superfamily, AGC Ser/Thr protein kinase family, PKC subfamily"
"Q05516","Krueppel C2H2-type zinc-finger protein family"
"Q05519","Splicing factor SR family"
"Q05586","Glutamate-gated ion channel (TC 1.A.10.1) family, NR1/GRIN1 subfamily"
"Q05639","TRAFAC class translation factor GTPase superfamily, Classic translation factor GTPase family, EF-Tu/EF-1A subfamily"
"Q05655","Protein kinase superfamily, AGC Ser/Thr protein kinase family, PKC subfamily"
"Q05682","Caldesmon family"
"Q05707","Fibril-associated collagens with interrupted helices (FACIT) family"
"Q05823","Protein kinase superfamily"
"Q05901","Ligand-gated ion channel (TC 1.A.9) family, Acetylcholine receptor (TC 1.A.9.1) subfamily, Beta-3/CHRNB3 sub-subfamily"
"Q05923","Protein-tyrosine phosphatase family, Non-receptor class dual specificity subfamily"
"Q05925","Engrailed homeobox family"
"Q05932","Folylpolyglutamate synthase family"
"Q05940","Major facilitator superfamily, Vesicular transporter family"
"Q05996","ZP domain family, ZPA subfamily"
"Q05D60","CEP63 family"
"Q06033","ITIH family"
"Q06055","ATPase C chain family"
"Q06124","Protein-tyrosine phosphatase family, Non-receptor class 2 subfamily"
"Q06136","Short-chain dehydrogenases/reductases (SDR) family"
"Q06187","Protein kinase superfamily, Tyr protein kinase family, TEC subfamily"
"Q06203","Purine/pyrimidine phosphoribosyltransferase family"
"Q06265","RNase PH family"
"Q06278","Xanthine dehydrogenase family"
"Q06323","PA28 family"
"Q06330","Su(H) family"
"Q06413","MEF2 family"
"Q06416","POU transcription factor family, Class-5 subfamily"
"Q06418","Protein kinase superfamily, Tyr protein kinase family, AXL/UFO subfamily"
"Q06432","PMP-22/EMP/MP20 family, CACNG subfamily"
"Q06455","CBFA2T family"
"Q06481","APP family"
"Q06495","SLC34A transporter family"
"Q06520","Sulfotransferase 1 family"
"Q06546","ETS family"
"Q06609","RecA family, RAD51 subfamily"
"Q06643","Tumor necrosis factor family"
"Q06730","Krueppel C2H2-type zinc-finger protein family"
"Q06787","FMR1 family"
"Q06828","Small leucine-rich proteoglycan (SLRP) family, SLRP class II subfamily"
"Q06830","Peroxiredoxin family, AhpC/Prx1 subfamily"
"Q06889","EGR C2H2-type zinc-finger protein family"
"Q07001","Ligand-gated ion channel (TC 1.A.9) family, Acetylcholine receptor (TC 1.A.9.1) subfamily, Delta/CHRND sub-subfamily"
"Q07002","Protein kinase superfamily, CMGC Ser/Thr protein kinase family, CDC2/CDKX subfamily"
"Q07020","Eukaryotic ribosomal protein eL18 family"
"Q07021","MAM33 family"
"Q07075","Peptidase M1 family"
"Q07092","Fibril-associated collagens with interrupted helices (FACIT) family"
"Q07157","MAGUK family"
"Q07283","S100-fused protein family"
"Q07325","Intercrine alpha (chemokine CxC) family"
"Q07326","PIGF family"
"Q07343","Cyclic nucleotide phosphodiesterase family, PDE4 subfamily"
"Q07627","KRTAP type 1 family"
"Q07666","KHDRBS family"
"Q07687","Distal-less homeobox family"
"Q07699","Sodium channel auxiliary subunit SCN1B (TC 8.A.17) family"
"Q07812","Bcl-2 family"
"Q07817","Bcl-2 family"
"Q07820","Bcl-2 family"
"Q07864","DNA polymerase type-B family"
"Q07866","Kinesin light chain family"
"Q07869","Nuclear hormone receptor family, NR1 subfamily"
"Q07912","Protein kinase superfamily, Tyr protein kinase family"
"Q07954","LDLR family"
"Q07955","Splicing factor SR family"
"Q07973","Cytochrome P450 family"
"Q08043","Alpha-actinin family"
"Q08117","WD repeat Groucho/TLE family"
"Q08170","Splicing factor SR family"
"Q08188","Transglutaminase superfamily, Transglutaminase family"
"Q08209","PPP phosphatase family, PP-2B subfamily"
"Q08211","DEAD box helicase family, DEAH subfamily"
"Q08257","Zinc-containing alcohol dehydrogenase family, Quinone oxidoreductase subfamily"
"Q08289","Calcium channel beta subunit family"
"Q08334","Type II cytokine receptor family"
"Q08345","Protein kinase superfamily, Tyr protein kinase family, Insulin receptor subfamily"
"Q08357","Inorganic phosphate transporter (PiT) (TC 2.A.20) family"
"Q08379","GOLGA2 family"
"Q08397","Lysyl oxidase family"
"Q08426","Enoyl-CoA hydratase/isomerase family"
"Q08426"," 3-hydroxyacyl-CoA dehydrogenase family"
"Q08462","Adenylyl cyclase class-4/guanylyl cyclase family"
"Q08477","Cytochrome P450 family"
"Q08493","Cyclic nucleotide phosphodiesterase family, PDE4 subfamily"
"Q08495","Villin/gelsolin family"
"Q08499","Cyclic nucleotide phosphodiesterase family, PDE4 subfamily"
"Q08623","HAD-like hydrolase superfamily, CbbY/CbbZ/Gph/YieH family"
"Q08648","SPAG11 family"
"Q08708","CD300 family"
"Q08752","Cyclophilin-type PPIase family, PPIase D subfamily"
"Q08828","Adenylyl cyclase class-4/guanylyl cyclase family"
"Q08881","Protein kinase superfamily, Tyr protein kinase family, TEC subfamily"
"Q08945","SSRP1 family"
"Q08999","Retinoblastoma protein (RB) family"
"Q08AD1","CAMSAP1 family"
"Q08AE8","Spire family"
"Q08AG5","Krueppel C2H2-type zinc-finger protein family"
"Q08AG7","MOZART1 family"
"Q08AH1","ATP-dependent AMP-binding enzyme family"
"Q08AH3","ATP-dependent AMP-binding enzyme family"
"Q08AM6","VAC14 family"
"Q08ET2","Immunoglobulin superfamily, SIGLEC (sialic acid binding Ig-like lectin) family"
"Q08J23","Class I-like SAM-binding methyltransferase superfamily, RsmB/NOP family, TRM4 subfamily"
"Q09013","Protein kinase superfamily, AGC Ser/Thr protein kinase family, DMPK subfamily"
"Q09028","WD repeat RBAP46/RBAP48/MSI1 family"
"Q09161","NCBP1 family"
"Q09327","Glycosyltransferase 17 family"
"Q09328","Glycosyltransferase 18 family"
"Q09428","ABC transporter superfamily, ABCC family, Conjugate transporter (TC 3.A.1.208) subfamily"
"Q09470","Potassium channel family, A (Shaker) (TC 1.A.1.2) subfamily, Kv1.1/KCNA1 sub-subfamily"
"Q0D2H9","GOLGA8 family"
"Q0D2I5","Intermediate filament family"
"Q0D2K0","NIPA family"
"Q0D2K3","Ripply family"
"Q0GE19","Bile acid:sodium symporter (BASS) (TC 2.A.28) family"
"Q0JRZ9","FCHO family"
"Q0P5N6","Small GTPase superfamily, Arf family"
"Q0PNE2","ELP6 family"
"Q0VAK6","Tropomodulin family"
"Q0VAQ4","SMAGP family"
"Q0VD86","INCA family"
"Q0VDD8","Dynein heavy chain family"
"Q0VDF9","Heat shock protein 70 family"
"Q0VF96","Cingulin family"
"Q0VGL1","LAMTOR4 family"
"Q0WX57","Peptidase C19 family, USP17 subfamily"
"Q0ZLH3","Gasdermin family"
"Q10469","Glycosyltransferase 16 (GT16) protein family"
"Q10471","Glycosyltransferase 2 family, GalNAc-T subfamily"
"Q10472","Glycosyltransferase 2 family, GalNAc-T subfamily"
"Q10567","Adaptor complexes large subunit family"
"Q10570","CPSF1 family"
"Q10586","BZIP family, PAR subfamily"
"Q10587","BZIP family, PAR subfamily"
"Q10588","ADP-ribosyl cyclase family"
"Q10589","Tetherin family"
"Q10713","Peptidase M16 family"
"Q10981","Glycosyltransferase 11 family"
"Q11128","Glycosyltransferase 10 family"
"Q11130","Glycosyltransferase 10 family"
"Q11201","Glycosyltransferase 29 family"
"Q11203","Glycosyltransferase 29 family"
"Q11206","Glycosyltransferase 29 family"
"Q12756","TRAFAC class myosin-kinesin ATPase superfamily, Kinesin family, Unc-104 subfamily"
"Q12765","Peptidase C69 family, Secernin subfamily"
"Q12768","Strumpellin family"
"Q12770","WD repeat SCAP family"
"Q12772","SREBP family"
"Q12789","TFIIIC subunit 1 family"
"Q12791","Potassium channel family, Calcium-activated (TC 1.A.1.3) subfamily, KCa1.1/KCNMA1 sub-subfamily"
"Q12792","Actin-binding proteins ADF family, Twinfilin subfamily"
"Q12794","Glycosyl hydrolase 56 family"
"Q12797","Aspartyl/asparaginyl beta-hydroxylase family"
"Q12798","Centrin family"
"Q12800","Grh/CP2 family, CP2 subfamily"
"Q12805","Fibulin family"
"Q12809","Potassium channel family, H (Eag) (TC 1.A.1.20) subfamily, Kv11.1/KCNH2 sub-subfamily"
"Q12824","SNF5 family"
"Q12829","Small GTPase superfamily, Rab family"
"Q12830","PBTF family"
"Q12834","WD repeat CDC20/Fizzy family"
"Q12836","ZP domain family, ZPB subfamily"
"Q12837","POU transcription factor family, Class-4 subfamily"
"Q12840","TRAFAC class myosin-kinesin ATPase superfamily, Kinesin family, Kinesin subfamily"
"Q12846","Syntaxin family"
"Q12851","Protein kinase superfamily, STE Ser/Thr protein kinase family, STE20 subfamily"
"Q12852","Protein kinase superfamily, STE Ser/Thr protein kinase family, MAP kinase kinase kinase subfamily"
"Q12857","CTF/NF-I family"
"Q12860","Immunoglobulin superfamily, Contactin family"
"Q12866","Protein kinase superfamily, Tyr protein kinase family, AXL/UFO subfamily"
"Q12873","SNF2/RAD54 helicase family"
"Q12874","SF3A3 family"
"Q12879","Glutamate-gated ion channel (TC 1.A.10.1) family, NR2A/GRIN2A subfamily"
"Q12882","Dihydropyrimidine dehydrogenase family"
"Q12884","Peptidase S9B family"
"Q12887","UbiA prenyltransferase family"
"Q12889","Glycosyl hydrolase 18 family"
"Q12891","Glycosyl hydrolase 56 family"
"Q12893","TMEM115 family"
"Q12894","IFRD family"
"Q12899","TRIM/RBCC family"
"Q12908","Bile acid:sodium symporter (BASS) (TC 2.A.28) family"
"Q12912","IRAG2 family"
"Q12913","Protein-tyrosine phosphatase family, Receptor class 3 subfamily"
"Q12923","Protein-tyrosine phosphatase family, Non-receptor class subfamily"
"Q12929","EPS8 family"
"Q12931","Heat shock protein 90 family"
"Q12933","TNF receptor-associated factor family, A subfamily"
"Q12934","Intermediate filament family"
"Q12959","MAGUK family"
"Q12962","TAF10 family"
"Q12965","TRAFAC class myosin-kinesin ATPase superfamily, Myosin family"
"Q12974","Protein-tyrosine phosphatase family"
"Q12980","NPR3 family"
"Q12981","SEC20 family"
"Q12983","NIP3 family"
"Q12986","NFX1 family"
"Q13002","Glutamate-gated ion channel (TC 1.A.10.1) family, GRIK2 subfamily"
"Q13003","Glutamate-gated ion channel (TC 1.A.10.1) family, GRIK3 subfamily"
"Q13007","IL-10 family"
"Q13009","TIAM family"
"Q13011","Enoyl-CoA hydratase/isomerase family"
"Q13015","MLLT11 family"
"Q13021","MAL family"
"Q13029","Class V-like SAM-binding methyltransferase superfamily"
"Q13033","WD repeat striatin family"
"Q13042","APC6/CDC16 family"
"Q13043","Protein kinase superfamily, STE Ser/Thr protein kinase family, STE20 subfamily"
"Q13049","TRIM/RBCC family"
"Q13057","Eukaryotic CoaD family"
"Q13084","Bacterial ribosomal protein bL28 family"
"Q13087","Protein disulfide isomerase family"
"Q13093","AB hydrolase superfamily, Lipase family"
"Q13098","CSN1 family"
"Q13105","Krueppel C2H2-type zinc-finger protein family"
"Q13107","Peptidase C19 family, USP4 subfamily"
"Q13111","CHAF1A family"
"Q13112","WD repeat HIR1 family"
"Q13113","PDZK1-interacting protein 1/SMIM24 family"
"Q13114","TNF receptor-associated factor family, A subfamily"
"Q13115","Protein-tyrosine phosphatase family, Non-receptor class dual specificity subfamily"
"Q13117","RRM DAZ family"
"Q13118","Sp1 C2H2-type zinc-finger protein family"
"Q13123","RED family"
"Q13126","PNP/MTAP phosphorylase family, MTAP subfamily"
"Q13129","Krueppel C2H2-type zinc-finger protein family"
"Q13131","Protein kinase superfamily, CAMK Ser/Thr protein kinase family, SNF1 subfamily"
"Q13133","Nuclear hormone receptor family, NR1 subfamily"
"Q13136","Liprin family, Liprin-alpha subfamily"
"Q13137","CALCOCO family"
"Q13144","EIF-2B gamma/epsilon subunits family"
"Q13145","BAMBI family"
"Q13153","Protein kinase superfamily, STE Ser/Thr protein kinase family, STE20 subfamily"
"Q13156","Replication factor A protein 2 family"
"Q13162","Peroxiredoxin family, AhpC/Prx1 subfamily"
"Q13163","Protein kinase superfamily, STE Ser/Thr protein kinase family, MAP kinase kinase subfamily"
"Q13164","Protein kinase superfamily, CMGC Ser/Thr protein kinase family, MAP kinase subfamily"
"Q13177","Protein kinase superfamily, STE Ser/Thr protein kinase family, STE20 subfamily"
"Q13183","SLC13A/DASS transporter (TC 2.A.47) family, NADC subfamily"
"Q13188","Protein kinase superfamily, STE Ser/Thr protein kinase family, STE20 subfamily"
"Q13190","Syntaxin family"
"Q13200","Proteasome subunit S2 family"
"Q13202","Protein-tyrosine phosphatase family, Non-receptor class dual specificity subfamily"
"Q13206","DEAD box helicase family, DDX10/DBP4 subfamily"
"Q13214","Semaphorin family"
"Q13219","Peptidase M43B family"
"Q13224","Glutamate-gated ion channel (TC 1.A.10.1) family, NR2B/GRIN2B subfamily"
"Q13228","Selenium-binding protein family"
"Q13231","Glycosyl hydrolase 18 family, Chitinase class II subfamily"
"Q13232","NDK family"
"Q13233","Protein kinase superfamily, STE Ser/Thr protein kinase family, MAP kinase kinase kinase subfamily"
"Q13237","Protein kinase superfamily, AGC Ser/Thr protein kinase family, cGMP subfamily"
"Q13242","Splicing factor SR family"
"Q13243","Splicing factor SR family"
"Q13247","Splicing factor SR family"
"Q13253","Noggin family"
"Q13255","G-protein coupled receptor 3 family"
"Q13257","MAD2 family"
"Q13258","G-protein coupled receptor 1 family"
"Q13263","TRIM/RBCC family"
"Q13268","Short-chain dehydrogenases/reductases (SDR) family"
"Q13275","Semaphorin family"
"Q13277","Syntaxin family"
"Q13285","Nuclear hormone receptor family, NR5 subfamily"
"Q13286","Battenin family"
"Q13287","NMI family"
"Q13303","Shaker potassium channel beta subunit family"
"Q13304","G-protein coupled receptor 1 family"
"Q13308","Protein kinase superfamily, Tyr protein kinase family, Insulin receptor subfamily"
"Q13310","Polyadenylate-binding protein type-1 family"
"Q13315","PI3/PI4-kinase family, ATM subfamily"
"Q13319","Cyclin-dependent kinase 5 activator family"
"Q13322","GRB7/10/14 family"
"Q13324","G-protein coupled receptor 2 family"
"Q13325","IFIT family"
"Q13326","Sarcoglycan beta/delta/gamma/zeta family"
"Q13330","Metastasis-associated protein family"
"Q13332","Protein-tyrosine phosphatase family, Receptor class 2A subfamily"
"Q13336","Urea transporter family"
"Q13347","EIF-3 subunit I family"
"Q13349","Integrin alpha chain family"
"Q13351","Krueppel C2H2-type zinc-finger protein family"
"Q13356","Cyclophilin-type PPIase family, PPIL2 subfamily"
"Q13360","Krueppel C2H2-type zinc-finger protein family"
"Q13361","MFAP family"
"Q13362","Phosphatase 2A regulatory subunit B56 family"
"Q13363","D-isomer specific 2-hydroxyacid dehydrogenase family"
"Q13367","Adaptor complexes large subunit family"
"Q13368","MAGUK family"
"Q13370","Cyclic nucleotide phosphodiesterase family, PDE3 subfamily"
"Q13371","Phosducin family"
"Q13387","JIP scaffold family"
"Q13393","Phospholipase D family"
"Q13394","Mab-21 family"
"Q13395","Class IV-like SAM-binding methyltransferase superfamily, RNA methyltransferase TrmH family"
"Q13402","TRAFAC class myosin-kinesin ATPase superfamily, Myosin family"
"Q13404","Ubiquitin-conjugating enzyme family"
"Q13405","Mitochondrion-specific ribosomal protein mL49 family"
"Q13409","Dynein intermediate chain family"
"Q13410","Immunoglobulin superfamily, BTN/MOG family"
"Q13415","ORC1 family"
"Q13416","ORC2 family"
"Q13418","Protein kinase superfamily, TKL Ser/Thr protein kinase family"
"Q13421","Mesothelin family"
"Q13422","Ikaros C2H2-type zinc-finger protein family"
"Q13423","AlaDH/PNT family"
"Q13423"," PNT beta subunit family"
"Q13424","Syntrophin family"
"Q13425","Syntrophin family"
"Q13426","XRCC4-XLF family, XRCC4 subfamily"
"Q13432","PDE6D/unc-119 family"
"Q13433","ZIP transporter (TC 2.A.5) family"
"Q13438","OS-9 family"
"Q13445","EMP24/GP25L family"
"Q13449","Immunoglobulin superfamily, IgLON family"
"Q13454","OST3/OST6 family"
"Q13459","TRAFAC class myosin-kinesin ATPase superfamily, Myosin family"
"Q13464","Protein kinase superfamily, AGC Ser/Thr protein kinase family"
"Q13467","G-protein coupled receptor Fz/Smo family"
"Q13470","Protein kinase superfamily, Tyr protein kinase family"
"Q13472","Type IA topoisomerase family"
"Q13478","Interleukin-1 receptor family"
"Q13480","GAB family"
"Q13485","Dwarfin/SMAD family"
"Q13488","V-ATPase 116 kDa subunit family"
"Q13489","IAP family"
"Q13490","IAP family"
"Q13491","Myelin proteolipid protein family"
"Q13492","PICALM/SNAP91 family"
"Q13495","Mastermind family"
"Q13496","Protein-tyrosine phosphatase family, Non-receptor class myotubularin subfamily"
"Q13503","Mediator complex subunit 21 family"
"Q13505","Metaxin family"
"Q13506","NAB family"
"Q13507","Transient receptor (TC 1.A.4) family, STrpC subfamily, TRPC3 sub-subfamily"
"Q13508","Arg-specific ADP-ribosyltransferase family"
"Q13509","Tubulin family"
"Q13510","Acid ceramidase family"
"Q13515","Intermediate filament family"
"Q13519","Opioid neuropeptide precursor family"
"Q13520","MIP/aquaporin (TC 1.A.8) family"
"Q13522","Protein phosphatase inhibitor 1 family"
"Q13523","Protein kinase superfamily, CMGC Ser/Thr protein kinase family"
"Q13530","TDE1 family"
"Q13535","PI3/PI4-kinase family, ATM subfamily"
"Q13541","EIF4E-binding protein family"
"Q13542","EIF4E-binding protein family"
"Q13546","Protein kinase superfamily, TKL Ser/Thr protein kinase family"
"Q13547","Histone deacetylase family, HD type 1 subfamily"
"Q13554","Protein kinase superfamily, CAMK Ser/Thr protein kinase family, CaMK subfamily"
"Q13555","Protein kinase superfamily, CAMK Ser/Thr protein kinase family, CaMK subfamily"
"Q13557","Protein kinase superfamily, CAMK Ser/Thr protein kinase family, CaMK subfamily"
"Q13561","Dynactin subunit 2 family"
"Q13563","Polycystin family"
"Q13564","Ubiquitin-activating E1 family, ULA1 subfamily"
"Q13568","IRF family"
"Q13569","Uracil-DNA glycosylase (UDG) superfamily, TDG/mug family"
"Q13571","LAPTM4/LAPTM5 transporter family"
"Q13572","ITPK1 family"
"Q13573","SNW family"
"Q13574","Eukaryotic diacylglycerol kinase family"
"Q13585","G-protein coupled receptor 1 family"
"Q13588","GRB2/sem-5/DRK family"
"Q13591","Semaphorin family"
"Q13595","Splicing factor SR family"
"Q13596","Sorting nexin family"
"Q13601","KRR1 family"
"Q13608","AAA ATPase family"
"Q13609","DNase I family"
"Q13610","WD repeat PWP1 family"
"Q13613","Protein-tyrosine phosphatase family, Non-receptor class myotubularin subfamily"
"Q13614","Protein-tyrosine phosphatase family, Non-receptor class myotubularin subfamily"
"Q13615","Protein-tyrosine phosphatase family, Non-receptor class myotubularin subfamily"
"Q13616","Cullin family"
"Q13617","Cullin family"
"Q13618","Cullin family"
"Q13619","Cullin family"
"Q13620","Cullin family"
"Q13621","SLC12A transporter family"
"Q13625","ASPP family"
"Q13627","Protein kinase superfamily, CMGC Ser/Thr protein kinase family, MNB/DYRK subfamily"
"Q13630","NAD(P)-dependent epimerase/dehydratase family, Fucose synthase subfamily"
"Q13635","Patched family"
"Q13636","Small GTPase superfamily, Rab family"
"Q13637","Small GTPase superfamily, Rab family"
"Q13639","G-protein coupled receptor 1 family"
"Q13651","Type II cytokine receptor family"
"Q13671","RIN (Ras interaction/interference) family"
"Q13683","Integrin alpha chain family"
"Q13686","AlkB family"
"Q13698","Calcium channel alpha-1 subunit (TC 1.A.1.11) family, CACNA1S subfamily"
"Q13702","RAPsyn family"
"Q13705","Protein kinase superfamily, TKL Ser/Thr protein kinase family, TGFB receptor subfamily"
"Q13724","Glycosyl hydrolase 63 family"
"Q13733","Cation transport ATPase (P-type) (TC 3.A.3) family, Type IIC subfamily"
"Q13765","NAC-alpha family"
"Q13769","THOC5 family"
"Q13790","Apolipoprotein F family"
"Q13794","PMAIP1 family"
"Q13795","Small GTPase superfamily, Arf family"
"Q13796","Shroom family"
"Q13797","Integrin alpha chain family"
"Q13813","Spectrin family"
"Q13822","Nucleotide pyrophosphatase/phosphodiesterase family"
"Q13823","TRAFAC class YlqF/YawG GTPase family, NOG2 subfamily"
"Q13825","Enoyl-CoA hydratase/isomerase family"
"Q13829","BACURD family"
"Q13835","Beta-catenin family"
"Q13838","DEAD box helicase family, DECD subfamily"
"Q13867","Peptidase C1 family"
"Q13868","RRP4 family"
"Q13873","Protein kinase superfamily, TKL Ser/Thr protein kinase family, TGFB receptor subfamily"
"Q13882","Protein kinase superfamily, Tyr protein kinase family, BRK/PTK6/SIK subfamily"
"Q13884","Syntrophin family"
"Q13885","Tubulin family"
"Q13886","Sp1 C2H2-type zinc-finger protein family"
"Q13887","Krueppel C2H2-type zinc-finger protein family"
"Q13888","GTF2H2 family"
"Q13889","TFB4 family"
"Q13895","Bystin family"
"Q13901","C1D family"
"Q13907","IPP isomerase type 1 family"
"Q13936","Calcium channel alpha-1 subunit (TC 1.A.1.11) family, CACNA1C subfamily"
"Q13946","Cyclic nucleotide phosphodiesterase family, PDE7 subfamily"
"Q13948","CASP family"
"Q13951","CBF-beta family"
"Q13952","NFYC/HAP5 subunit family"
"Q13956","Rod/cone cGMP-PDE gamma subunit family"
"Q13976","Protein kinase superfamily, AGC Ser/Thr protein kinase family, cGMP subfamily"
"Q14002","Immunoglobulin superfamily, CEA family"
"Q14003","Potassium channel family, C (Shaw) (TC 1.A.1.2) subfamily, Kv3.3/KCNC3 sub-subfamily"
"Q14004","Protein kinase superfamily, CMGC Ser/Thr protein kinase family, CDC2/CDKX subfamily"
"Q14008","TOG/XMAP215 family"
"Q14012","Protein kinase superfamily, CAMK Ser/Thr protein kinase family, CaMK subfamily"
"Q14019","Actin-binding proteins ADF family, Coactosin subfamily"
"Q14028","Cyclic nucleotide-gated cation channel (TC 1.A.1.5) family, CNGB1 subfamily"
"Q14031","Type IV collagen family"
"Q14032","C/M/P thioester hydrolase family"
"Q14050","Fibril-associated collagens with interrupted helices (FACIT) family"
"Q14055","Fibril-associated collagens with interrupted helices (FACIT) family"
"Q14061","COX17 family"
"Q14088","Small GTPase superfamily, Rab family"
"Q14106","BTG family"
"Q14108","CD36 family"
"Q14114","LDLR family"
"Q14116","IL-1 family"
"Q14117","Metallo-dependent hydrolases superfamily, Hydantoinase/dihydropyrimidinase family"
"Q14119","Krueppel C2H2-type zinc-finger protein family"
"Q14123","Cyclic nucleotide phosphodiesterase family, PDE1 subfamily"
"Q14129","Gonadal family"
"Q14135","Vestigial family"
"Q14137","WD repeat BOP1/ERB1 family"
"Q14139","Ubiquitin conjugation factor E4 family"
"Q14141","TRAFAC class TrmE-Era-EngA-EngB-Septin-like GTPase superfamily, Septin GTPase family"
"Q14142","TRIM/RBCC family"
"Q14145","KEAP1 family"
"Q14147","DEAD box helicase family, DEAH subfamily"
"Q14152","EIF-3 subunit A family"
"Q14153","FAM53 family"
"Q14154","DELE1 family"
"Q14156","EFR3 family"
"Q14160","LAP (LRR and PDZ) protein family"
"Q14164","Protein kinase superfamily, Ser/Thr protein kinase family, I-kappa-B kinase subfamily"
"Q14165","Malectin family"
"Q14166","Tubulin--tyrosine ligase family"
"Q14168","MAGUK family"
"Q14181","DNA polymerase alpha subunit B family"
"Q14185","DOCK family"
"Q14186","E2F/DP family"
"Q14188","E2F/DP family"
"Q14191","Helicase family, RecQ subfamily"
"Q14194","Metallo-dependent hydrolases superfamily, Hydantoinase/dihydropyrimidinase family"
"Q14195","Metallo-dependent hydrolases superfamily, Hydantoinase/dihydropyrimidinase family"
"Q14197","Prokaryotic/mitochondrial release factor family, Mitochondrion-specific ribosomal protein mL62 subfamily"
"Q14203","Dynactin 150 kDa subunit family"
"Q14204","Dynein heavy chain family"
"Q14207","NPAT family"
"Q14209","E2F/DP family"
"Q14213","Type I cytokine receptor family, Type 3 subfamily"
"Q14232","EIF-2B alpha/beta/delta subunits family"
"Q14240","DEAD box helicase family, eIF4A subfamily"
"Q14244","MAP7 family"
"Q14246","G-protein coupled receptor 2 family, Adhesion G-protein coupled receptor (ADGR) subfamily"
"Q14249","DNA/RNA non-specific endonuclease family"
"Q14254","Band 7/mec-2 family, Flotillin subfamily"
"Q14257","CREC family"
"Q14264","Gamma type-C retroviral envelope protein family, HERV class-I R env subfamily"
"Q14289","Protein kinase superfamily, Tyr protein kinase family, FAK subfamily"
"Q14296","FAST protein kinase family"
"Q14315","Filamin family"
"Q14320","FAM50 family"
"Q14324","Immunoglobulin superfamily, MyBP family"
"Q14330","G-protein coupled receptor 1 family"
"Q14331","FRG1 family"
"Q14332","G-protein coupled receptor Fz/Smo family"
"Q14344","G-alpha family, G(12) subfamily"
"Q14353","Class I-like SAM-binding methyltransferase superfamily, RMT2 methyltransferase family"
"Q14376","NAD(P)-dependent epimerase/dehydratase family"
"Q14392","LRRC32/LRRC33 family"
"Q14397","GCKR family"
"Q14406","Somatotropin/prolactin family"
"Q14410","FGGY kinase family"
"Q14416","G-protein coupled receptor 3 family"
"Q14432","Cyclic nucleotide phosphodiesterase family, PDE3 subfamily"
"Q14435","Glycosyltransferase 2 family, GalNAc-T subfamily"
"Q14442","PIGH family"
"Q14444","Caprin family"
"Q14449","GRB7/10/14 family"
"Q14451","GRB7/10/14 family"
"Q14457","Beclin family"
"Q14493","SLBP family"
"Q14494","BZIP family, CNC subfamily"
"Q14498","Splicing factor SR family"
"Q14500","Inward rectifier-type potassium channel (TC 1.A.2.1) family, KCNJ12 subfamily"
"Q14511","CAS family"
"Q14512","Fibroblast growth factor-binding protein family"
"Q14515","SPARC family"
"Q14520","Peptidase S1 family"
"Q14524","Sodium channel (TC 1.A.1.10) family, Nav1.5/SCN5A subfamily"
"Q14525","Intermediate filament family"
"Q14526","Krueppel C2H2-type zinc-finger protein family, Hic subfamily"
"Q14527","SNF2/RAD54 helicase family, RAD16 subfamily"
"Q14532","Intermediate filament family"
"Q14533","Intermediate filament family"
"Q14534","Squalene monooxygenase family"
"Q14541","Nuclear hormone receptor family, NR2 subfamily"
"Q14542","SLC29A/ENT transporter (TC 2.A.57) family"
"Q14554","Protein disulfide isomerase family"
"Q14558","Ribose-phosphate pyrophosphokinase family"
"Q14562","DEAD box helicase family, DEAH subfamily, DDX8/PRP22 sub-subfamily"
"Q14563","Semaphorin family"
"Q14565","RecA family, DMC1 subfamily"
"Q14566","MCM family"
"Q14568","Heat shock protein 90 family"
"Q14571","InsP3 receptor family"
"Q14573","InsP3 receptor family"
"Q14584","Krueppel C2H2-type zinc-finger protein family"
"Q14585","Krueppel C2H2-type zinc-finger protein family"
"Q14587","Krueppel C2H2-type zinc-finger protein family"
"Q14592","Krueppel C2H2-type zinc-finger protein family"
"Q14623","Hedgehog family"
"Q14624","ITIH family"
"Q14626","Type I cytokine receptor family, Type 3 subfamily"
"Q14627","Type I cytokine receptor family, Type 5 subfamily"
"Q14642","Inositol 1,4,5-trisphosphate 5-phosphatase type I family"
"Q14643","InsP3 receptor family"
"Q14653","IRF family"
"Q14654","Inward rectifier-type potassium channel (TC 1.A.2.1) family, KCNJ11 subfamily"
"Q14657","CTAG/PCC1 family"
"Q14667","SABRE family"
"Q14669","UPL family, K-HECT subfamily"
"Q14677","Epsin family"
"Q14679","Tubulin--tyrosine ligase family"
"Q14680","Protein kinase superfamily, CAMK Ser/Thr protein kinase family, SNF1 subfamily"
"Q14683","SMC family, SMC1 subfamily"
"Q14684","RRP1 family"
"Q14689","DIP2 family"
"Q14691","GINS1/PSF1 family"
"Q14692","TRAFAC class translation factor GTPase superfamily, Bms1-like GTPase family, BMS1 subfamily"
"Q14693","Lipin family"
"Q14694","Peptidase C19 family, USP10 subfamily"
"Q14696","MESD family"
"Q14697","Glycosyl hydrolase 31 family"
"Q14699","Raftlin family"
"Q14703","Peptidase S8 family"
"Q14721","Potassium channel family, B (Shab) (TC 1.A.1.2) subfamily, Kv2.1/KCNB1 sub-subfamily"
"Q14722","Shaker potassium channel beta subunit family"
"Q14728","Major facilitator superfamily"
"Q14738","Phosphatase 2A regulatory subunit B56 family"
"Q14739","ERG4/ERG24 family"
"Q14746","COG2 family"
"Q14749","Class I-like SAM-binding methyltransferase superfamily, Glycine N-methyltransferase family"
"Q14765","Transcription factor STAT family"
"Q14766","LTBP family"
"Q14767","LTBP family"
"Q14773","Immunoglobulin superfamily, ICAM family"
"Q14774","H2.0 homeobox family"
"Q14790","Peptidase C14A family"
"Q147X3","Acetyltransferase family, MAK3 subfamily"
"Q14802","FXYD family"
"Q14807","TRAFAC class myosin-kinesin ATPase superfamily, Kinesin family"
"Q14814","MEF2 family"
"Q14831","G-protein coupled receptor 3 family"
"Q14832","G-protein coupled receptor 3 family"
"Q14833","G-protein coupled receptor 3 family"
"Q14839","SNF2/RAD54 helicase family"
"Q14849","STARD3 family"
"Q14863","POU transcription factor family, Class-6 subfamily"
"Q14865","ARID5B family"
"Q14894","Ornithine cyclodeaminase/mu-crystallin family"
"Q14896","Immunoglobulin superfamily, MyBP family"
"Q14914","NADP-dependent oxidoreductase L4BD family"
"Q14916","Major facilitator superfamily, Sodium/anion cotransporter family"
"Q14919","NC2 alpha/DRAP1 family"
"Q14929","Krueppel C2H2-type zinc-finger protein family"
"Q14938","CTF/NF-I family"
"Q14940","Monovalent cation:proton antiporter 1 (CPA1) transporter (TC 2.A.36) family"
"Q14943","Immunoglobulin superfamily"
"Q14953","Immunoglobulin superfamily"
"Q14954","Immunoglobulin superfamily"
"Q14956","PMEL/NMB family"
"Q14957","Glutamate-gated ion channel (TC 1.A.10.1) family, NR2C/GRIN2C subfamily"
"Q14964","Small GTPase superfamily, Rab family"
"Q14973","Bile acid:sodium symporter (BASS) (TC 2.A.28) family"
"Q14974","Importin beta family, Importin beta-1 subfamily"
"Q14978","NOLC1 family"
"Q14982","Immunoglobulin superfamily, IgLON family"
"Q14993","Fibril-associated collagens with interrupted helices (FACIT) family"
"Q14994","Nuclear hormone receptor family, NR1 subfamily"
"Q14995","Nuclear hormone receptor family, NR1 subfamily"
"Q14997","BLM10 family"
"Q14999","Cullin family"
"Q149N8","SNF2/RAD54 helicase family"
"Q14BN4","SLMAP family"
"Q14C86","GAPVD1 family"
"Q14CN2","CLCR family"
"Q14CN4","Intermediate filament family"
"Q14CS0","NSFL1C family"
"Q14CW9","SGF11 family"
"Q14CX7","MDM20/NAA25 family"
"Q14CZ0","HAPSTR1 family"
"Q14CZ7","FAST kinase family"
"Q14D04","MELT/VEPH family"
"Q15003","CND2 (condensin subunit 2) family"
"Q15005","SPCS2 family"
"Q15006","EMC2 family"
"Q15007","Fl(2)d family"
"Q15008","Proteasome subunit S10 family"
"Q15012","LAPTM4/LAPTM5 transporter family"
"Q15013","MAD2L1BP family"
"Q15018","FAM175 family, Abro1 subfamily"
"Q15019","TRAFAC class TrmE-Era-EngA-EngB-Septin-like GTPase superfamily, Septin GTPase family"
"Q15021","CND1 (condensin subunit 1) family"
"Q15022","VEFS (VRN2-EMF2-FIS2-SU(Z)12) family"
"Q15024","RNase PH family"
"Q15029","TRAFAC class translation factor GTPase superfamily, Classic translation factor GTPase family, EF-G/EF-2 subfamily"
"Q15031","Class-I aminoacyl-tRNA synthetase family"
"Q15036","Sorting nexin family"
"Q15041","ARL6ip family"
"Q15042","Rab3-GAP catalytic subunit family"
"Q15043","ZIP transporter (TC 2.A.5) family"
"Q15046","Class-II aminoacyl-tRNA synthetase family"
"Q15047","Class V-like SAM-binding methyltransferase superfamily, Histone-lysine methyltransferase family, Suvar3-9 subfamily"
"Q15050","RRS1 family"
"Q15058","TRAFAC class myosin-kinesin ATPase superfamily, Kinesin family"
"Q15059","BET family"
"Q15061","UTP5 family"
"Q15067","Acyl-CoA oxidase family"
"Q15070","OXA1/ALB3/YidC family"
"Q15072","Krueppel C2H2-type zinc-finger protein family"
"Q15077","G-protein coupled receptor 1 family"
"Q15078","Cyclin-dependent kinase 5 activator family"
"Q15084","Protein disulfide isomerase family"
"Q15102","'GDSL' lipolytic enzyme family, Platelet-activating factor acetylhydrolase IB beta/gamma subunits subfamily"
"Q15118","PDK/BCKDK protein kinase family"
"Q15119","PDK/BCKDK protein kinase family"
"Q15120","PDK/BCKDK protein kinase family"
"Q15124","Phosphohexose mutase family"
"Q15125","EBP family"
"Q15131","Protein kinase superfamily, CMGC Ser/Thr protein kinase family, CDC2/CDKX subfamily"
"Q15139","Protein kinase superfamily, CAMK Ser/Thr protein kinase family, PKD subfamily"
"Q15149","Plakin or cytolinker family"
"Q15154","PCM1 family"
"Q15165","Paraoxonase family"
"Q15166","Paraoxonase family"
"Q15170","TFS-II family, TFA subfamily"
"Q15172","Phosphatase 2A regulatory subunit B56 family"
"Q15173","Phosphatase 2A regulatory subunit B56 family"
"Q15185","P23/wos2 family"
"Q15208","Protein kinase superfamily, AGC Ser/Thr protein kinase family"
"Q15223","Nectin family"
"Q15256","Protein-tyrosine phosphatase family, Receptor class 7 subfamily"
"Q15257","PTPA-type PPIase family"
"Q15262","Protein-tyrosine phosphatase family, Receptor class 2B subfamily"
"Q15269","WD repeat PWP2 family"
"Q15274","NadC/ModD family"
"Q15276","Rabaptin family"
"Q15286","Small GTPase superfamily, Rab family"
"Q15287","Splicing factor SR family"
"Q15293","CREC family"
"Q15303","Protein kinase superfamily, Tyr protein kinase family, EGF receptor subfamily"
"Q15306","IRF family"
"Q15319","POU transcription factor family, Class-4 subfamily"
"Q15323","Intermediate filament family"
"Q15329","E2F/DP family"
"Q15334","WD repeat L(2)GL family"
"Q15349","Protein kinase superfamily, AGC Ser/Thr protein kinase family, S6 kinase subfamily"
"Q15363","EMP24/GP25L family"
"Q15369","SKP1 family"
"Q15370","Elongin B family"
"Q15375","Protein kinase superfamily, Tyr protein kinase family, Ephrin receptor subfamily"
"Q15382","Small GTPase superfamily, Rheb family"
"Q15386","UBE3C family"
"Q15388","Tom20 family"
"Q15392","FAD-binding oxidoreductase/transferase type 4 family"
"Q15393","RSE1 family"
"Q15398","SAPAP family"
"Q15399","Toll-like receptor family"
"Q15406","Nuclear hormone receptor family, NR6 subfamily"
"Q15413","Ryanodine receptor (TC 1.A.3.1) family, RYR3 subfamily"
"Q15417","Calponin family"
"Q15418","Protein kinase superfamily, AGC Ser/Thr protein kinase family, S6 kinase subfamily"
"Q15427","SF3B4 family"
"Q15428","SF3A2 family"
"Q15435","SDS22 family"
"Q15436","SEC23/SEC24 family, SEC23 subfamily"
"Q15437","SEC23/SEC24 family, SEC23 subfamily"
"Q15465","Hedgehog family"
"Q15466","Nuclear hormone receptor family, NR0 subfamily"
"Q15475","SIX/Sine oculis homeobox family"
"Q15477","Helicase family, SKI2 subfamily"
"Q15485","Ficolin lectin family"
"Q15493","SMP-30/CGR1 family"
"Q15526","SURF1 family"
"Q15528","Mediator complex subunit 22 family"
"Q15532","SS18 family"
"Q15542","WD repeat TAF5 family"
"Q15543","TAF13 family"
"Q15544","TAF11 family"
"Q15545","TAF7 family"
"Q15546","ADIPOR family"
"Q15555","MAPRE family"
"Q15560","TFS-II family"
"Q15569","Protein kinase superfamily, TKL Ser/Thr protein kinase family"
"Q15583","TALE/TGIF homeobox family"
"Q15596","SRC/p160 nuclear receptor coactivator family"
"Q155Q3","DIXDC1 family"
"Q15629","TRAM family"
"Q15631","Translin family"
"Q15633","TARBP2 family"
"Q15637","BBP/SF1 family"
"Q15642","FNBP1 family"
"Q15645","AAA ATPase family, PCH2 subfamily"
"Q15646","2-5A synthase family"
"Q15648","Mediator complex subunit 1 family"
"Q15652","JHDM2 histone demethylase family"
"Q15653","NF-kappa-B inhibitor family"
"Q15654","Zyxin/ajuba family"
"Q15661","Peptidase S1 family, Tryptase subfamily"
"Q15669","Small GTPase superfamily, Rho family"
"Q15678","Protein-tyrosine phosphatase family, Non-receptor class subfamily"
"Q15691","MAPRE family"
"Q15697","Krueppel C2H2-type zinc-finger protein family"
"Q15699","Paired homeobox family"
"Q15700","MAGUK family"
"Q15714","TSC-22/Dip/Bun family"
"Q15717","RRM elav family"
"Q15722","G-protein coupled receptor 1 family"
"Q15723","ETS family"
"Q15726","KISS1 family"
"Q15735","Inositol 1,4,5-trisphosphate 5-phosphatase type II family"
"Q15738","3-beta-HSD family"
"Q15742","NAB family"
"Q15743","G-protein coupled receptor 1 family"
"Q15744","BZIP family, C/EBP subfamily"
"Q15746","Protein kinase superfamily, CAMK Ser/Thr protein kinase family"
"Q15758","Dicarboxylate/amino acid:cation symporter (DAACS) (TC 2.A.23) family, SLC1A5 subfamily"
"Q15759","Protein kinase superfamily, CMGC Ser/Thr protein kinase family, MAP kinase subfamily"
"Q15761","G-protein coupled receptor 1 family"
"Q15768","Ephrin family"
"Q15771","Small GTPase superfamily, Rab family"
"Q15772","Protein kinase superfamily, CAMK Ser/Thr protein kinase family"
"Q15776","Krueppel C2H2-type zinc-finger protein family"
"Q15777","UPF0046 family"
"Q15782","Glycosyl hydrolase 18 family"
"Q15785","Tom34 family"
"Q15788","SRC/p160 nuclear receptor coactivator family"
"Q15796","Dwarfin/SMAD family"
"Q15797","Dwarfin/SMAD family"
"Q15800","Sterol desaturase family"
"Q15813","TBCE family"
"Q15814","TBCC family"
"Q15819","Ubiquitin-conjugating enzyme family"
"Q15822","Ligand-gated ion channel (TC 1.A.9) family, Acetylcholine receptor (TC 1.A.9.1) subfamily, Alpha-2/CHRNA2 sub-subfamily"
"Q15825","Ligand-gated ion channel (TC 1.A.9) family, Acetylcholine receptor (TC 1.A.9.1) subfamily, Alpha-6/CHRNA6 sub-subfamily"
"Q15828","Cystatin family"
"Q15831","Protein kinase superfamily, CAMK Ser/Thr protein kinase family, LKB1 subfamily"
"Q15833","STXBP/unc-18/SEC1 family"
"Q15834","CCDC85 family"
"Q15835","Protein kinase superfamily, AGC Ser/Thr protein kinase family, GPRK subfamily"
"Q15836","Synaptobrevin family"
"Q15842","Inward rectifier-type potassium channel (TC 1.A.2.1) family, KCNJ8 subfamily"
"Q15843","Ubiquitin family"
"Q15849","Urea transporter family"
"Q15858","Sodium channel (TC 1.A.1.10) family, Nav1.7/SCN9A subfamily"
"Q15878","Calcium channel alpha-1 subunit (TC 1.A.1.11) family, CACNA1E subfamily"
"Q15884","ENTREP family"
"Q15904","Vacuolar ATPase subunit S1 family"
"Q15906","VPS72/YL1 family"
"Q15907","Small GTPase superfamily, Rab family"
"Q15910","Class V-like SAM-binding methyltransferase superfamily, Histone-lysine methyltransferase family, EZ subfamily"
"Q15915","GLI C2H2-type zinc-finger protein family"
"Q15928","Krueppel C2H2-type zinc-finger protein family"
"Q15942","Zyxin/ajuba family"
"Q15973","Krueppel C2H2-type zinc-finger protein family"
"Q16082","Small heat shock protein (HSP20) family"
"Q16099","Glutamate-gated ion channel (TC 1.A.10.1) family, GRIK4 subfamily"
"Q16134","ETF-QO/FixC family"
"Q16143","Synuclein family"
"Q16181","TRAFAC class TrmE-Era-EngA-EngB-Septin-like GTPase superfamily, Septin GTPase family"
"Q16186","ADRM1 family"
"Q16206","ENOX family"
"Q16222","UDPGP type 1 family"
"Q16236","BZIP family, CNC subfamily"
"Q16254","E2F/DP family"
"Q16280","Cyclic nucleotide-gated cation channel (TC 1.A.1.5) family, CNGA2 subfamily"
"Q16281","Cyclic nucleotide-gated cation channel (TC 1.A.1.5) family, CNGA3 subfamily"
"Q16288","Protein kinase superfamily, Tyr protein kinase family, Insulin receptor subfamily"
"Q16322","Potassium channel family, A (Shaker) (TC 1.A.1.2) subfamily, Kv1.8/KCNA10 sub-subfamily"
"Q16348","Major facilitator superfamily, Proton-dependent oligopeptide transporter (POT/PTR) (TC 2.A.17) family"
"Q16352","Intermediate filament family"
"Q16384","SSX family"
"Q16385","SSX family"
"Q16394","Glycosyltransferase 47 family"
"Q16401","Proteasome subunit S5B/HSM3 family"
"Q16445","Ligand-gated ion channel (TC 1.A.9) family, Gamma-aminobutyric acid receptor (TC 1.A.9.5) subfamily, GABRA6 sub-subfamily"
"Q16478","Glutamate-gated ion channel (TC 1.A.10.1) family, GRIK5 subfamily"
"Q16512","Protein kinase superfamily, AGC Ser/Thr protein kinase family, PKC subfamily"
"Q16513","Protein kinase superfamily, AGC Ser/Thr protein kinase family, PKC subfamily"
"Q16514","TAF12 family"
"Q16515","Amiloride-sensitive sodium channel (TC 1.A.6) family, ASIC2 subfamily"
"Q16518","Carotenoid oxygenase family"
"Q16520","BZIP family"
"Q16526","DNA photolyase class-1 family"
"Q16531","DDB1 family"
"Q16534","BZIP family, PAR subfamily"
"Q16537","Phosphatase 2A regulatory subunit B56 family"
"Q16539","Protein kinase superfamily, CMGC Ser/Thr protein kinase family, MAP kinase subfamily"
"Q16540","Universal ribosomal protein uL23 family"
"Q16543","CDC37 family"
"Q16548","Bcl-2 family"
"Q16549","Peptidase S8 family"
"Q16552","IL-17 family"
"Q16555","Metallo-dependent hydrolases superfamily, Hydantoinase/dihydropyrimidinase family"
"Q16558","KCNMB (TC 8.A.14.1) family, KCNMB1 subfamily"
"Q16563","Synaptophysin/synaptobrevin family"
"Q16566","Protein kinase superfamily, CAMK Ser/Thr protein kinase family, CaMK subfamily"
"Q16568","CART family"
"Q16570","G-protein coupled receptor 1 family, Atypical chemokine receptor subfamily"
"Q16572","Major facilitator superfamily, Vesicular transporter family"
"Q16576","WD repeat RBAP46/RBAP48/MSI1 family"
"Q16581","G-protein coupled receptor 1 family"
"Q16584","Protein kinase superfamily, STE Ser/Thr protein kinase family, MAP kinase kinase kinase subfamily"
"Q16585","Sarcoglycan beta/delta/gamma/zeta family"
"Q16586","Sarcoglycan alpha/epsilon family"
"Q16587","Krueppel C2H2-type zinc-finger protein family"
"Q16594","TAF9 family"
"Q16595","Frataxin family"
"Q16600","Krueppel C2H2-type zinc-finger protein family"
"Q16602","G-protein coupled receptor 2 family"
"Q16611","Bcl-2 family"
"Q16613","Acetyltransferase family, AANAT subfamily"
"Q16617","PMP-22/EMP/MP20 family"
"Q16619","IL-6 superfamily"
"Q16620","Protein kinase superfamily, Tyr protein kinase family, Insulin receptor subfamily"
"Q16621","BZIP family, CNC subfamily"
"Q16623","Syntaxin family"
"Q16625","ELL/occludin family"
"Q16627","Intercrine beta (chemokine CC) family"
"Q16629","Splicing factor SR family"
"Q16630","RRM CPSF6/7 family"
"Q16633","POU2AF family"
"Q16635","Taffazin family"
"Q16637","SMN family"
"Q16644","Protein kinase superfamily, CAMK Ser/Thr protein kinase family"
"Q16647","Cytochrome P450 family"
"Q16649","BZIP family, NFIL3 subfamily"
"Q16651","Peptidase S1 family"
"Q16653","Immunoglobulin superfamily, BTN/MOG family"
"Q16654","PDK/BCKDK protein kinase family"
"Q16656","NRF1/Ewg family"
"Q16658","Fascin family"
"Q16659","Protein kinase superfamily, CMGC Ser/Thr protein kinase family, MAP kinase subfamily"
"Q16661","Guanylin family"
"Q16663","Intercrine beta (chemokine CC) family"
"Q16666","HIN-200 family"
"Q16667","Protein-tyrosine phosphatase family"
"Q16671","Protein kinase superfamily, TKL Ser/Thr protein kinase family, TGFB receptor subfamily"
"Q16674","MIA/OTOR family"
"Q16678","Cytochrome P450 family"
"Q16690","Protein-tyrosine phosphatase family, Non-receptor class dual specificity subfamily"
"Q16695","Histone H3 family"
"Q16696","Cytochrome P450 family"
"Q16698","Short-chain dehydrogenases/reductases (SDR) family, 2,4-dienoyl-CoA reductase subfamily"
"Q16706","Glycosyl hydrolase 38 family"
"Q16718","Complex I NDUFA5 subunit family"
"Q16719","Kynureninase family"
"Q16720","Cation transport ATPase (P-type) (TC 3.A.3) family, Type IIB subfamily"
"Q16739","Glycosyltransferase 2 family"
"Q16740","Peptidase S14 family"
"Q16760","Eukaryotic diacylglycerol kinase family"
"Q16763","Ubiquitin-conjugating enzyme family"
"Q16769","Glutaminyl-peptide cyclotransferase family"
"Q16772","GST superfamily, Alpha family"
"Q16773","Class-I pyridoxal-phosphate-dependent aminotransferase family"
"Q16774","Guanylate kinase family"
"Q16775","Metallo-beta-lactamase superfamily, Glyoxalase II family"
"Q16777","Histone H2A family"
"Q16778","Histone H2B family"
"Q16790","Alpha-carbonic anhydrase family"
"Q16795","Complex I NDUFA9 subunit family"
"Q16798","Malic enzymes family"
"Q16816","Protein kinase superfamily, CAMK Ser/Thr protein kinase family"
"Q16822","Phosphoenolpyruvate carboxykinase [GTP] family"
"Q16825","Protein-tyrosine phosphatase family, Non-receptor class subfamily"
"Q16827","Protein-tyrosine phosphatase family, Receptor class 3 subfamily"
"Q16828","Protein-tyrosine phosphatase family, Non-receptor class dual specificity subfamily"
"Q16829","Protein-tyrosine phosphatase family, Non-receptor class dual specificity subfamily"
"Q16831","PNP/UDP phosphorylase family"
"Q16832","Protein kinase superfamily, Tyr protein kinase family, Insulin receptor subfamily"
"Q16836","3-hydroxyacyl-CoA dehydrogenase family"
"Q16842","Glycosyltransferase 29 family"
"Q16849","Protein-tyrosine phosphatase family, Receptor class 8 subfamily"
"Q16850","Cytochrome P450 family"
"Q16851","UDPGP type 1 family"
"Q16853","Copper/topaquinone oxidase family"
"Q16854","DCK/DGK family"
"Q16864","V-ATPase F subunit family"
"Q16873","MAPEG family"
"Q16875","Phosphoglycerate mutase family"
"Q16877","Phosphoglycerate mutase family"
"Q16878","Cysteine dioxygenase family"
"Q16880","UDP-glycosyltransferase family"
"Q16881","Class-I pyridine nucleotide-disulfide oxidoreductase family"
"Q16890","TPD52 family"
"Q16891","MICOS complex subunit Mic60 family"
"Q17R31","Metallo-dependent hydrolases superfamily, TatD-type hydrolase family"
"Q17R98","Krueppel C2H2-type zinc-finger protein family"
"Q17RD7","Synaptotagmin family"
"Q17RS7","XPG/RAD2 endonuclease family, GEN subfamily"
"Q17RW2","Fibrillar collagen family"
"Q17RY0","RRM CPEB family"
"Q19AV6","SWS1 family"
"Q19T08","ECSCR family"
"Q1EHB4","Sodium:solute symporter (SSF) (TC 2.A.21) family"
"Q1HG43","DUOXA family"
"Q1HG44","DUOXA family"
"Q1RMZ1","BMT2/SAMTOR family"
"Q1W6H9","FAM110 family"
"Q24JP5","TMEM132 family"
"Q27J81","Formin homology family"
"Q29980","MHC class I family, MIC subfamily"
"Q29983","MHC class I family, MIC subfamily"
"Q29RF7","PDS5 family"
"Q2I0M5","R-spondin family"
"Q2KHR2","RFX family"
"Q2KHT3","CLEC16A/gop-1 family"
"Q2KHT4","GSG1 family"
"Q2M1K9","Krueppel C2H2-type zinc-finger protein family"
"Q2M1P5","TRAFAC class myosin-kinesin ATPase superfamily, Kinesin family, KIF27 subfamily"
"Q2M2I5","Intermediate filament family"
"Q2M2I8","Protein kinase superfamily, Ser/Thr protein kinase family"
"Q2M2Z5","Kizuna family"
"Q2M385","MPEG1 family"
"Q2M389","SWIP family"
"Q2M3C7","AKAP110 family"
"Q2M3G0","ABC transporter superfamily, ABCB family, Multidrug resistance exporter (TC 3.A.1.201) subfamily"
"Q2M3M2","Sodium:solute symporter (SSF) (TC 2.A.21) family"
"Q2M3R5","TMEM20 family"
"Q2M3T9","Glycosyl hydrolase 56 family"
"Q2MKA7","R-spondin family"
"Q2MV58","Tectonic family"
"Q2NKJ3","CTC1 family"
"Q2NKQ1","RUTBC family"
"Q2NKX8","SNF2/RAD54 helicase family"
"Q2NL67","ARTD/PARP family"
"Q2Q1W2","TRIM/RBCC family"
"Q2QGD7","ZXD family"
"Q2QL34","Peroxisomal membrane protein PXMP2/4 family"
"Q2T9J0","Peptidase S1B family"
"Q2TAA5","Glycosyltransferase group 1 family, Glycosyltransferase 4 subfamily"
"Q2TAC6","TRAFAC class myosin-kinesin ATPase superfamily, Kinesin family"
"Q2TAK8","PWWP3A family"
"Q2TAY7","WD repeat SMU1 family"
"Q2TAZ0","ATG2 family"
"Q2TB18","Asteroid family"
"Q2TB90","Hexokinase family"
"Q2TBA0","KLHL40 family"
"Q2TBE0","CWF19 family"
"Q2UY09","VWA-containing collagen family"
"Q2V2M9","Formin homology family"
"Q2VIQ3","TRAFAC class myosin-kinesin ATPase superfamily, Kinesin family, Chromokinesin subfamily"
"Q2VPA4","Receptors of complement activation (RCA) family"
"Q2VPK5","CTU2/NCS2 family"
"Q2VWA4","SKI family"
"Q2WEN9","Immunoglobulin superfamily, CEA family"
"Q2Y0W8","Anion exchanger (TC 2.A.31) family"
"Q2YD98","UVSSA family"
"Q30154","MHC class II family"
"Q30201","MHC class I family"
"Q30KQ6","Beta-defensin family"
"Q32M45","Anoctamin family"
"Q32M88","Glycosyl hydrolase 65 family"
"Q32MK0","Protein kinase superfamily, CAMK Ser/Thr protein kinase family"
"Q32MZ4","LRRFIP family"
"Q32NB8","CDP-alcohol phosphatidyltransferase class-II family"
"Q32P28","Leprecan family"
"Q32P41","Class I-like SAM-binding methyltransferase superfamily, TRM5/TYW2 family"
"Q32P44","WD repeat EMAP family"
"Q330K2","NDUFAF6 family"
"Q33E94","RFX family"
"Q38SD2","Protein kinase superfamily, TKL Ser/Thr protein kinase family, ROCO subfamily"
"Q3B820","FAM161 family"
"Q3KNS1","Patched family"
"Q3KNS6","Krueppel C2H2-type zinc-finger protein family"
"Q3KNT9","TMEM95 family"
"Q3KNW5","Bile acid:sodium symporter (BASS) (TC 2.A.28) family"
"Q3KP22","MAJIN family"
"Q3KQU3","MAP7 family"
"Q3KQV3","Krueppel C2H2-type zinc-finger protein family"
"Q3KRA9","AlkB family"
"Q3L8U1","SNF2/RAD54 helicase family"
"Q3LHN2","KRTAP type 19 family"
"Q3LI64","KRTAP type 6 family"
"Q3LI66","KRTAP type 6 family"
"Q3LI67","KRTAP type 6 family"
"Q3LI70","KRTAP type 19 family"
"Q3LI72","KRTAP type 19 family"
"Q3LI76","PMG family"
"Q3LIE5","ADPRibase-Mn family"
"Q3LXA3","Dihydroxyacetone kinase (DAK) family"
"Q3MHD2","LSM12 family"
"Q3MIR4","CDC50/LEM3 family"
"Q3MIT2","Pseudouridine synthase Pus10 family"
"Q3MJ62","Krueppel C2H2-type zinc-finger protein family"
"Q3SX64","CIMAP family"
"Q3SXM5","Short-chain dehydrogenases/reductases (SDR) family, 17-beta-HSD 3 subfamily"
"Q3SXP7","Shisa family"
"Q3SXY8","Small GTPase superfamily, Arf family"
"Q3SXZ7","Tubulin--tyrosine ligase family"
"Q3SY46","PMG family"
"Q3SY56","Sp1 C2H2-type zinc-finger protein family"
"Q3SY69","GART family"
"Q3SY69"," Aldehyde dehydrogenase family, ALDH1L subfamily"
"Q3SY84","Intermediate filament family"
"Q3SYC2","Diacylglycerol acyltransferase family"
"Q3SYF9","KRTAP type 19 family"
"Q3T906","Stealth family"
"Q3V5L5","Glycosyltransferase 18 family"
"Q3V6T2","CCDC88 family"
"Q3YBM2","TMEM176 family"
"Q3YBR2","TBRG1 family"
"Q3YEC7","Small GTPase superfamily, Rab family"
"Q3ZAQ7","VMA21 family"
"Q3ZCM7","Tubulin family"
"Q3ZCQ8","TIM50 family"
"Q401N2","Ligand-gated ion channel (TC 1.A.9) family"
"Q460N3","ARTD/PARP family"
"Q460N5","ARTD/PARP family"
"Q494R4","DRC12 family"
"Q494V2","CFAP100 family"
"Q495M3","Amino acid/polyamine transporter 2 family"
"Q495T6","Peptidase M13 family"
"Q495W5","Glycosyltransferase 10 family"
"Q496F6","CD300 family"
"Q496J9","Major facilitator superfamily"
"Q496M5","Protein kinase superfamily, Ser/Thr protein kinase family, CDC5/Polo subfamily"
"Q49A17","Glycosyltransferase 2 family, GalNAc-T subfamily"
"Q49A26","HIBADH-related family, NP60 subfamily"
"Q49AJ0","FAM135 family"
"Q49AM1","MTERF family"
"Q49AN0","DNA photolyase class-1 family"
"Q49B96","COX19 family"
"Q4ADV7","RIC1 family"
"Q4AE62","Glycosyltransferase group 1 family, Glycosyltransferase 4 subfamily"
"Q4FZB7","Class V-like SAM-binding methyltransferase superfamily, Histone-lysine methyltransferase family, Suvar4-20 subfamily"
"Q4G0J3","LARP7 family"
"Q4G0M1","Adipolin/erythroferrone family"
"Q4G0N4","NAD kinase family"
"Q4G0N8","Monovalent cation:proton antiporter 1 (CPA1) transporter (TC 2.A.36) family"
"Q4G0S4","Cytochrome P450 family"
"Q4G0U5","PCDP1 family"
"Q4G0W2","Protein-tyrosine phosphatase family, Non-receptor class dual specificity subfamily"
"Q4G0X9","CCDC40 family"
"Q4G176","ATP-dependent AMP-binding enzyme family"
"Q4J6C6","Peptidase S9A family"
"Q4JDL3","Protein-tyrosine phosphatase family, Non-receptor class subfamily"
"Q4KMQ1","Taperin family"
"Q4KMQ2","Anoctamin family"
"Q4L180","FILIP1 family"
"Q4L235","ATP-dependent AMP-binding enzyme family"
"Q4LDG9","Dynein light chain LC1-type family"
"Q4LDR2","Cortexin family"
"Q4U2R8","Major facilitator (TC 2.A.1) superfamily, Organic cation transporter (TC 2.A.1.19) family"
"Q4VC05","BCL7 family"
"Q4VCS5","Angiomotin family"
"Q4VNC1","Cation transport ATPase (P-type) (TC 3.A.3) family, Type V subfamily"
"Q4VXU2","Polyadenylate-binding protein type-1 family"
"Q4ZG55","GREB1 family"
"Q4ZJI4","Monovalent cation:proton antiporter 1 (CPA1) transporter (TC 2.A.36) family"
"Q504Q3","Peptidase C19 family, PAN2 subfamily"
"Q504Y0","ZIP transporter (TC 2.A.5) family"
"Q504Y2","Protein kinase superfamily"
"Q52LG2","PMG family"
"Q52LJ0","FAM98 family"
"Q53EL6","PDCD4 family"
"Q53EL9","SEZ6 family"
"Q53EP0","FNDC3 family"
"Q53ET0","TORC family"
"Q53EU6","1-acyl-sn-glycerol-3-phosphate acyltransferase family"
"Q53F19","NCBP3 family"
"Q53F39","Metallophosphoesterase superfamily, MPPE1 family"
"Q53FA7","Zinc-containing alcohol dehydrogenase family, Quinone oxidoreductase subfamily"
"Q53FD0","ZC2HC1 family"
"Q53FP2","DoxX family"
"Q53FT3","OPI10 family"
"Q53FV1","ORM family"
"Q53FZ2","ATP-dependent AMP-binding enzyme family"
"Q53GA4","PHLDA2 family"
"Q53GD3","CTL (choline transporter-like) family"
"Q53GL7","ARTD/PARP family"
"Q53GQ0","Short-chain dehydrogenases/reductases (SDR) family, 17-beta-HSD 3 subfamily"
"Q53GS7","GLE1 family"
"Q53GS9","Peptidase C19 family"
"Q53H12","AGK family"
"Q53H47","Class V-like SAM-binding methyltransferase superfamily"
"Q53H47"," Mariner transposase family"
"Q53H54","Class I-like SAM-binding methyltransferase superfamily, TRM5/TYW2 family"
"Q53H76","AB hydrolase superfamily, Lipase family"
"Q53H80","Akirin family"
"Q53H82","Metallo-beta-lactamase superfamily, Glyoxalase II family"
"Q53H96","Pyrroline-5-carboxylate reductase family"
"Q53HC9","WD repeat EIPR1 family"
"Q53HI1","Unc-50 family"
"Q53HL2","Borealin family"
"Q53HV7","Uracil-DNA glycosylase (UDG) superfamily, SMUG1 family"
"Q53QV2","LBH family"
"Q53R12","L6 tetraspanin family"
"Q53R41","FAST kinase family"
"Q53S33","BolA/IbaG family"
"Q53T94","RRN7/TAF1B family"
"Q53TQ3","INO80D family"
"Q562E7","WD repeat WDR81 family"
"Q562F6","Shugoshin family"
"Q567U6","CCDC93 family"
"Q56A73","SPIN/STSY family"
"Q56NI9","Acetyltransferase family, ECO subfamily"
"Q56UN5","Protein kinase superfamily, STE Ser/Thr protein kinase family, STE20 subfamily"
"Q587J8","KHDC1 family"
"Q58A45","Protein kinase superfamily, PAN3 family"
"Q58DX5","Peptidase M28 family, M28B subfamily"
"Q58EX2","Sidekick family"
"Q58F21","BET family"
"Q58HT5","Diacylglycerol acyltransferase family"
"Q59EK9","RUNDC3 family"
"Q59H18","Protein kinase superfamily, TKL Ser/Thr protein kinase family, MAP kinase kinase kinase subfamily"
"Q5BJD5","TMEM41 family"
"Q5BJF2","TMEM97/sigma-2 receptor family"
"Q5BJF6","ODF2 family"
"Q5BJH7","YIF1 family"
"Q5BKX5","ACTMAP family"
"Q5BKX8","CAVIN family"
"Q5BKZ1","AKAP95 family"
"Q5BN46","PIERCE1 family"
"Q5C9Z4","CWC22 family"
"Q5D1E8","ZC3H12 family"
"Q5D862","S100-fused protein family"
"Q5D862"," S-100 family"
"Q5EB52","AB hydrolase superfamily"
"Q5EBL4","RILPL family"
"Q5EBM0","Thymidylate kinase family"
"Q5EE01","CENP-W/WIP1 family"
"Q5FBB7","Shugoshin family"
"Q5FVE4","ATP-dependent AMP-binding enzyme family, Bubblegum subfamily"
"Q5FWF4","SNF2/RAD54 helicase family"
"Q5FWF5","Acetyltransferase family, ECO subfamily"
"Q5FYB1","Sulfatase family"
"Q5H8A4","PIGG/PIGN/PIGO family, PIGG subfamily"
"Q5H8C1","FRAS1 family"
"Q5H9F3","BCOR family"
"Q5H9I0","E2F/DP family"
"Q5H9J7","BEX family"
"Q5H9L4","TAF7 family"
"Q5H9R7","SAPS family"
"Q5HYI8","Small GTPase superfamily, Rab family"
"Q5HYJ3","FAM76 family"
"Q5HYK3","Class I-like SAM-binding methyltransferase superfamily, MenG/UbiE family"
"Q5HYN5","CT45 family"
"Q5HYW2","NHS family"
"Q5I7T1","ALG10 glucosyltransferase family"
"Q5IJ48","Crumbs protein family"
"Q5J8M3","EMC4 family"
"Q5J8X5","MS4A family"
"Q5JPH6","Class-I aminoacyl-tRNA synthetase family, Glutamate--tRNA ligase type 1 subfamily"
"Q5JPI9","Class I-like SAM-binding methyltransferase superfamily, EFM4 family"
"Q5JQC9","AKAP110 family"
"Q5JR59","MTUS1 family"
"Q5JR98","Dynein light chain Tctex-type family"
"Q5JRA6","MIA/OTOR family, Tango1 subfamily"
"Q5JRX3","Peptidase M16 family, PreP subfamily"
"Q5JSL3","DOCK family"
"Q5JT25","Small GTPase superfamily, Rab family"
"Q5JTC6","Amer family"
"Q5JTJ3","Cytochrome c oxidase subunit 6B family"
"Q5JTV8","TOR1AIP family"
"Q5JTW2","CEP78 family"
"Q5JTY5","SIMIBI class G3E GTPase family, ZNG1 subfamily"
"Q5JTZ9","Class-II aminoacyl-tRNA synthetase family"
"Q5JU85","BRAG family"
"Q5JUK3","Potassium channel family, Calcium-activated (TC 1.A.1.3) subfamily, KCa4.1/KCNT1 sub-subfamily"
"Q5JVF3","CSN12 family"
"Q5JVS0","SERBP1-HABP4 family"
"Q5JW98","CALHM family"
"Q5JWF2","G-alpha family, G(s) subfamily"
"Q5JX71","FAM209 family"
"Q5JY77","GPRASP family"
"Q5JZY3","Protein kinase superfamily, Tyr protein kinase family, Ephrin receptor subfamily"
"Q5K4E3","Peptidase S1 family"
"Q5K4L6","ATP-dependent AMP-binding enzyme family"
"Q5KSL6","Eukaryotic diacylglycerol kinase family"
"Q5M775","Cytospin-A family"
"Q5M8T2","TPT transporter family, SLC35D subfamily"
"Q5MIZ7","SMEK family"
"Q5MJ10","SPAN-X family"
"Q5MJ70","Speedy/Ringo family"
"Q5MNZ6","WD repeat PROPPIN family"
"Q5MNZ9","WD repeat PROPPIN family"
"Q5MY95","GDA1/CD39 NTPase family"
"Q5NDL2","Glycosyltransferase 61 family"
"Q5NUL3","G-protein coupled receptor 1 family"
"Q5PRF9","SMAUG family"
"Q5PSV4","BRMS1 family"
"Q5QGT7","TMEM7 family"
"Q5QJU3","Alkaline ceramidase family"
"Q5QNW6","Histone H2B family"
"Q5QP82","WD repeat DCAF10 family"
"Q5R3K3","CALHM family"
"Q5RI15","COX20 family"
"Q5RKV6","RNase PH family"
"Q5RL73","RBM48 family"
"Q5S007","Protein kinase superfamily, TKL Ser/Thr protein kinase family"
"Q5SGD2","PP2C family"
"Q5SNT2","TMEM201 family"
"Q5SQI0","Acetyltransferase ATAT1 family"
"Q5SQN1","SVAP1 family"
"Q5SQQ9","EMX homeobox family"
"Q5SR56","Major facilitator superfamily"
"Q5SRE5","Nup188 family"
"Q5SRE7","PhyH family, PHYHD1 subfamily"
"Q5ST30","Class-I aminoacyl-tRNA synthetase family"
"Q5SVS4","Mitochondrial carrier (TC 2.A.29) family"
"Q5SW24","Dapper family"
"Q5SW79","CEP170 family"
"Q5SWA1","PPP1R15 family"
"Q5SY16","Clp1 family, NOL9/GRC3 subfamily"
"Q5SZK8","FRAS1 family"
"Q5SZL2","CEP85 family"
"Q5SZQ8","CELF/BRUNOL family"
"Q5T0F9","CC2D1 family"
"Q5T0N1","CFAP70 family"
"Q5T0N5","FNBP1 family"
"Q5T0W9","FAM83 family"
"Q5T160","Class-I aminoacyl-tRNA synthetase family"
"Q5T1C6","THEM4/THEM5 thioesterase family"
"Q5T1H1","EYS family"
"Q5T1M5","FKBP-type PPIase family"
"Q5T1V6","DEAD box helicase family, DDX59 subfamily"
"Q5T200","ZC3H13 family"
"Q5T280","Class IV-like SAM-binding methyltransferase superfamily"
"Q5T2R2","FPP/GGPP synthase family"
"Q5T2T1","MAGUK family"
"Q5T2W1","NHER family"
"Q5T3F8","CSC1 (TC 1.A.17) family"
"Q5T3J3","LRIF1 family"
"Q5T3U5","ABC transporter superfamily, ABCC family, Conjugate transporter (TC 3.A.1.208) subfamily"
"Q5T440","GcvT family, CAF17/IBA57 subfamily"
"Q5T442","Connexin family, Gamma-type subfamily"
"Q5T4B2","Glycosyltransferase 25 family"
"Q5T4D3","TMTC family"
"Q5T4F7","Secreted frizzled-related protein (sFRP) family"
"Q5T4S7","UBR4 family"
"Q5T4T6","SYCP2 family"
"Q5T4W7","TGF-beta family, GDNF subfamily"
"Q5T5A8","LCE family"
"Q5T5B0","LCE family"
"Q5T5C0","WD repeat L(2)GL family"
"Q5T5Y3","CAMSAP1 family"
"Q5T601","G-protein coupled receptor 2 family, Adhesion G-protein coupled receptor (ADGR) subfamily"
"Q5T619","Krueppel C2H2-type zinc-finger protein family"
"Q5T655","CFAP58 family"
"Q5T6F0","WD repeat DCAF12 family"
"Q5T6S3","Polycomblike family"
"Q5T6X5","G-protein coupled receptor 3 family"
"Q5T700","LDLR family"
"Q5T751","LCE family"
"Q5T752","LCE family"
"Q5T753","LCE family"
"Q5T754","LCE family"
"Q5T7B8","TRAFAC class myosin-kinesin ATPase superfamily, Kinesin family"
"Q5T7M4","Adipolin/erythroferrone family"
"Q5T7P2","LCE family"
"Q5T7P3","LCE family"
"Q5T7P8","Synaptotagmin family"
"Q5T7V8","GORAB family"
"Q5T7W0","Krueppel C2H2-type zinc-finger protein family"
"Q5T848","G-protein coupled receptor 3 family"
"Q5T890","SNF2/RAD54 helicase family"
"Q5T8D3","ATG37 family"
"Q5T8I9","Methyltransferase superfamily, HEN1 family"
"Q5T9A4","AAA ATPase family"
"Q5T9C2","EEIG family"
"Q5T9L3","Wntless family"
"Q5TA45","Metallo-beta-lactamase superfamily, RNA-metabolizing metallo-beta-lactamase-like family, INTS11 subfamily"
"Q5TA50","GLTP family"
"Q5TA76","LCE family"
"Q5TA77","LCE family"
"Q5TA78","LCE family"
"Q5TA79","LCE family"
"Q5TA81","LCE family"
"Q5TA82","LCE family"
"Q5TAB7","Ripply family"
"Q5TAP6","UTP14 family"
"Q5TAQ9","WD repeat DCAF8 family"
"Q5TAX3","DNA polymerase type-B-like family"
"Q5TB80","CEP162 family"
"Q5TBA9","Furry protein family"
"Q5TBB1","RNase H2 subunit B family"
"Q5TCH4","Cytochrome P450 family"
"Q5TCM9","LCE family"
"Q5TCQ9","MAGUK family"
"Q5TCS8","Adenylate kinase family"
"Q5TCX8","Protein kinase superfamily, STE Ser/Thr protein kinase family, MAP kinase kinase kinase subfamily"
"Q5TCY1","Protein kinase superfamily, CK1 Ser/Thr protein kinase family"
"Q5TCZ1","SH3PXD2 family"
"Q5TD94","Flagellar radial spoke RSP4/6 family"
"Q5TDH0","DDI1 family"
"Q5TEJ8","Themis family"
"Q5TEU4","Methyltransferase superfamily"
"Q5TGU0","TspO/BZRP family"
"Q5TGZ0","MICOS complex subunit Mic10 family"
"Q5THJ4","VPS13 family"
"Q5TKA1","Lin-9 family"
"Q5TZA2","Rootletin family"
"Q5U5X0","Complex I LYR family"
"Q5U5Z8","Peptidase M14 family"
"Q5UCC4","EMC10 family"
"Q5UIP0","RIF1 family"
"Q5VIR6","VPS53 family"
"Q5VSL9","STRIP family"
"Q5VST6","AB hydrolase superfamily, ABHD17 family"
"Q5VST9","Protein kinase superfamily, CAMK Ser/Thr protein kinase family"
"Q5VSY0","GKAP1 family"
"Q5VT25","Protein kinase superfamily, AGC Ser/Thr protein kinase family, DMPK subfamily"
"Q5VTH2","Flattop family"
"Q5VTR2","BRE1 family"
"Q5VTY9","Membrane-bound acyltransferase family, HHAT subfamily"
"Q5VU57","Peptidase M14 family"
"Q5VUB5","FAM171 family"
"Q5VUM1","SDHAF4 family"
"Q5VV42","Methylthiotransferase family, CDKAL1 subfamily"
"Q5VVJ2","Peptidase M67A family, MYSM1 subfamily"
"Q5VVX9","Ubiquitin-conjugating enzyme family"
"Q5VVY1","Methyltransferase superfamily, NTM1 family"
"Q5VW32","BROX family"
"Q5VW38","LU7TM family"
"Q5VWC8","Very long-chain fatty acids dehydratase HACD family"
"Q5VWG9","TAF3 family"
"Q5VWJ9","Sorting nexin family"
"Q5VWK5","Type I cytokine receptor family, Type 2 subfamily"
"Q5VWN6","TASOR family"
"Q5VWP2","TENT family"
"Q5VWX1","KHDRBS family"
"Q5VWZ2","AB hydrolase superfamily, AB hydrolase 2 family"
"Q5VXI9","AB hydrolase superfamily, Lipase family"
"Q5VXU9","XPF family"
"Q5VY09","IER family"
"Q5VY43","MEGF family"
"Q5VY80","MHC class I family"
"Q5VYK3","ECM29 family"
"Q5VYS8","DNA polymerase type-B-like family"
"Q5VYX0","Renalase family"
"Q5VZE5","MAK10 family"
"Q5VZF2","Muscleblind family"
"Q5VZK9","CARMIL family"
"Q5VZM2","GTR/RAG GTP-binding protein family"
"Q5VZV1","Methyltransferase superfamily, METTL21 family"
"Q5VZY2","PA-phosphatase related phosphoesterase family"
"Q5W0Q7","Peptidase C19 family"
"Q5W0Z9","DHHC palmitoyltransferase family"
"Q5XG87","DNA polymerase type-B-like family"
"Q5XKE5","Intermediate filament family"
"Q5XKP0","MICOS complex subunit Mic13 family"
"Q5XKR4","Paired homeobox family, Bicoid subfamily"
"Q5XUX0","FBXO31 family"
"Q5XXA6","Anoctamin family"
"Q5ZPR3","Immunoglobulin superfamily, BTN/MOG family"
"Q63HK5","Teashirt C2H2-type zinc-finger protein family"
"Q63HN8","AAA ATPase family"
"Q63HR2","PTEN phosphatase protein family"
"Q63ZY6","Class I-like SAM-binding methyltransferase superfamily, RsmB/NOP family"
"Q641Q2","FAM21 family"
"Q643R3","1-acyl-sn-glycerol-3-phosphate acyltransferase family"
"Q658P3","STEAP family"
"Q659A1","ICE2 family"
"Q659C4","LARP family"
"Q66GS9","CEP135/TSGA10 family"
"Q66K74","MAP1 family"
"Q66K79","Peptidase M14 family"
"Q66PJ3","ARL6IP4 family"
"Q674R7","ATG9 family"
"Q674X7","Kazrin family"
"Q676U5","WD repeat ATG16 family"
"Q687X5","STEAP family"
"Q68CJ9","BZIP family, ATF subfamily"
"Q68CK6","ATP-dependent AMP-binding enzyme family"
"Q68CQ4","UTP25 family"
"Q68CZ1","RPGRIP1 family"
"Q68CZ2","PTEN phosphatase protein family"
"Q68CZ6","HAUS3 family"
"Q68D06","Schlafen family, Subgroup III subfamily"
"Q68D10","SPT2 family"
"Q68D91","Metallo-beta-lactamase superfamily, Glyoxalase II family"
"Q68DA7","Formin homology family, Cappuccino subfamily"
"Q68DK7","Msl-1 family"
"Q68DQ2","Beta/gamma-crystallin family"
"Q68DV7","ZNRF3 family"
"Q68E01","Integrator subunit 3 family"
"Q68EA5","Krueppel C2H2-type zinc-finger protein family"
"Q68EN5","Peptidase MATCAP family"
"Q68J44","Protein-tyrosine phosphatase family, Non-receptor class dual specificity subfamily"
"Q69384","Beta type-B retroviral envelope protein family, HERV class-II K(HML-2) env subfamily"
"Q695T7","Sodium:neurotransmitter symporter (SNF) (TC 2.A.22) family, SLC6A19 subfamily"
"Q69YI7","NAIF1 family"
"Q69YN4","Vir family"
"Q69YQ0","Cytospin-A family"
"Q6A162","Intermediate filament family"
"Q6A163","Intermediate filament family"
"Q6AI14","Monovalent cation:proton antiporter 1 (CPA1) transporter (TC 2.A.36) family"
"Q6AWC2","WWC family"
"Q6AZZ1","TRIM/RBCC family"
"Q6B0I6","JHDM3 histone demethylase family"
"Q6B8I1","Protein-tyrosine phosphatase family, Non-receptor class dual specificity subfamily"
"Q6BCY4","Flavoprotein pyridine nucleotide cytochrome reductase family"
"Q6DD88","TRAFAC class dynamin-like GTPase superfamily, GB1/RHD3 GTPase family, GB1 subfamily"
"Q6DHV7","Metallo-dependent hydrolases superfamily, Adenosine and AMP deaminases family"
"Q6DJT9","Krueppel C2H2-type zinc-finger protein family"
"Q6DKJ4","Nucleoredoxin family"
"Q6DKK2","TTC19 family"
"Q6DN03","Histone H2B family"
"Q6DN12","MCTP family"
"Q6DN14","MCTP family"
"Q6DN90","BRAG family"
"Q6DRA6","Histone H2B family"
"Q6DT37","Protein kinase superfamily, AGC Ser/Thr protein kinase family, DMPK subfamily"
"Q6E0U4","Dermokine family"
"Q6E213","Diacylglycerol acyltransferase family"
"Q6ECI4","Krueppel C2H2-type zinc-finger protein family"
"Q6EEV6","Ubiquitin family, SUMO subfamily"
"Q6EMB2","Tubulin--tyrosine ligase family"
"Q6F5E8","CARMIL family"
"Q6FHJ7","Secreted frizzled-related protein (sFRP) family"
"Q6FI13","Histone H2A family"
"Q6FI81","Anamorsin family"
"Q6GMR7","Amidase family"
"Q6GMV2","Class V-like SAM-binding methyltransferase superfamily"
"Q6GPH6","ITPRIP family"
"Q6GQQ9","Peptidase C64 family"
"Q6GTS8","Peptidase M20A family"
"Q6H3X3","MHC class I family"
"Q6I9Y2","THOC7 family"
"Q6IA17","Interleukin-1 receptor family"
"Q6IA69","NAD synthetase family"
"Q6IA86","WD repeat ELP2 family"
"Q6IAA8","LAMTOR1 family"
"Q6IB77","Glycine N-acyltransferase family"
"Q6IBS0","Actin-binding proteins ADF family, Twinfilin subfamily"
"Q6IBW4","CND2 H2 (condensin-2 subunit 2) family"
"Q6ICB0","DeSI family"
"Q6ICB4","Sesquipedalian family"
"Q6ICL3","Tango2 family"
"Q6ICL7","TPT transporter family, SLC35E subfamily"
"Q6IE81","JADE family"
"Q6IMI6","Sulfotransferase 1 family"
"Q6IMN6","Caprin family"
"Q6IN84","Class IV-like SAM-binding methyltransferase superfamily, RNA methyltransferase TrmH family"
"Q6IN85","SMEK family"
"Q6IPU0","CENP-P/CTF19 family"
"Q6IQ16","Tdpoz family"
"Q6IQ19","CCSAP family"
"Q6IQ20","NAPE-PLD family"
"Q6IQ22","Small GTPase superfamily, Rab family"
"Q6IQ26","RAB6IP1 family"
"Q6IQ49","SDE2 family"
"Q6IQ55","Protein kinase superfamily, CK1 Ser/Thr protein kinase family"
"Q6IS24","Glycosyltransferase 2 family, GalNAc-T subfamily"
"Q6ISB3","Grh/CP2 family, Grainyhead subfamily"
"Q6IWH7","Anoctamin family"
"Q6J4K2","Ca(2+):cation antiporter (CaCA) (TC 2.A.19) family, SLC24A subfamily"
"Q6J9G0","Protein kinase superfamily, Tyr protein kinase family"
"Q6JQN1","Acyl-CoA dehydrogenase family"
"Q6K0P9","HIN-200 family"
"Q6KB66","Intermediate filament family"
"Q6KC79","SCC2/Nipped-B family"
"Q6KCM7","Mitochondrial carrier (TC 2.A.29) family"
"Q6KF10","TGF-beta family"
"Q6L8G4","KRTAP type 5 family"
"Q6L8G8","KRTAP type 5 family"
"Q6L8G9","KRTAP type 5 family"
"Q6L8H1","KRTAP type 5 family"
"Q6L8H2","KRTAP type 5 family"
"Q6L8H4","KRTAP type 5 family"
"Q6L8Q7","CCR4/nocturin family"
"Q6L9W6","Chondroitin N-acetylgalactosaminyltransferase family"
"Q6MZM0","Multicopper oxidase family"
"Q6MZP7","Lin-54 family"
"Q6MZQ0","PROTOR family"
"Q6N021","TET family"
"Q6N022","Tenascin family, Teneurin subfamily"
"Q6N075","Major facilitator superfamily"
"Q6NS38","AlkB family"
"Q6NSJ0","Glycosyl hydrolase 31 family"
"Q6NSJ5","LRRC8 family"
"Q6NSW7","Nanog homeobox family"
"Q6NT16","Major facilitator superfamily"
"Q6NT55","Cytochrome P450 family"
"Q6NTE8","MRNIP family"
"Q6NTF7","Cytidine and deoxycytidylate deaminase family"
"Q6NTF9","Peptidase S54 family"
"Q6NUI2","GPAT/DAPAT family"
"Q6NUI6","Small leucine-rich proteoglycan (SLRP) family, SLRP class IV subfamily"
"Q6NUK1","Mitochondrial carrier (TC 2.A.29) family"
"Q6NUN0","ATP-dependent AMP-binding enzyme family"
"Q6NUN9","Krueppel C2H2-type zinc-finger protein family"
"Q6NUQ1","RINT1 family"
"Q6NUQ4","TMEM214 family"
"Q6NUS6","Tectonic family"
"Q6NUT2","Dpy-19 family"
"Q6NUT3","Major facilitator superfamily"
"Q6NVU6","Peptidase C78 family"
"Q6NVY1","Enoyl-CoA hydratase/isomerase family"
"Q6NW40","Repulsive guidance molecule (RGM) family"
"Q6NWY9","PRPF40 family"
"Q6NX45","Krueppel C2H2-type zinc-finger protein family"
"Q6NXG1","ESRP family"
"Q6NXR0","TRAFAC class dynamin-like GTPase superfamily, IRG family"
"Q6NXS1","Protein phosphatase inhibitor 2 family"
"Q6NXT2","Histone H3 family"
"Q6NXT4","Cation diffusion facilitator (CDF) transporter (TC 2.A.4) family, SLC30A subfamily"
"Q6NXT6","TAPT1 family"
"Q6NYC1","JMJD6 family"
"Q6NZ67","MOZART2 family"
"Q6NZI2","CAVIN family"
"Q6NZY4","ZCCHC8 family"
"Q6NZY7","BORG/CEP family"
"Q6P087","Pseudouridine synthase RluA family"
"Q6P0Q8","Protein kinase superfamily, AGC Ser/Thr protein kinase family"
"Q6P158","DEAD box helicase family, DEAH subfamily"
"Q6P179","Peptidase M1 family"
"Q6P1A2","Membrane-bound acyltransferase family"
"Q6P1J6","'GDSL' lipolytic enzyme family, Phospholipase B1 subfamily"
"Q6P1J9","CDC73 family"
"Q6P1K1","HRG family"
"Q6P1L6","Krueppel C2H2-type zinc-finger protein family"
"Q6P1M0","ATP-dependent AMP-binding enzyme family"
"Q6P1M3","WD repeat L(2)GL family"
"Q6P1N0","CC2D1 family"
"Q6P1Q9","Methyltransferase superfamily, METL family"
"Q6P1R4","Dus family, Dus1 subfamily"
"Q6P1X5","TAF2 family"
"Q6P2C8","Mediator complex subunit 27 family"
"Q6P2D0","Krueppel C2H2-type zinc-finger protein family"
"Q6P2E9","WD repeat EDC4 family"
"Q6P2H3","CEP85 family"
"Q6P2H8","TMEM53 family"
"Q6P2M8","Protein kinase superfamily, CAMK Ser/Thr protein kinase family, CaMK subfamily"
"Q6P2P2","Class I-like SAM-binding methyltransferase superfamily, Protein arginine N-methyltransferase family"
"Q6P3W2","DPH4 family"
"Q6P3W7","Protein kinase superfamily"
"Q6P461","ATP-dependent AMP-binding enzyme family"
"Q6P4A7","Sideroflexin family"
"Q6P4A8","Phospholipase B-like family"
"Q6P4F1","Glycosyltransferase 10 family"
"Q6P4F2","Adrenodoxin/putidaredoxin family"
"Q6P4H8","ANT/ATPSC lysine N-methyltransferase family"
"Q6P4I2","WD repeat WDR73 family"
"Q6P4Q7","ACDP family"
"Q6P4R8","NFRKB family"
"Q6P531","Gamma-glutamyltransferase family"
"Q6P587","FAH family"
"Q6P589","TNFAIP8 family, TNFAIP8L2 subfamily"
"Q6P597","Kinesin light chain family"
"Q6P5Q4","Tropomodulin family"
"Q6P5S7","RNase K family"
"Q6P5W5","ZIP transporter (TC 2.A.5) family"
"Q6P5X5","UPF0545 family"
"Q6P5Z2","Protein kinase superfamily, AGC Ser/Thr protein kinase family, PKC subfamily"
"Q6P6C2","AlkB family"
"Q6P988","Pectinacetylesterase family, Notum subfamily"
"Q6P9A2","Glycosyltransferase 2 family, GalNAc-T subfamily"
"Q6P9B9","Integrator subunit 5 family"
"Q6P9F5","TRIM/RBCC family"
"Q6P9F7","LRRC8 family"
"Q6P9G9","Krueppel C2H2-type zinc-finger protein family"
"Q6P9H4","CNKSR family"
"Q6PCB6","AB hydrolase superfamily, ABHD17 family"
"Q6PCB7","ATP-dependent AMP-binding enzyme family"
"Q6PCE3","Phosphohexose mutase family"
"Q6PEW1","ZCCHC12 family"
"Q6PEX3","PMG family"
"Q6PEY1","TMEM88 family"
"Q6PEY2","Tubulin family"
"Q6PF06","Class IV-like SAM-binding methyltransferase superfamily, TRM10 family"
"Q6PFW1","Histidine acid phosphatase family, VIP1 subfamily"
"Q6PGN9","PSRC1 family"
"Q6PGP7","SKI3 family"
"Q6PGQ7","BORA family"
"Q6PHR2","Protein kinase superfamily, Ser/Thr protein kinase family, APG1/unc-51/ULK1 subfamily"
"Q6PHW0","Nitroreductase family"
"Q6PI25","Cornichon family"
"Q6PI26","SHQ1 family"
"Q6PI48","Class-II aminoacyl-tRNA synthetase family, Type 1 subfamily"
"Q6PI77","GPRASP family"
"Q6PID8","KLHDC10 family"
"Q6PIF2","SYCE family"
"Q6PIF6","TRAFAC class myosin-kinesin ATPase superfamily, Myosin family"
"Q6PIL6","Recoverin family"
"Q6PIU1","Potassium channel family, V (TC 1.A.1.2) subfamily, Kv8.1/KCNV1 sub-subfamily"
"Q6PIU2","'GDXG' lipolytic enzyme family"
"Q6PIW4","AAA ATPase family"
"Q6PIY7","DNA polymerase type-B-like family, GLD2 subfamily"
"Q6PJ21","SPSB family"
"Q6PJ69","TRIM/RBCC family"
"Q6PJF5","Peptidase S54 family"
"Q6PJG6","BRAT1 family"
"Q6PJG9","LRFN family"
"Q6PJI9","WD repeat WDR59 family"
"Q6PJP8","DNA repair metallo-beta-lactamase (DRMBL) family"
"Q6PJT7","ZC3H14 family"
"Q6PJW8","CNST family"
"Q6PKC3","Protein disulfide isomerase family"
"Q6PKG0","LARP family"
"Q6PKX4","DOK family, Type B subfamily"
"Q6PL18","AAA ATPase family"
"Q6PML9","Cation diffusion facilitator (CDF) transporter (TC 2.A.4) family, SLC30A subfamily"
"Q6PRD1","G-protein coupled receptor 3 family"
"Q6PUV4","Complexin/synaphin family"
"Q6PXP3","Major facilitator superfamily, Sugar transporter (TC 2.A.1.1) family, Glucose transporter subfamily"
"Q6Q0C0","WD repeat TRAF7 family"
"Q6Q0C1","Mitochondrial carrier (TC 2.A.29) family"
"Q6Q4G3","Peptidase M1 family"
"Q6Q788","Apolipoprotein A1/A4/E family"
"Q6QHC5","Fatty acid desaturase type 1 family, DEGS subfamily"
"Q6QHF9","Flavin monoamine oxidase family"
"Q6QN14","Peptidase C19 family, USP17 subfamily"
"Q6QNK2","G-protein coupled receptor 2 family, Adhesion G-protein coupled receptor (ADGR) subfamily"
"Q6QNY0","BLOC1S3 family"
"Q6QNY1","BLOC1S2 family"
"Q6R327","RICTOR family"
"Q6R6M4","Peptidase C19 family, USP17 subfamily"
"Q6S8J3","POTE family"
"Q6S8J3"," Actin family"
"Q6SA08","Protein kinase superfamily, CAMK Ser/Thr protein kinase family"
"Q6SJ93","FAM111 family"
"Q6STE5","SMARCD family"
"Q6SZW1","SARM1 family"
"Q6T4R5","NHS family"
"Q6TCH4","ADIPOR family"
"Q6TCH7","ADIPOR family"
"Q6TGC4","Protein arginine deiminase family"
"Q6U736","G-protein coupled receptor 1 family, Opsin subfamily"
"Q6U7Q0","Krueppel C2H2-type zinc-finger protein family"
"Q6U841","Anion exchanger (TC 2.A.31) family"
"Q6UB28","Peptidase M24A family, Methionine aminopeptidase type 1 subfamily"
"Q6UB35","Tetrahydrofolate dehydrogenase/cyclohydrolase family"
"Q6UB35"," Formate--tetrahydrofolate ligase family"
"Q6UN15","FIP1 family"
"Q6UUV7","TORC family"
"Q6UUV9","TORC family"
"Q6UVM3","Potassium channel family, Calcium-activated (TC 1.A.1.3) subfamily, KCa4.2/KCNT2 sub-subfamily"
"Q6UVY6","Copper type II ascorbate-dependent monooxygenase family"
"Q6UW60","Peptidase S8 family, Furin subfamily"
"Q6UW63","KDELC family"
"Q6UW68","TMEM205 family"
"Q6UW78","UQCC3 family"
"Q6UWB1","Type I cytokine receptor family, Type 2 subfamily"
"Q6UWB4","Peptidase S1 family"
"Q6UWI2","PARM family"
"Q6UWL6","Immunoglobulin superfamily"
"Q6UWP2","Short-chain dehydrogenases/reductases (SDR) family"
"Q6UWP7","1-acyl-sn-glycerol-3-phosphate acyltransferase family"
"Q6UWR7","Nucleotide pyrophosphatase/phosphodiesterase family"
"Q6UWV6","Nucleotide pyrophosphatase/phosphodiesterase family"
"Q6UWW8","Type-B carboxylesterase/lipase family"
"Q6UWY0","Sulfatase family"
"Q6UWY2","Peptidase S1 family"
"Q6UWZ7","FAM175 family, Abraxas subfamily"
"Q6UX01","LIMR family"
"Q6UX04","Cyclophilin-type PPIase family"
"Q6UX39","Amelotin family"
"Q6UX41","Immunoglobulin superfamily, BTN/MOG family"
"Q6UX46","ALKAL family"
"Q6UX53","Methyltransferase superfamily"
"Q6UX65","DRAM/TMEM150 family"
"Q6UX71","Plexin family"
"Q6UX98","DHHC palmitoyltransferase family"
"Q6UXB2","Intercrine alpha (chemokine CxC) family"
"Q6UXB8","CRISP family"
"Q6UXD5","SEZ6 family"
"Q6UXG2","ELAPOR family"
"Q6UXG3","CD300 family"
"Q6UXG8","Immunoglobulin superfamily, BTN/MOG family"
"Q6UXH0","ANGPTL8 family"
"Q6UXH1","CRELD family"
"Q6UXH8","CCBE1 family"
"Q6UXI9","Nephronectin family"
"Q6UXL0","Type II cytokine receptor family"
"Q6UXN9","WD repeat SWD2 family"
"Q6UXS9","Peptidase C14A family"
"Q6UXT8","ALKAL family"
"Q6UXV0","GDNFR family"
"Q6UXV4","Apolipoprotein O/MICOS complex subunit Mic27 family"
"Q6UXX9","R-spondin family"
"Q6UXZ3","CD300 family"
"Q6UXZ4","Unc-5 family"
"Q6UY09","Immunoglobulin superfamily, CEA family"
"Q6V0L0","Cytochrome P450 family"
"Q6V1X1","Peptidase S9B family, DPPIV subfamily"
"Q6VAB6","Protein kinase superfamily, TKL Ser/Thr protein kinase family"
"Q6VEQ5","WASH1 family"
"Q6VMQ6","MCAF family"
"Q6VN20","RANBP9/10 family"
"Q6VVX0","Cytochrome P450 family"
"Q6VY07","PACS family"
"Q6W2J9","BCOR family"
"Q6W5P4","G-protein coupled receptor 1 family, Vasopressin/oxytocin receptor subfamily"
"Q6X4U4","Sclerostin family"
"Q6X4W1","NSMF family"
"Q6XQN6","NAPRTase family"
"Q6XR72","Cation diffusion facilitator (CDF) transporter (TC 2.A.4) family, SLC30A subfamily"
"Q6XUX3","Protein kinase superfamily, Ser/Thr protein kinase family"
"Q6XYQ8","Synaptotagmin family"
"Q6XZB0","AB hydrolase superfamily, Lipase family"
"Q6Y1H2","Very long-chain fatty acids dehydratase HACD family"
"Q6Y288","Glycosyltransferase 31 family"
"Q6Y7W6","GIGYF family"
"Q6YBV0","Amino acid/polyamine transporter 2 family"
"Q6YHK3","Protease inhibitor I39 (alpha-2-macroglobulin) family"
"Q6YHU6","THADA family"
"Q6YN16","Short-chain dehydrogenases/reductases (SDR) family"
"Q6YP21","Class-I pyridoxal-phosphate-dependent aminotransferase family"
"Q6ZMB0","Glycosyltransferase 31 family"
"Q6ZMC9","Immunoglobulin superfamily, SIGLEC (sialic acid binding Ig-like lectin) family"
"Q6ZMH5","ZIP transporter (TC 2.A.5) family"
"Q6ZMJ2","SCARA5 family"
"Q6ZMJ4","IL-34 family"
"Q6ZMQ8","Protein kinase superfamily, Tyr protein kinase family"
"Q6ZMR5","Peptidase S1 family"
"Q6ZMT4","JHDM1 histone demethylase family, JHDM1D subfamily"
"Q6ZMU5","TRIM/RBCC family"
"Q6ZMZ0","RBR family, RNF19 subfamily"
"Q6ZMZ3","Nesprin family"
"Q6ZN16","Protein kinase superfamily, STE Ser/Thr protein kinase family, MAP kinase kinase kinase subfamily"
"Q6ZN17","Lin-28 family"
"Q6ZN18","AEBP2/jing C2H2-type zinc-finger family"
"Q6ZN44","Unc-5 family"
"Q6ZN54","DEF8 family"
"Q6ZN55","Krueppel C2H2-type zinc-finger protein family"
"Q6ZN57","Krueppel C2H2-type zinc-finger protein family"
"Q6ZN66","TRAFAC class dynamin-like GTPase superfamily, GB1/RHD3 GTPase family, GB1 subfamily"
"Q6ZNA4","Arkadia family"
"Q6ZNB7","Sterol desaturase family, TMEM195 subfamily"
"Q6ZNC8","Membrane-bound acyltransferase family"
"Q6ZNE5","ATG14 family"
"Q6ZNG0","Krueppel C2H2-type zinc-finger protein family"
"Q6ZNH5","Krueppel C2H2-type zinc-finger protein family"
"Q6ZNJ1","WD repeat neurobeachin family"
"Q6ZP29","Laat-1 family"
"Q6ZP80","TMEM182 family"
"Q6ZPD8","Diacylglycerol acyltransferase family"
"Q6ZPD9","Dpy-19 family"
"Q6ZQN7","Organo anion transporter (TC 2.A.60) family"
"Q6ZQW0","Indoleamine 2,3-dioxygenase family"
"Q6ZQY3","Group II decarboxylase family"
"Q6ZR08","Dynein heavy chain family"
"Q6ZRI0","Otogelin family"
"Q6ZRP7","Quiescin-sulfhydryl oxidase (QSOX) family"
"Q6ZRQ5","MMS22 family, MMS22L subfamily"
"Q6ZRS2","SNF2/RAD54 helicase family, SWR1 subfamily"
"Q6ZRV2","FAM83 family"
"Q6ZS17","RIPOR family"
"Q6ZSB9","Krueppel C2H2-type zinc-finger protein family"
"Q6ZSG1","Arkadia family"
"Q6ZSJ9","Shisa family"
"Q6ZSM3","Major facilitator superfamily, Monocarboxylate porter (TC 2.A.1.13) family"
"Q6ZSS7","Major facilitator superfamily, MFSD6 family"
"Q6ZSZ6","Teashirt C2H2-type zinc-finger protein family"
"Q6ZT12","E3 ubiquitin-protein ligase UBR1-like family"
"Q6ZT21","Metallophosphoesterase superfamily, LOC643853 family"
"Q6ZT89","Mitochondrial carrier (TC 2.A.29) family"
"Q6ZT98","Tubulin--tyrosine ligase family"
"Q6ZU15","TRAFAC class TrmE-Era-EngA-EngB-Septin-like GTPase superfamily, Septin GTPase family"
"Q6ZU64","CFAP65 family"
"Q6ZUI0","TPRG1 family"
"Q6ZUX7","LHFP family"
"Q6ZV29","NTE family"
"Q6ZV65","FAM47 family"
"Q6ZVE7","GOT1 family"
"Q6ZVK8","Nudix hydrolase family"
"Q6ZVM7","TOM1 family"
"Q6ZVN8","Repulsive guidance molecule (RGM) family"
"Q6ZW61","TCP-1 chaperonin family, BBS12 subfamily"
"Q6ZWH5","Protein kinase superfamily, NEK Ser/Thr protein kinase family, NIMA subfamily"
"Q6ZWL3","Cytochrome P450 family"
"Q6ZWT7","Membrane-bound acyltransferase family"
"Q6ZXV5","TMTC family"
"Q6ZYL4","TFB5 family"
"Q701N4","KRTAP type 5 family"
"Q702N8","Xin family"
"Q709C8","VPS13 family"
"Q709F0","Acyl-CoA dehydrogenase family"
"Q70CQ1","Peptidase C19 family"
"Q70CQ2","Peptidase C19 family"
"Q70CQ3","Peptidase C19 family"
"Q70CQ4","Peptidase C19 family"
"Q70E73","MRL family"
"Q70EK8","Peptidase C19 family"
"Q70EK9","Peptidase C19 family"
"Q70EL1","Peptidase C19 family"
"Q70EL2","Peptidase C19 family"
"Q70EL3","Peptidase C19 family"
"Q70EL4","Peptidase C19 family"
"Q70HW3","Mitochondrial carrier (TC 2.A.29) family"
"Q70IA6","MOB1/phocein family"
"Q70IA8","MOB1/phocein family"
"Q70J99","Unc-13 family"
"Q70JA7","Chondroitin N-acetylgalactosaminyltransferase family"
"Q70SY1","BZIP family, ATF subfamily"
"Q70Z44","Ligand-gated ion channel (TC 1.A.9) family, 5-hydroxytryptamine receptor (TC 1.A.9.2) subfamily, HTR3D sub-subfamily"
"Q712K3","Ubiquitin-conjugating enzyme family"
"Q71DI3","Histone H3 family"
"Q71F23","CENP-U/AME1 family"
"Q71F56","Mediator complex subunit 13 family"
"Q71H61","Immunoglobulin superfamily, LISCH7 family"
"Q71RS6","Ca(2+):cation antiporter (CaCA) (TC 2.A.19) family, SLC24A subfamily"
"Q71SY5","Mediator complex subunit 25 family"
"Q71U36","Tubulin family"
"Q71UI9","Histone H2A family"
"Q75N03","Hakai family"
"Q75N90","Fibrillin family"
"Q75QN2","Integrator subunit 8 family"
"Q75T13","GPI inositol-deacylase family"
"Q75V66","Anoctamin family"
"Q75WM6","Histone H1/H5 family"
"Q765P7","MTSS family"
"Q76EJ3","TPT transporter family, SLC35D subfamily"
"Q76I76","Protein-tyrosine phosphatase family"
"Q76L83","Asx family"
"Q76M96","CCDC80 family"
"Q76MJ5","Protein kinase superfamily, Ser/Thr protein kinase family"
"Q7KYR7","Immunoglobulin superfamily, BTN/MOG family"
"Q7KZ85","SPT6 family"
"Q7KZI7","Protein kinase superfamily, CAMK Ser/Thr protein kinase family, SNF1 subfamily"
"Q7KZN9","COX15/CtaA family, Type 2 subfamily"
"Q7L014","DEAD box helicase family, DDX46/PRP5 subfamily"
"Q7L0J3","Major facilitator superfamily"
"Q7L0Q8","Small GTPase superfamily, Rho family"
"Q7L0Y3","Class IV-like SAM-binding methyltransferase superfamily, TRM10 family"
"Q7L1I2","Major facilitator superfamily"
"Q7L1Q6","BZW family"
"Q7L1S5","Sulfotransferase 2 family"
"Q7L1T6","Flavoprotein pyridine nucleotide cytochrome reductase family"
"Q7L1W4","LRRC8 family"
"Q7L266","Ntn-hydrolase family"
"Q7L2E3","DEAD box helicase family, DEAH subfamily"
"Q7L2H7","EIF-3 subunit M family"
"Q7L2J0","Methyltransferase superfamily"
"Q7L2R6","Krueppel C2H2-type zinc-finger protein family"
"Q7L2Z9","CENP-Q/OKP1 family"
"Q7L3B6","CDC37 family"
"Q7L4E1","Mitoguardin family"
"Q7L4I2","RSRC2 family"
"Q7L523","GTR/RAG GTP-binding protein family"
"Q7L576","CYFIP family"
"Q7L590","MCM10 family"
"Q7L591","DOK family, Type A subfamily"
"Q7L592","NDUFAF7 family"
"Q7L5A3","ATOS family"
"Q7L5A8","Sterol desaturase family, SCS7 subfamily"
"Q7L5D6","GET4 family"
"Q7L5L3","Glycerophosphoryl diester phosphodiesterase family"
"Q7L5N1","Peptidase M67A family, CSN6 subfamily"
"Q7L5N7","1-acyl-sn-glycerol-3-phosphate acyltransferase family"
"Q7L5Y1","Mandelate racemase/muconate lactonizing enzyme family, ENOSF1 subfamily"
"Q7L5Y6","DET1 family"
"Q7L7L0","Histone H2A family"
"Q7L7V1","DEAD box helicase family, DEAH subfamily"
"Q7L7X3","Protein kinase superfamily, STE Ser/Thr protein kinase family, STE20 subfamily"
"Q7L8A9","Transglutaminase-like superfamily, Vasohibin family"
"Q7L8C5","Synaptotagmin family"
"Q7L8J4","SH3BP5 family"
"Q7L8L6","FAST kinase family"
"Q7L9L4","MOB1/phocein family"
"Q7LBC6","JHDM2 histone demethylase family"
"Q7LBE3","SLC26A/SulP transporter (TC 2.A.53) family"
"Q7LBR1","SNF7 family"
"Q7LC44","ARC/ARG3.1 family"
"Q7LDG7","RASGRP family"
"Q7LFX5","Sulfotransferase 1 family"
"Q7LG56","Ribonucleoside diphosphate reductase small chain family"
"Q7LGA3","Sulfotransferase 3 family"
"Q7LGC8","Sulfotransferase 1 family, Gal/GlcNAc/GalNAc subfamily"
"Q7RTM1","Otopetrin family"
"Q7RTN6","Protein kinase superfamily, STE Ser/Thr protein kinase family, STE20 subfamily"
"Q7RTP0","NIPA family"
"Q7RTP6","Mical family"
"Q7RTR0","NLRP family"
"Q7RTR2","NLRP family"
"Q7RTS5","Otopetrin family"
"Q7RTS7","Intermediate filament family"
"Q7RTS9","Dymeclin family"
"Q7RTT9","SLC29A/ENT transporter (TC 2.A.57) family"
"Q7RTV0","PHF5 family"
"Q7RTW8","Stereocilin family"
"Q7RTX0","G-protein coupled receptor 3 family, TAS1R subfamily"
"Q7RTX1","G-protein coupled receptor 3 family, TAS1R subfamily"
"Q7RTX7","Cation channel sperm-associated (TC 1.A.1.19) family"
"Q7RTY0","Major facilitator superfamily, Monocarboxylate porter (TC 2.A.1.13) family"
"Q7RTY1","Major facilitator superfamily, Monocarboxylate porter (TC 2.A.1.13) family"
"Q7RTZ1","Peptidase S1 family"
"Q7Z2D5","PA-phosphatase related phosphoesterase family"
"Q7Z2G1","Histone H2B family"
"Q7Z2H8","Amino acid/polyamine transporter 2 family"
"Q7Z2K6","Peptidase M28 family"
"Q7Z2T5","Class I-like SAM-binding methyltransferase superfamily, Trm1 family"
"Q7Z2W4","ARTD/PARP family"
"Q7Z2W7","Transient receptor (TC 1.A.4) family, LTrpC subfamily, TRPM8 sub-subfamily"
"Q7Z2Y5","Protein kinase superfamily, STE Ser/Thr protein kinase family, STE20 subfamily"
"Q7Z2Z1","Treslin family"
"Q7Z2Z2","TRAFAC class translation factor GTPase superfamily, Classic translation factor GTPase family"
"Q7Z333","DNA2/NAM7 helicase family"
"Q7Z392","TRAPPC11 family"
"Q7Z3B1","Immunoglobulin superfamily, IgLON family"
"Q7Z3B4","NUP54 family"
"Q7Z3C6","ATG9 family"
"Q7Z3D6","D-glutamate cyclase family"
"Q7Z3E1","ARTD/PARP family"
"Q7Z3I7","Krueppel C2H2-type zinc-finger protein family"
"Q7Z3J2","VPS35L family"
"Q7Z3Q1","Major facilitator superfamily, SLC46A family"
"Q7Z3S7","Calcium channel subunit alpha-2/delta family"
"Q7Z3S9","NOTCH family"
"Q7Z3U7","MON2 family"
"Q7Z3Y7","Intermediate filament family"
"Q7Z3Y8","Intermediate filament family"
"Q7Z3Y9","Intermediate filament family"
"Q7Z3Z0","Intermediate filament family"
"Q7Z3Z4","Argonaute family, Piwi subfamily"
"Q7Z403","TMC family"
"Q7Z406","TRAFAC class myosin-kinesin ATPase superfamily, Myosin family"
"Q7Z407","CSMD family"
"Q7Z408","CSMD family"
"Q7Z410","Peptidase S1 family"
"Q7Z412","Peroxin-26 family"
"Q7Z418","Two pore domain potassium channel (TC 1.A.1.8) family"
"Q7Z419","RBR family, RNF144 subfamily"
"Q7Z429","BI1 family, LFG subfamily"
"Q7Z442","Polycystin family"
"Q7Z443","Polycystin family"
"Q7Z449","Cytochrome P450 family"
"Q7Z460","CLASP family"
"Q7Z478","DEAD box helicase family, DEAH subfamily"
"Q7Z4F1","LDLR family"
"Q7Z4G1","COMM domain-containing protein 6 family"
"Q7Z4G4","Class I-like SAM-binding methyltransferase superfamily, TRM11 methyltransferase family"
"Q7Z4H4","Adrenomedullin family"
"Q7Z4H7","HAUS6 family"
"Q7Z4H8","KDELC family"
"Q7Z4K8","TRIM/RBCC family"
"Q7Z4L5","TTC21 family"
"Q7Z4N2","Transient receptor (TC 1.A.4) family, LTrpC subfamily, TRPM1 sub-subfamily"
"Q7Z4N8","P4HA family"
"Q7Z4P5","TGF-beta family"
"Q7Z4Q2","Nuclear import and ribosome assembly adapter family"
"Q7Z4S6","TRAFAC class myosin-kinesin ATPase superfamily, Kinesin family"
"Q7Z4T8","Glycosyltransferase 2 family, GalNAc-T subfamily"
"Q7Z4T9","CFAP91 family"
"Q7Z4V0","Krueppel C2H2-type zinc-finger protein family"
"Q7Z4V5","HDGF family"
"Q7Z4W1","Short-chain dehydrogenases/reductases (SDR) family"
"Q7Z4W3","KRTAP type 19 family"
"Q7Z591","AKNA family"
"Q7Z5A7","TAFA family"
"Q7Z5B4","Ric-3 family"
"Q7Z5G4","ERF4 family"
"Q7Z5J1","Short-chain dehydrogenases/reductases (SDR) family"
"Q7Z5K2","WAPL family"
"Q7Z5L7","Small leucine-rich proteoglycan (SLRP) family, SLRP class V subfamily"
"Q7Z5L9","IRF2BP family"
"Q7Z5N4","Sidekick family"
"Q7Z5P4","Short-chain dehydrogenases/reductases (SDR) family"
"Q7Z5Q1","RRM CPEB family"
"Q7Z5Q5","DNA polymerase type-A family"
"Q7Z5R6","MRL family"
"Q7Z5W3","Methyltransferase superfamily"
"Q7Z5Y6","TGF-beta family"
"Q7Z602","G-protein coupled receptor 1 family"
"Q7Z614","Sorting nexin family"
"Q7Z624","Class I-like SAM-binding methyltransferase superfamily, CLNMT methyltransferase family"
"Q7Z695","Protein kinase superfamily, ADCK protein kinase family"
"Q7Z6J0","SH3RF family"
"Q7Z6J9","SEN54 family"
"Q7Z6K5","Arpin family"
"Q7Z6L0","CD225/Dispanin family"
"Q7Z6L1","TECPR1 family"
"Q7Z6M4","MTERF family"
"Q7Z6R9","AP-2 family"
"Q7Z6V5","Cytidine and deoxycytidylate deaminase family, ADAT2 subfamily"
"Q7Z6Z7","UPL family, TOM1/PTR1 subfamily"
"Q7Z739","YTHDF family, YTHDF3 subfamily"
"Q7Z769","TPT transporter family, SLC35E subfamily"
"Q7Z794","Intermediate filament family"
"Q7Z7A3","TtcA family, CTU1/NCS6/ATPBD3 subfamily"
"Q7Z7A4","Protein kinase superfamily"
"Q7Z7B0","FILIP1 family"
"Q7Z7C8","TAF8 family"
"Q7Z7D3","Immunoglobulin superfamily, BTN/MOG family"
"Q7Z7E8","Ubiquitin-conjugating enzyme family"
"Q7Z7F0","KHDC4 family"
"Q7Z7G2","Complexin/synaphin family"
"Q7Z7G8","VPS13 family"
"Q7Z7H3","CATIP family"
"Q7Z7H5","EMP24/GP25L family"
"Q7Z7H8","Universal ribosomal protein uL10 family"
"Q7Z7K6","Gfa family"
"Q7Z7L1","Schlafen family, Subgroup III subfamily"
"Q7Z7L7","Zyg-11 family"
"Q7Z7M8","Glycosyltransferase 31 family"
"Q7Z7M9","Glycosyltransferase 2 family, GalNAc-T subfamily"
"Q7Z7N9","TMEM179 family"
"Q86SE5","RRM HNRPC family, RALY subfamily"
"Q86SE8","Nucleoplasmin family"
"Q86SF2","Glycosyltransferase 2 family, GalNAc-T subfamily"
"Q86SG3","RRM DAZ family"
"Q86SG5","S-100 family"
"Q86SG6","Protein kinase superfamily, NEK Ser/Thr protein kinase family, NIMA subfamily"
"Q86SJ2","Immunoglobulin superfamily, AMIGO family"
"Q86SK9","Fatty acid desaturase type 1 family"
"Q86SQ3","G-protein coupled receptor 2 family, Adhesion G-protein coupled receptor (ADGR) subfamily"
"Q86SQ4","G-protein coupled receptor 2 family, Adhesion G-protein coupled receptor (ADGR) subfamily"
"Q86SQ6","G-protein coupled receptor 2 family, Adhesion G-protein coupled receptor (ADGR) subfamily"
"Q86SQ9","UPP synthase family"
"Q86SR1","Glycosyltransferase 2 family, GalNAc-T subfamily"
"Q86SS6","Synaptotagmin family"
"Q86SU0","Immunoglobulin superfamily, LISCH7 family"
"Q86SX6","Glutaredoxin family, Monothiol subfamily"
"Q86SZ2","TRAPP small subunits family, BET3 subfamily"
"Q86T26","Peptidase S1 family"
"Q86T65","Formin homology family"
"Q86T82","Peptidase C19 family"
"Q86TB3","Protein kinase superfamily, Alpha-type protein kinase family, ALPK subfamily"
"Q86TB9","PAT1 family"
"Q86TC9","Myotilin/palladin family"
"Q86TG1","DRAM/TMEM150 family"
"Q86TI2","Peptidase S9B family, DPPIV subfamily"
"Q86TL0","Peptidase C54 family"
"Q86TL2","STIMATE family"
"Q86TM3","DEAD box helicase family"
"Q86TM6","HRD1 family"
"Q86TP1","PPase class C family, Prune subfamily"
"Q86TS9","Mitochondrion-specific ribosomal protein mL52 family"
"Q86TU7","Class V-like SAM-binding methyltransferase superfamily, SETD3 actin-histidine methyltransferase family"
"Q86TW2","Protein kinase superfamily, ADCK protein kinase family"
"Q86TX2","C/M/P thioester hydrolase family"
"Q86U06","Splicing factor SR family"
"Q86U10","Asparaginase 1 family"
"Q86U28","HesB/IscA family"
"Q86U44","MT-A70-like family"
"Q86U70","LDB family"
"Q86U90","SUA5 family"
"Q86UB9","TMEM135 family"
"Q86UC2","Flagellar radial spoke RSP3 family"
"Q86UD4","Krueppel C2H2-type zinc-finger protein family"
"Q86UD5","Monovalent cation:proton antiporter 1 (CPA1) transporter (TC 2.A.36) family"
"Q86UE6","LRRTM family"
"Q86UE8","Protein kinase superfamily, Ser/Thr protein kinase family"
"Q86UF1","Tetraspanin (TM4SF) family"
"Q86UG4","Organo anion transporter (TC 2.A.60) family"
"Q86UK0","ABC transporter superfamily, ABCA family"
"Q86UK7","ZNF598/HEL2 family"
"Q86UL3","1-acyl-sn-glycerol-3-phosphate acyltransferase family"
"Q86UL8","MAGUK family"
"Q86UN2","Nogo receptor family"
"Q86UN3","Nogo receptor family"
"Q86UP2","Kinectin family"
"Q86UP3","Krueppel C2H2-type zinc-finger protein family"
"Q86UQ0","Krueppel C2H2-type zinc-finger protein family"
"Q86UQ4","ABC transporter superfamily"
"Q86UR1","NCF2/NOXA1 family"
"Q86UT6","NLRP family"
"Q86UU0","BCL9 family"
"Q86UU9","Tachykinin family"
"Q86UV5","Peptidase C19 family"
"Q86UV6","TRIM/RBCC family"
"Q86UW1","OST-alpha family"
"Q86UW2","OST-beta family"
"Q86UW9","Deltex family"
"Q86UX2","ITIH family"
"Q86UX6","Protein kinase superfamily, Ser/Thr protein kinase family"
"Q86UX7","Kindlin family"
"Q86UY5","FAM83 family"
"Q86UY6","Acetyltransferase family, NAA40 subfamily"
"Q86V20","SHLD2 family"
"Q86V24","ADIPOR family"
"Q86V25","Transglutaminase-like superfamily, Vasohibin family"
"Q86V40","TIKI family"
"Q86V42","FAM124 family"
"Q86V81","ALYREF family"
"Q86V86","Protein kinase superfamily, CAMK Ser/Thr protein kinase family, PIM subfamily"
"Q86VD7","Mitochondrial carrier (TC 2.A.29) family"
"Q86VD9","Glycosyltransferase 22 family, PIGZ subfamily"
"Q86VE9","TDE1 family"
"Q86VF5","Diacylglycerol acyltransferase family"
"Q86VH2","TRAFAC class myosin-kinesin ATPase superfamily, Kinesin family, KIF27 subfamily"
"Q86VH5","LRRTM family"
"Q86VI4","LAPTM4/LAPTM5 transporter family"
"Q86VL8","Multi antimicrobial extrusion (MATE) (TC 2.A.66.1) family"
"Q86VN1","VPS36 family"
"Q86VP3","PACS family"
"Q86VP6","CAND family"
"Q86VQ0","LCA5 family"
"Q86VQ6","Class-I pyridine nucleotide-disulfide oxidoreductase family"
"Q86VR2","RETREG family"
"Q86VS8","Hook family"
"Q86VV8","Rotatin family"
"Q86VW0","SOLO family"
"Q86VW1","Major facilitator (TC 2.A.1) superfamily, Organic cation transporter (TC 2.A.1.19) family"
"Q86VX2","COMM domain-containing protein 7 family"
"Q86VX9","MON1/SAND family"
"Q86VY4","Nucleosome assembly protein (NAP) family"
"Q86VZ1","G-protein coupled receptor 1 family"
"Q86VZ5","Sphingomyelin synthase family"
"Q86W10","Cytochrome P450 family"
"Q86W24","NLRP family"
"Q86W26","NLRP family"
"Q86W28","NLRP family"
"Q86W42","WD repeat THOC6 family"
"Q86W47","KCNMB (TC 8.A.14.1) family, KCNMB4 subfamily"
"Q86W50","Methyltransferase superfamily, METTL16/RlmF family"
"Q86W54","SPATA24 family"
"Q86W56","Poly(ADP-ribose) glycohydrolase family"
"Q86W92","Liprin family, Liprin-beta subfamily"
"Q86WA6","AB hydrolase superfamily, Lipase family"
"Q86WA8","Peptidase S16 family"
"Q86WA9","SLC26A/SulP transporter (TC 2.A.53) family"
"Q86WB7","Unc-93 family"
"Q86WC4","OSTM1 family"
"Q86WD7","Serpin family"
"Q86WG5","Protein-tyrosine phosphatase family, Non-receptor class myotubularin subfamily"
"Q86WI3","NLRP family"
"Q86WJ1","SNF2/RAD54 helicase family"
"Q86WK6","Immunoglobulin superfamily, AMIGO family"
"Q86WP2","Vasculin family"
"Q86WQ0","NR2C2AP family"
"Q86WR0","CCDC25 family"
"Q86WS5","Peptidase S1 family"
"Q86WT6","TRIM/RBCC family"
"Q86WU2","FAD-binding oxidoreductase/transferase type 4 family"
"Q86WV1","SKAP family"
"Q86WV5","TEN1 family"
"Q86WV6","STING family"
"Q86WX3","AROS family"
"Q86X02","CDR2 family"
"Q86X29","Immunoglobulin superfamily, LISCH7 family"
"Q86X45","TilB family"
"Q86X52","Chondroitin N-acetylgalactosaminyltransferase family"
"Q86X55","Class I-like SAM-binding methyltransferase superfamily, Protein arginine N-methyltransferase family"
"Q86X67","Nudix hydrolase family"
"Q86XA0","Methyltransferase superfamily, METTL23 family"
"Q86XE0","Sorting nexin family"
"Q86XE3","MICU1 family, MICU3 subfamily"
"Q86XE5","DapA family"
"Q86XF0","Dihydrofolate reductase family"
"Q86XF7","Krueppel C2H2-type zinc-finger protein family"
"Q86XJ0","CALHM family"
"Q86XJ1","GAS2 family"
"Q86XK3","SFR1/MEI5 family"
"Q86XL3","ANKLE2 family"
"Q86XM0","CATSPERD family"
"Q86XP1","Eukaryotic diacylglycerol kinase family"
"Q86XP3","DEAD box helicase family, DDX42 subfamily"
"Q86XQ3","Cation channel sperm-associated (TC 1.A.1.19) family"
"Q86XR8","Translokin family"
"Q86XT2","VPS37 family"
"Q86XT4","TRIM/RBCC family"
"Q86XX4","FRAS1 family"
"Q86Y01","Deltex family"
"Q86Y07","Protein kinase superfamily, CK1 Ser/Thr protein kinase family, VRK subfamily"
"Q86Y25","Krueppel C2H2-type zinc-finger protein family"
"Q86Y26","NUT family"
"Q86Y33","WD repeat CDC20/Fizzy family"
"Q86Y34","G-protein coupled receptor 2 family, Adhesion G-protein coupled receptor (ADGR) subfamily"
"Q86Y37","Cullin family"
"Q86Y38","Glycosyltransferase 14 family, XylT subfamily"
"Q86Y39","Complex I NDUFA11 subunit family"
"Q86Y46","Intermediate filament family"
"Q86Y56","DNAAF5 family"
"Q86Y82","Syntaxin family"
"Q86Y91","TRAFAC class myosin-kinesin ATPase superfamily, Kinesin family"
"Q86Y97","Class V-like SAM-binding methyltransferase superfamily, Histone-lysine methyltransferase family, Suvar4-20 subfamily"
"Q86YB8","EROs family"
"Q86YC3","LRRC32/LRRC33 family"
"Q86YD1","Mediator complex subunit 25 family, PTOV1 subfamily"
"Q86YD5","LDLR family"
"Q86YD7","FAM90 family"
"Q86YF9","DZIP C2H2-type zinc-finger protein family"
"Q86YH6","FPP/GGPP synthase family"
"Q86YJ6","Threonine synthase family"
"Q86YL5","TDRP family"
"Q86YL7","Podoplanin family"
"Q86YM7","Homer family"
"Q86YR5","GPSM family"
"Q86YR7","MCF2 family"
"Q86YS6","Small GTPase superfamily, Rab family"
"Q86YT5","SLC13A/DASS transporter (TC 2.A.47) family, NADC subfamily"
"Q86YT9","Immunoglobulin superfamily"
"Q86YV5","Protein kinase superfamily"
"Q86YW7","Glycoprotein hormones subunit beta family"
"Q86YW9","Mediator complex subunit 12 family"
"Q86YZ3","S100-fused protein family"
"Q86YZ3"," S-100 family"
"Q86Z02","Protein kinase superfamily, CMGC Ser/Thr protein kinase family, HIPK subfamily"
"Q86Z14","Glycosyl hydrolase 1 family, Klotho subfamily"
"Q8HWS3","RFX family"
"Q8IU54","Lambda interferon family"
"Q8IU57","Type II cytokine receptor family"
"Q8IU60","Nudix hydrolase family, DCP2 subfamily"
"Q8IU68","TMC family"
"Q8IU80","Peptidase S1 family"
"Q8IU81","IRF2BP family"
"Q8IU85","Protein kinase superfamily, CAMK Ser/Thr protein kinase family, CaMK subfamily"
"Q8IU99","CALHM family"
"Q8IUA7","ABC transporter superfamily, ABCA family"
"Q8IUB9","KRTAP type 19 family"
"Q8IUC1","PMG family"
"Q8IUC2","KRTAP type 8 family"
"Q8IUC3","KRTAP type 7 family"
"Q8IUC4","RHPN family"
"Q8IUC8","Glycosyltransferase 2 family, GalNAc-T subfamily"
"Q8IUE6","Histone H2A family"
"Q8IUF8","ROX family, MINA53 subfamily"
"Q8IUG1","KRTAP type 1 family"
"Q8IUG5","TRAFAC class myosin-kinesin ATPase superfamily, Myosin family"
"Q8IUH4","DHHC palmitoyltransferase family, AKR/ZDHHC17 subfamily"
"Q8IUH5","DHHC palmitoyltransferase family, AKR/ZDHHC17 subfamily"
"Q8IUH8","Peptidase A22B family"
"Q8IUI8","Cytokine receptor-like factor 3 family"
"Q8IUK5","Plexin family"
"Q8IUQ4","SINA (Seven in absentia) family"
"Q8IUR5","TMTC family"
"Q8IUR6","BZIP family, CREBRF subfamily"
"Q8IUW3","SPATA2 family"
"Q8IUW5","RELT family"
"Q8IUX1","TMEM126 family"
"Q8IUX4","Cytidine and deoxycytidylate deaminase family"
"Q8IUX7","Peptidase M14 family"
"Q8IUX8","Nephronectin family"
"Q8IUZ5","Class-III pyridoxal-phosphate-dependent aminotransferase family"
"Q8IV08","Phospholipase D family"
"Q8IV20","Purine nucleoside phosphorylase YfiH/LACC1 family"
"Q8IV36","Hid-1 family"
"Q8IV45","Unc-5 family"
"Q8IV61","RASGRP family"
"Q8IV63","Protein kinase superfamily, CK1 Ser/Thr protein kinase family, VRK subfamily"
"Q8IV77","Cyclic nucleotide-gated cation channel (TC 1.A.1.5) family, CNGA4 subfamily"
"Q8IVB4","Monovalent cation:proton antiporter 1 (CPA1) transporter (TC 2.A.36) family"
"Q8IVF4","Dynein heavy chain family"
"Q8IVF5","TIAM family"
"Q8IVF7","Formin homology family"
"Q8IVG9","Humanin family"
"Q8IVH4","SIMIBI class G3E GTPase family, ArgK/MeaB subfamily"
"Q8IVH8","Protein kinase superfamily, STE Ser/Thr protein kinase family, STE20 subfamily"
"Q8IVJ1","SLC41A transporter family"
"Q8IVL0","Nav/unc-53 family"
"Q8IVL1","Nav/unc-53 family"
"Q8IVL5","Leprecan family"
"Q8IVL6","Leprecan family"
"Q8IVL8","Peptidase M14 family"
"Q8IVM8","Major facilitator (TC 2.A.1) superfamily, Organic cation transporter (TC 2.A.1.19) family"
"Q8IVP5","FUN14 family"
"Q8IVP9","Krueppel C2H2-type zinc-finger protein family"
"Q8IVQ6","DHHC palmitoyltransferase family"
"Q8IVS2","Type II malonyltransferase family"
"Q8IVS8","Glycerate kinase type-2 family"
"Q8IVT2","MISP family"
"Q8IVT5","Protein kinase superfamily, TKL Ser/Thr protein kinase family"
"Q8IVV7","GID4/VID24 family"
"Q8IVW4","Protein kinase superfamily, CMGC Ser/Thr protein kinase family, CDC2/CDKX subfamily"
"Q8IVW8","Major facilitator superfamily, Spinster (TC 2.A.1.49) family"
"Q8IW19","APLF family"
"Q8IW40","DNAAF19/PR46b family"
"Q8IW41","Protein kinase superfamily, CAMK Ser/Thr protein kinase family"
"Q8IW45","NnrD/CARKD family"
"Q8IW52","SLITRK family"
"Q8IW75","Serpin family"
"Q8IWA4","TRAFAC class dynamin-like GTPase superfamily, Dynamin/Fzo/YdjA family, Mitofusin subfamily"
"Q8IWA5","CTL (choline transporter-like) family"
"Q8IWB1","ITPRIP family"
"Q8IWB6","Protein kinase superfamily"
"Q8IWC1","MAP7 family"
"Q8IWE2","FAM114 family"
"Q8IWF2","FOXRED2 family"
"Q8IWK6","G-protein coupled receptor 2 family, Adhesion G-protein coupled receptor (ADGR) subfamily"
"Q8IWL1","SFTPA family"
"Q8IWL2","SFTPA family"
"Q8IWL3","HscB family"
"Q8IWQ3","Protein kinase superfamily, CAMK Ser/Thr protein kinase family, SNF1 subfamily"
"Q8IWR1","TRIM/RBCC family"
"Q8IWT0","Archease family"
"Q8IWT1","Sodium channel auxiliary subunit SCN4B (TC 8.A.17) family"
"Q8IWT3","Cullin family"
"Q8IWT6","LRRC8 family"
"Q8IWU2","Protein kinase superfamily, Tyr protein kinase family"
"Q8IWU4","Cation diffusion facilitator (CDF) transporter (TC 2.A.4) family, SLC30A subfamily"
"Q8IWU5","Sulfatase family"
"Q8IWU6","Sulfatase family"
"Q8IWU9","Biopterin-dependent aromatic amino acid hydroxylase family"
"Q8IWV2","Immunoglobulin superfamily, Contactin family"
"Q8IWV7","E3 ubiquitin-protein ligase UBR1-like family"
"Q8IWV8","E3 ubiquitin-protein ligase UBR1-like family"
"Q8IWW8","Iron-containing alcohol dehydrogenase family, Hydroxyacid-oxoacid transhydrogenase subfamily"
"Q8IWX5","Type 2 lipid phosphate phosphatase family"
"Q8IWZ3","Mask family"
"Q8IWZ4","TRIM/RBCC family"
"Q8IWZ5","TRIM/RBCC family"
"Q8IX03","WWC family, KIBRA subfamily"
"Q8IX04","Ubiquitin-conjugating enzyme family, UEV subfamily"
"Q8IX04"," LDH/MDH superfamily"
"Q8IX07","FOG (Friend of GATA) family"
"Q8IX21","FAM178 family"
"Q8IX90","SKA3 family"
"Q8IXA5","Glycosyl hydrolase 22 family"
"Q8IXB3","CD225/Dispanin family"
"Q8IXH7","NELF-D family"
"Q8IXI1","Mitochondrial Rho GTPase family"
"Q8IXI2","Mitochondrial Rho GTPase family"
"Q8IXJ6","Sirtuin family, Class I subfamily"
"Q8IXJ9","Asx family"
"Q8IXK2","Glycosyltransferase 2 family, GalNAc-T subfamily"
"Q8IXL6","FAM20 family"
"Q8IXL7","MsrB Met sulfoxide reductase family"
"Q8IXM3","Mitochondrion-specific ribosomal protein mL41 family"
"Q8IXM6","Nurim family"
"Q8IXN7","RimK family"
"Q8IXP5","POU2AF family"
"Q8IXQ6","ARTD/PARP family"
"Q8IXQ9","Methyltransferase superfamily, ETFBKMT family"
"Q8IXS2","DRC2 family"
"Q8IXW5","RPAP2 family"
"Q8IY17","NTE family"
"Q8IY18","SMC family, SMC5 subfamily"
"Q8IY21","Helicase family"
"Q8IY26","PA-phosphatase related phosphoesterase family"
"Q8IY34","Major facilitator superfamily, Proton-dependent oligopeptide transporter (POT/PTR) (TC 2.A.17) family"
"Q8IY37","DEAD box helicase family, DEAH subfamily"
"Q8IY49","ADIPOR family"
"Q8IY63","Angiomotin family"
"Q8IY81","Class I-like SAM-binding methyltransferase superfamily, RNA methyltransferase RlmE family, SPB1 subfamily"
"Q8IY82","DRC7 family"
"Q8IY84","Protein kinase superfamily, CAMK Ser/Thr protein kinase family"
"Q8IY92","SLX4 family"
"Q8IY95","TMEM192 family"
"Q8IYA6","CKAP2 family"
"Q8IYB1","Mab-21 family"
"Q8IYB3","Splicing factor SR family"
"Q8IYB4","Peroxisomal targeting signal receptor family"
"Q8IYB7","RNR ribonuclease family, DIS3L2 subfamily"
"Q8IYB8","Helicase family"
"Q8IYD1","TRAFAC class translation factor GTPase superfamily, Classic translation factor GTPase family, ERF3 subfamily"
"Q8IYD8","DEAD box helicase family, DEAH subfamily, FANCM sub-subfamily"
"Q8IYF3","SPO22 family"
"Q8IYG6","LRRC56 family"
"Q8IYI6","EXO84 family"
"Q8IYI8","Krueppel C2H2-type zinc-finger protein family"
"Q8IYJ1","Copine family"
"Q8IYK4","Glycosyltransferase 25 family"
"Q8IYL9","G-protein coupled receptor 1 family"
"Q8IYM1","TRAFAC class TrmE-Era-EngA-EngB-Septin-like GTPase superfamily, Septin GTPase family"
"Q8IYM2","Schlafen family, Subgroup II subfamily"
"Q8IYM9","TRIM/RBCC family"
"Q8IYP9","DHHC palmitoyltransferase family"
"Q8IYR0","CFAP206 family"
"Q8IYR2","Class V-like SAM-binding methyltransferase superfamily"
"Q8IYR6","Tomoregulin family"
"Q8IYS1","Peptidase M20A family"
"Q8IYS5","Leukocyte receptor complex/polymeric immunoglobulin receptor (PIR/LRC) family"
"Q8IYT1","GARIN family"
"Q8IYT4","AAA ATPase family, Katanin p60 subunit A1 subfamily, A-like 2 sub-subfamily"
"Q8IYT8","Protein kinase superfamily, Ser/Thr protein kinase family, APG1/unc-51/ULK1 subfamily"
"Q8IYU8","MICU1 family, MICU2 subfamily"
"Q8IYV9","Izumo family"
"Q8IYW5","RNF168 family"
"Q8IYX7","FAM154 family"
"Q8IYX8","Translokin family"
"Q8IYY4","DZIP C2H2-type zinc-finger protein family"
"Q8IZ08","G-protein coupled receptor 1 family"
"Q8IZ20","Krueppel C2H2-type zinc-finger protein family"
"Q8IZ21","Phosphatase and actin regulator family"
"Q8IZ41","Small GTPase superfamily, Rab family"
"Q8IZ52","Chondroitin N-acetylgalactosaminyltransferase family"
"Q8IZ69","Class I-like SAM-binding methyltransferase superfamily, RNA M5U methyltransferase family"
"Q8IZ96","Chemokine-like factor family"
"Q8IZA3","Histone H1/H5 family"
"Q8IZC6","Fibrillar collagen family"
"Q8IZC7","Krueppel C2H2-type zinc-finger protein family"
"Q8IZD2","Class V-like SAM-binding methyltransferase superfamily, Histone-lysine methyltransferase family, TRX/MLL subfamily"
"Q8IZD4","DCP1 family"
"Q8IZD6","Major facilitator (TC 2.A.1) superfamily, Organic cation transporter (TC 2.A.1.19) family"
"Q8IZD9","DOCK family"
"Q8IZE3","Protein kinase superfamily"
"Q8IZF0","NALCN family"
"Q8IZF2","G-protein coupled receptor 2 family, Adhesion G-protein coupled receptor (ADGR) subfamily"
"Q8IZF3","G-protein coupled receptor 2 family, Adhesion G-protein coupled receptor (ADGR) subfamily"
"Q8IZF4","G-protein coupled receptor 2 family, Adhesion G-protein coupled receptor (ADGR) subfamily"
"Q8IZF5","G-protein coupled receptor 2 family, Adhesion G-protein coupled receptor (ADGR) subfamily"
"Q8IZF6","G-protein coupled receptor 2 family, Adhesion G-protein coupled receptor (ADGR) subfamily"
"Q8IZF7","G-protein coupled receptor 2 family, Adhesion G-protein coupled receptor (ADGR) subfamily"
"Q8IZH2","5'-3' exonuclease family"
"Q8IZI9","Lambda interferon family"
"Q8IZJ1","Unc-5 family"
"Q8IZJ3","Protease inhibitor I39 (alpha-2-macroglobulin) family"
"Q8IZK6","Transient receptor (TC 1.A.4) family, Polycystin subfamily, MCOLN2 sub-subfamily"
"Q8IZL2","Mastermind family"
"Q8IZL8","RIX1/PELP1 family"
"Q8IZL9","Protein kinase superfamily, CMGC Ser/Thr protein kinase family, CDC2/CDKX subfamily"
"Q8IZN3","DHHC palmitoyltransferase family, ERF2/ZDHHC9 subfamily"
"Q8IZP0","ABI family"
"Q8IZP9","G-protein coupled receptor 2 family, Adhesion G-protein coupled receptor (ADGR) subfamily"
"Q8IZR5","Chemokine-like factor family"
"Q8IZS8","Calcium channel subunit alpha-2/delta family"
"Q8IZT8","Sulfotransferase 1 family"
"Q8IZU0","XLR/SYCP3 family"
"Q8IZU1","XLR/SYCP3 family"
"Q8IZU3","XLR/SYCP3 family"
"Q8IZU9","Immunoglobulin superfamily"
"Q8IZV5","Short-chain dehydrogenases/reductases (SDR) family"
"Q8IZW8","PTEN phosphatase protein family"
"Q8IZX4","TAF1 family"
"Q8IZY2","ABC transporter superfamily, ABCA family"
"Q8J025","APCDD1 family"
"Q8N0S2","SYCE family"
"Q8N0S6","CENP-L/IML3 family"
"Q8N0U8","VKOR family"
"Q8N0V3","RbfA family"
"Q8N0V5","Glycosyltransferase 14 family"
"Q8N0W3","GHMP kinase family"
"Q8N0W4","Type-B carboxylesterase/lipase family"
"Q8N0X4","HpcH/HpaI aldolase family, Citrate lyase beta subunit-like subfamily"
"Q8N0Y2","Krueppel C2H2-type zinc-finger protein family"
"Q8N104","Beta-defensin family"
"Q8N114","Shisa family"
"Q8N119","Peptidase M10A family"
"Q8N122","WD repeat RAPTOR family"
"Q8N126","Nectin family"
"Q8N130","SLC34A transporter family"
"Q8N131","CD164 family"
"Q8N136","WD repeat WDR69 family"
"Q8N138","ORM family"
"Q8N139","ABC transporter superfamily, ABCA family"
"Q8N140","NSE4 family"
"Q8N142","Adenylosuccinate synthetase family"
"Q8N144","Connexin family, Delta-type subfamily"
"Q8N158","Glypican family"
"Q8N159","Acetyltransferase family"
"Q8N165","Protein kinase superfamily, Ser/Thr protein kinase family"
"Q8N183","Complex I NDUFA12 subunit family"
"Q8N196","SIX/Sine oculis homeobox family"
"Q8N1A0","Intermediate filament family"
"Q8N1B3","Cyclin family, Cyclin-like FAM58 subfamily"
"Q8N1B4","VPS52 family"
"Q8N1C3","Ligand-gated ion channel (TC 1.A.9) family, Gamma-aminobutyric acid receptor (TC 1.A.9.5) subfamily, GABRG1 sub-subfamily"
"Q8N1F7","Nucleoporin interacting component (NIC) family"
"Q8N1F8","STK11IP family"
"Q8N1G0","Krueppel C2H2-type zinc-finger protein family"
"Q8N1G1","REXO1/REXO3 family"
"Q8N1I0","DOCK family"
"Q8N1K5","Themis family"
"Q8N1L9","BZIP family"
"Q8N1M1","Anion channel-forming bestrophin (TC 1.A.46) family, Calcium-sensitive chloride channel subfamily"
"Q8N1N4","Intermediate filament family"
"Q8N1Q1","Alpha-carbonic anhydrase family"
"Q8N1Q8","THEM4/THEM5 thioesterase family"
"Q8N1T3","TRAFAC class myosin-kinesin ATPase superfamily, Myosin family"
"Q8N1V2","CFAP52 family"
"Q8N201","Integrator subunit 1 family"
"Q8N205","Nesprin family"
"Q8N257","Histone H2B family"
"Q8N271","Prominin family"
"Q8N2A8","Phospholipase D family, MitoPLD/Zucchini subfamily"
"Q8N2C7","Unc-80 family"
"Q8N2E6","ClpA/ClpB family, Torsin subfamily"
"Q8N2G8","GH3 family"
"Q8N2H4","SYS1 family"
"Q8N2H9","Pellino family"
"Q8N2I9","Protein kinase superfamily, CAMK Ser/Thr protein kinase family"
"Q8N2K0","Serine esterase family"
"Q8N2K1","Ubiquitin-conjugating enzyme family"
"Q8N2M4","TMEM86 family"
"Q8N2M8","Splicing factor SR family"
"Q8N2N9","ANKRD36 family"
"Q8N2Q7","Type-B carboxylesterase/lipase family"
"Q8N2R0","Odd C2H2-type zinc-finger protein family"
"Q8N2S1","LTBP family"
"Q8N2W9","PIAS family"
"Q8N2Z9","TAF9 family, CENP-S/MHF1 subfamily"
"Q8N300","SVBP family"
"Q8N335","NAD-dependent glycerol-3-phosphate dehydrogenase family"
"Q8N339","Metallothionein superfamily, Type 1 family"
"Q8N357","SLC35F solute transporter family"
"Q8N370","SLC43A transporter (TC 2.A.1.44) family"
"Q8N393","Krueppel C2H2-type zinc-finger protein family"
"Q8N394","TMTC family"
"Q8N3A8","ARTD/PARP family"
"Q8N3C0","Helicase family"
"Q8N3F0","MTURN family"
"Q8N3I7","BBS5 family"
"Q8N3J2","MT-A70-like family"
"Q8N3J5","PP2C family"
"Q8N3J6","Nectin family"
"Q8N3L3","Taxilin family"
"Q8N3P4","VPS8 family"
"Q8N3R9","MAGUK family"
"Q8N3T1","Glycosyltransferase 2 family, GalNAc-T subfamily"
"Q8N3U4","SCC3 family"
"Q8N3V7","Synaptopodin family"
"Q8N3Y3","Glycosyltransferase 49 family"
"Q8N3Y3"," Glycosyltransferase 8 family"
"Q8N3Y7","Short-chain dehydrogenases/reductases (SDR) family"
"Q8N427","NDK family"
"Q8N428","Glycosyltransferase 2 family, GalNAc-T subfamily"
"Q8N443","RIB43A family"
"Q8N465","FAD-binding oxidoreductase/transferase type 4 family"
"Q8N474","Secreted frizzled-related protein (sFRP) family"
"Q8N490","Metallo-beta-lactamase superfamily, Glyoxalase II family"
"Q8N4A0","Glycosyltransferase 2 family, GalNAc-T subfamily"
"Q8N4B1","Sesquipedalian family"
"Q8N4C7","Syntaxin family"
"Q8N4C8","Protein kinase superfamily, STE Ser/Thr protein kinase family, STE20 subfamily"
"Q8N4E7","Ferritin family"
"Q8N4F0","BPI/LBP/Plunc superfamily, BPI/LBP family"
"Q8N4F4","Major facilitator (TC 2.A.1) superfamily, Organic cation transporter (TC 2.A.1.19) family"
"Q8N4J0","Carnosine N-methyltransferase family"
"Q8N4L1","TMEM151 family"
"Q8N4M1","CTL (choline transporter-like) family"
"Q8N4N8","TRAFAC class myosin-kinesin ATPase superfamily, Kinesin family, MCAK/KIF2 subfamily"
"Q8N4P3","MESH1 family"
"Q8N4S7","ADIPOR family"
"Q8N4S9","ELL/occludin family"
"Q8N4T0","Peptidase M14 family"
"Q8N4T8","Short-chain dehydrogenases/reductases (SDR) family"
"Q8N4V1","Membrane magnesium transporter (TC 1.A.67) family"
"Q8N4W9","Krueppel C2H2-type zinc-finger protein family"
"Q8N4Y2","EFCAB4 family"
"Q8N543","TPA1 family"
"Q8N565","Melanoregulin family"
"Q8N568","Protein kinase superfamily, CAMK Ser/Thr protein kinase family, CaMK subfamily"
"Q8N573","OXR1 family"
"Q8N594","Peptidase M67 family"
"Q8N5C1","CALHM family"
"Q8N5D6","Glycosyltransferase 6 family"
"Q8N5F7","NKAP family"
"Q8N5G2","Macoilin family"
"Q8N5I2","Arrestin family"
"Q8N5I4","Short-chain dehydrogenases/reductases (SDR) family"
"Q8N5J2","MINDY deubiquitinase family, FAM63 subfamily"
"Q8N5K1","CISD protein family, CISD2 subfamily"
"Q8N5M1","ATP12 family"
"Q8N5M9","Jagunal family"
"Q8N5S9","Protein kinase superfamily, Ser/Thr protein kinase family"
"Q8N5U6","RNF10 family"
"Q8N5Y8","ARTD/PARP family"
"Q8N5Z0","Class-I pyridoxal-phosphate-dependent aminotransferase family"
"Q8N608","Peptidase S9B family, DPPIV subfamily"
"Q8N609","TRAM family"
"Q8N612","FHIP family"
"Q8N635","MEIOB family"
"Q8N653","LZTR1 family"
"Q8N661","TMEM86 family"
"Q8N668","COMM domain-containing protein 1 family"
"Q8N682","DRAM/TMEM150 family"
"Q8N684","RRM CPSF6/7 family"
"Q8N695","Sodium:solute symporter (SSF) (TC 2.A.21) family"
"Q8N697","Major facilitator superfamily, Proton-dependent oligopeptide transporter (POT/PTR) (TC 2.A.17) family"
"Q8N6F1","Claudin family"
"Q8N6G5","Chondroitin N-acetylgalactosaminyltransferase family"
"Q8N6I4","LYSET family"
"Q8N6L1","KRTCAP2 family"
"Q8N6M3","FIT family, FIT2 subfamily"
"Q8N6M6","Peptidase M1 family"
"Q8N6P7","Type II cytokine receptor family"
"Q8N6R0","Methyltransferase superfamily"
"Q8N6R1","RAMP4 family"
"Q8N6T7","Sirtuin family, Class IV subfamily"
"Q8N6U8","G-protein coupled receptor 1 family"
"Q8N6W0","CELF/BRUNOL family"
"Q8N6Y0","MCC family"
"Q8N720","Krueppel C2H2-type zinc-finger protein family"
"Q8N729","Neuropeptide B/W family"
"Q8N743","Immunoglobulin superfamily"
"Q8N752","Protein kinase superfamily, CK1 Ser/Thr protein kinase family, Casein kinase I subfamily"
"Q8N766","EMC1 family"
"Q8N7H5","PAF1 family"
"Q8N7J2","Amer family"
"Q8N7U7","Paired homeobox family"
"Q8N7X0","Globin family"
"Q8N7X0"," Peptidase C2 family"
"Q8N807","Protein disulfide isomerase family"
"Q8N841","Tubulin--tyrosine ligase family"
"Q8N884","Mab-21 family"
"Q8N8E2","Krueppel C2H2-type zinc-finger protein family"
"Q8N8N0","RNF152 family"
"Q8N8N7","NADP-dependent oxidoreductase L4BD family"
"Q8N8Q3","Endonuclease V family"
"Q8N8Q8","OXA1/ALB3/YidC family"
"Q8N8R3","Mitochondrial carrier (TC 2.A.29) family"
"Q8N8S7","Ena/VASP family"
"Q8N8V2","TRAFAC class dynamin-like GTPase superfamily, GB1/RHD3 GTPase family, GB1 subfamily"
"Q8N8X9","Mab-21 family"
"Q8N8Y2","V-ATPase V0D/AC39 subunit family"
"Q8N907","DAN family"
"Q8N960","CEP120 family"
"Q8N966","DHHC palmitoyltransferase family"
"Q8N983","Mitochondrion-specific ribosomal protein mL43 family"
"Q8N9A8","CNEP1R1 family"
"Q8N9B5","JMY family"
"Q8N9E0","FAM133 family"
"Q8N9F0","NAT8 family"
"Q8N9F7","Glycerophosphoryl diester phosphodiesterase family"
"Q8N9I0","Synaptotagmin family"
"Q8N9I5","Fatty acid desaturase type 1 family"
"Q8N9I9","Deltex family"
"Q8N9L9","C/M/P thioester hydrolase family"
"Q8N9N5","BANP/SMAR1 family"
"Q8N9N8","EIF1AD family"
"Q8N9R8","SCAI family"
"Q8N9W5","DNAAF3 family"
"Q8N9W6","RRM DAZ family"
"Q8NA29","Major facilitator superfamily"
"Q8NA31","TERB1 family"
"Q8NA42","Krueppel C2H2-type zinc-finger protein family"
"Q8NA58","CAF1 family"
"Q8NA61","Chibby family, SPERT subfamily"
"Q8NA72","POC5 family"
"Q8NAN2","Mitoguardin family"
"Q8NAT1","Glycosyltransferase 61 family"
"Q8NAV1","PRP38 family"
"Q8NB12","Class V-like SAM-binding methyltransferase superfamily"
"Q8NB14","Peptidase C19 family"
"Q8NB15","Krueppel C2H2-type zinc-finger protein family"
"Q8NB16","Protein kinase superfamily"
"Q8NB25","FAM184 family"
"Q8NB49","Cation transport ATPase (P-type) (TC 3.A.3) family, Type IV subfamily"
"Q8NB59","Synaptotagmin family"
"Q8NB66","Unc-13 family"
"Q8NB78","Flavin monoamine oxidase family"
"Q8NB90","AAA ATPase family, AFG2 subfamily"
"Q8NBA8","TDD superfamily, DTWD2 family"
"Q8NBD8","TMEM229 family"
"Q8NBF1","GLI C2H2-type zinc-finger protein family"
"Q8NBI3","Draxin family"
"Q8NBI5","SLC43A transporter (TC 2.A.1.44) family"
"Q8NBI6","Glycosyltransferase 8 family"
"Q8NBJ4","GOLM family"
"Q8NBJ5","Glycosyltransferase 25 family"
"Q8NBJ7","Sulfatase-modifying factor family"
"Q8NBJ9","SID1 family"
"Q8NBK3","Sulfatase-modifying factor family"
"Q8NBL1","Glycosyltransferase 90 family"
"Q8NBN3","LU7TM family, TMEM87 subfamily"
"Q8NBN7","Short-chain dehydrogenases/reductases (SDR) family"
"Q8NBP7","Peptidase S8 family"
"Q8NBQ5","Short-chain dehydrogenases/reductases (SDR) family, 17-beta-HSD 3 subfamily"
"Q8NBQ7","MIP/aquaporin (TC 1.A.8) family, AQP11/AQP12 subfamily"
"Q8NBR6","MINDY deubiquitinase family, FAM63 subfamily"
"Q8NBS3","Anion exchanger (TC 2.A.31) family"
"Q8NBS9","Protein disulfide isomerase family"
"Q8NBT0","WD repeat POC1 family"
"Q8NBT2","SPC24 family"
"Q8NBU5","AAA ATPase family, MSP1 subfamily"
"Q8NBV8","Synaptotagmin family"
"Q8NBW4","Amino acid/polyamine transporter 2 family, SLC38A9 subfamily"
"Q8NBZ7","NAD(P)-dependent epimerase/dehydratase family, UDP-glucuronic acid decarboxylase subfamily"
"Q8NC24","RELT family"
"Q8NC26","Krueppel C2H2-type zinc-finger protein family"
"Q8NC44","RETREG family"
"Q8NC51","SERBP1-HABP4 family"
"Q8NC60","TRAFAC class YlqF/YawG GTPase family, NOA1 subfamily"
"Q8NCA5","FAM98 family"
"Q8NCB2","Protein kinase superfamily, CAMK Ser/Thr protein kinase family"
"Q8NCC3","AB hydrolase superfamily, Lipase family"
"Q8NCC5","Major facilitator superfamily, Organophosphate:Pi antiporter (OPA) (TC 2.A.1.4) family"
"Q8NCE0","TRNA-intron endonuclease family"
"Q8NCE2","Protein-tyrosine phosphatase family, Non-receptor class myotubularin subfamily"
"Q8NCG5","Sulfotransferase 1 family, Gal/GlcNAc/GalNAc subfamily"
"Q8NCG7","AB hydrolase superfamily, Lipase family"
"Q8NCH0","Sulfotransferase 2 family"
"Q8NCK7","Major facilitator superfamily, Monocarboxylate porter (TC 2.A.1.13) family"
"Q8NCL4","Glycosyltransferase 2 family, GalNAc-T subfamily"
"Q8NCM2","Potassium channel family, H (Eag) (TC 1.A.1.20) subfamily, Kv10.2/KCNH5 sub-subfamily"
"Q8NCM8","Dynein heavy chain family"
"Q8NCN4","RNF169 family"
"Q8NCR0","Glycosyltransferase 31 family"
"Q8NCR6","SPMIP6 family"
"Q8NCS7","CTL (choline transporter-like) family"
"Q8NCT1","Arrestin family"
"Q8NCU7","C2CD4 family"
"Q8NCU8","Mitoregulin family"
"Q8NCW5","NnrE/AIBP family"
"Q8NCW6","Glycosyltransferase 2 family, GalNAc-T subfamily"
"Q8ND04","SMG8 family"
"Q8ND23","CARMIL family"
"Q8ND30","Liprin family, Liprin-beta subfamily"
"Q8ND56","LSM14 family"
"Q8ND76","Cyclin family, Cyclin Y subfamily"
"Q8ND83","SLAIN motif-containing family"
"Q8ND90","PNMA family"
"Q8NDA8","MROH1 family"
"Q8NDC0","MISS family"
"Q8NDF8","DNA polymerase type-B-like family"
"Q8NDG6","DEAD box helicase family, DEAH subfamily"
"Q8NDH3","Peptidase M17 family"
"Q8NDL9","Peptidase M14 family"
"Q8NDM7","CFAP43 family"
"Q8NDP4","Krueppel C2H2-type zinc-finger protein family"
"Q8NDQ6","Krueppel C2H2-type zinc-finger protein family"
"Q8NDT2","RRM Spen family"
"Q8NDV1","Glycosyltransferase 29 family"
"Q8NDV3","SMC family, SMC1 subfamily"
"Q8NDV7","GW182 family"
"Q8NDW8","TTC21 family"
"Q8NDX2","Major facilitator superfamily, Sodium/anion cotransporter family, VGLUT subfamily"
"Q8NDZ4","DIPK family"
"Q8NE01","ACDP family"
"Q8NE31","FAM13 family"
"Q8NE35","RRM CPEB family"
"Q8NE63","Protein kinase superfamily, CMGC Ser/Thr protein kinase family, HIPK subfamily"
"Q8NE71","ABC transporter superfamily, ABCF family, EF3 subfamily"
"Q8NE79","Popeye family"
"Q8NE86","MCU (TC 1.A.77) family"
"Q8NEA6","GLI C2H2-type zinc-finger protein family"
"Q8NEB5","PA-phosphatase related phosphoesterase family"
"Q8NEB9","PI3/PI4-kinase family"
"Q8NEC5","Cation channel sperm-associated (TC 1.A.1.19) family"
"Q8NEE6","DRC6 family"
"Q8NEH6","MNS1 family"
"Q8NEJ0","Protein-tyrosine phosphatase family, Non-receptor class dual specificity subfamily"
"Q8NEJ9","SAS10 family"
"Q8NEK8","TENT family"
"Q8NEL9","PA-PLA1 family"
"Q8NEM7","SPT20 family"
"Q8NEM8","Peptidase M14 family"
"Q8NEP3","DNAAF1 family"
"Q8NER1","Transient receptor (TC 1.A.4) family, TrpV subfamily, TRPV1 sub-subfamily"
"Q8NER5","Protein kinase superfamily, TKL Ser/Thr protein kinase family, TGFB receptor subfamily"
"Q8NES3","Glycosyltransferase 31 family"
"Q8NET6","Sulfotransferase 2 family"
"Q8NET8","Transient receptor (TC 1.A.4) family, TrpV subfamily, TRPV3 sub-subfamily"
"Q8NEV1","Protein kinase superfamily, Ser/Thr protein kinase family, CK2 subfamily"
"Q8NEV4","TRAFAC class myosin-kinesin ATPase superfamily, Myosin family"
"Q8NEV4"," Protein kinase superfamily, STE Ser/Thr protein kinase family"
"Q8NEV9","IL-6 superfamily"
"Q8NEW0","Cation diffusion facilitator (CDF) transporter (TC 2.A.4) family, SLC30A subfamily"
"Q8NEX9","Short-chain dehydrogenases/reductases (SDR) family"
"Q8NEY1","Nav/unc-53 family"
"Q8NEY4","V-ATPase C subunit family"
"Q8NEZ2","VPS37 family"
"Q8NEZ4","Class V-like SAM-binding methyltransferase superfamily, Histone-lysine methyltransferase family, TRX/MLL subfamily"
"Q8NF37","1-acyl-sn-glycerol-3-phosphate acyltransferase family"
"Q8NF50","DOCK family"
"Q8NF91","Nesprin family"
"Q8NF99","Krueppel C2H2-type zinc-finger protein family"
"Q8NFA0","Peptidase C19 family"
"Q8NFB2","TMEM185 family"
"Q8NFC6","BOD1 family"
"Q8NFD2","Protein kinase superfamily, TKL Ser/Thr protein kinase family"
"Q8NFF2","Ca(2+):cation antiporter (CaCA) (TC 2.A.19) family, SLC24A subfamily"
"Q8NFF5","MoaB/Mog family"
"Q8NFF5"," PAPS reductase family, FAD1 subfamily"
"Q8NFG4","Folliculin family"
"Q8NFH5","Nup35 family"
"Q8NFJ5","G-protein coupled receptor 3 family"
"Q8NFJ6","G-protein coupled receptor 1 family"
"Q8NFL0","Glycosyltransferase 31 family"
"Q8NFM4","Adenylyl cyclase class-4/guanylyl cyclase family"
"Q8NFN8","G-protein coupled receptor 3 family, GABA-B receptor subfamily"
"Q8NFP7","Nudix hydrolase family, DIPP subfamily"
"Q8NFP9","WD repeat neurobeachin family"
"Q8NFQ8","TOR1AIP family"
"Q8NFR3","SPTSS family, SPTSSB subfamily"
"Q8NFT2","STEAP family"
"Q8NFU0","Anion channel-forming bestrophin (TC 1.A.46) family, Calcium-sensitive chloride channel subfamily"
"Q8NFU1","Anion channel-forming bestrophin (TC 1.A.46) family, Calcium-sensitive chloride channel subfamily"
"Q8NFU5","Inositol phosphokinase (IPK) family"
"Q8NFU7","TET family"
"Q8NFV4","AB hydrolase superfamily"
"Q8NFW5","Paired homeobox family"
"Q8NFW8","CMP-NeuNAc synthase family"
"Q8NFY4","Semaphorin family"
"Q8NFY9","KBTBD8 family"
"Q8NFZ0","Helicase family, UvrD subfamily"
"Q8NFZ3","Type-B carboxylesterase/lipase family"
"Q8NFZ4","Type-B carboxylesterase/lipase family"
"Q8NFZ8","Nectin family"
"Q8NG06","TRIM/RBCC family"
"Q8NG08","RecD family, HELB subfamily"
"Q8NG11","Tetraspanin (TM4SF) family"
"Q8NG66","Protein kinase superfamily, NEK Ser/Thr protein kinase family, NIMA subfamily"
"Q8NG98","G-protein coupled receptor 1 family"
"Q8NGI8","G-protein coupled receptor 1 family"
"Q8NHC4","G-protein coupled receptor 1 family"
"Q8NHE4","V-ATPase e1/e2 subunit family"
"Q8NHG7","SVIP family"
"Q8NHH1","Tubulin--tyrosine ligase family"
"Q8NHH9","TRAFAC class dynamin-like GTPase superfamily, GB1/RHD3 GTPase family, GB1 subfamily"
"Q8NHM5","JHDM1 histone demethylase family"
"Q8NHP1","Aldo/keto reductase family, Aldo/keto reductase 2 subfamily"
"Q8NHP8","Phospholipase B-like family"
"Q8NHQ9","DEAD box helicase family, DDX55/SPB4 subfamily"
"Q8NHS1","PMP-22/EMP/MP20 family"
"Q8NHS3","Major facilitator superfamily"
"Q8NHU3","Sphingomyelin synthase family"
"Q8NHU6","TDRD7 family"
"Q8NHV1","TRAFAC class TrmE-Era-EngA-EngB-Septin-like GTPase superfamily, AIG1/Toc34/Toc159-like paraseptin GTPase family, IAN subfamily"
"Q8NHV9","Paired-like homeobox family, PEPP subfamily"
"Q8NHW3","BZIP family, Maf subfamily"
"Q8NHW4","Intercrine beta (chemokine CC) family"
"Q8NHX9","Calcium channel alpha-1 subunit (TC 1.A.1.11) family, Two pore calcium channel subfamily"
"Q8NHY0","Glycosyltransferase 2 family"
"Q8NHY2","COP1 family"
"Q8NHY3","GAS2 family"
"Q8NHZ7","MBD3L family"
"Q8NHZ8","CDC26 family"
"Q8NI08","OXR1 family"
"Q8NI17","Type I cytokine receptor family, Type 2 subfamily"
"Q8NI27","THOC2 family"
"Q8NI37","PP2C family"
"Q8NI38","NF-kappa-B inhibitor family"
"Q8NI51","CTCF zinc-finger protein family"
"Q8NI60","Protein kinase superfamily, ADCK protein kinase family"
"Q8NI77","TRAFAC class myosin-kinesin ATPase superfamily, Kinesin family"
"Q8TAA9","Vang family"
"Q8TAB5","UPF0500 family"
"Q8TAC9","SCAMP family, SCAMP5 subfamily"
"Q8TAD2","IL-17 family"
"Q8TAD4","Cation diffusion facilitator (CDF) transporter (TC 2.A.4) family, SLC30A subfamily"
"Q8TAE7","Potassium channel family, G (TC 1.A.1.2) subfamily, Kv6.3/KCNG3 sub-subfamily"
"Q8TAE8","Mitochondrion-specific ribosomal protein mL64 family"
"Q8TAF3","WD repeat WDR48 family"
"Q8TAF8","LHFP family"
"Q8TAG9","SEC15 family"
"Q8TAI7","Small GTPase superfamily, Rheb family"
"Q8TAM1","TCP-1 chaperonin family"
"Q8TAP6","CEP76 family"
"Q8TAP8","PPP1R35 family"
"Q8TAQ2","SMARCC family"
"Q8TAS1","Protein kinase superfamily, Ser/Thr protein kinase family"
"Q8TAT2","Fibroblast growth factor-binding protein family"
"Q8TAT5","FPG family"
"Q8TAT6","NPL4 family"
"Q8TAU0","NK-2 homeobox family"
"Q8TAU3","Krueppel C2H2-type zinc-finger protein family"
"Q8TAV3","Cytochrome P450 family"
"Q8TAX0","Odd C2H2-type zinc-finger protein family"
"Q8TAX9","Gasdermin family"
"Q8TAZ6","Chemokine-like factor family"
"Q8TB24","RIN (Ras interaction/interference) family"
"Q8TB36","GST superfamily"
"Q8TB37","Mrp/NBP35 ATP-binding proteins family"
"Q8TB40","Peptidase S33 family, ABHD4/ABHD5 subfamily"
"Q8TB61","Nucleotide-sugar transporter family, SLC35B subfamily"
"Q8TB92","HMG-CoA lyase family"
"Q8TBB6","Amino acid-polyamine-organocation (APC) superfamily, Cationic amino acid transporter (CAT) (TC 2.A.3.3) family"
"Q8TBC3","KCTD3 family"
"Q8TBC4","Ubiquitin-activating E1 family, UBA3 subfamily"
"Q8TBC5","Krueppel C2H2-type zinc-finger protein family"
"Q8TBE1","Cornichon family"
"Q8TBE7","SLC35G solute transporter family"
"Q8TBE9","HAD-like hydrolase superfamily, NANP family"
"Q8TBF2","Peroxiredoxin-like PRXL2 family, Prostamide/prostaglandin F synthase subfamily"
"Q8TBG4","Class-III pyridoxal-phosphate-dependent aminotransferase family"
"Q8TBG9","Synaptophysin/synaptobrevin family"
"Q8TBJ4","PA-phosphatase related phosphoesterase family"
"Q8TBJ5","Krueppel C2H2-type zinc-finger protein family"
"Q8TBK2","Class V-like SAM-binding methyltransferase superfamily, Histone-lysine methyltransferase family, SETD6 subfamily"
"Q8TBM8","DnaJ family, DNAJB12/DNAJB14 subfamily"
"Q8TBN0","SEC2 family"
"Q8TBP5","FAM174 family"
"Q8TBZ6","Class IV-like SAM-binding methyltransferase superfamily, TRM10 family"
"Q8TBZ8","Krueppel C2H2-type zinc-finger protein family"
"Q8TC05","MDM1 family"
"Q8TC12","Short-chain dehydrogenases/reductases (SDR) family"
"Q8TC26","TMEM163 family"
"Q8TC41","RBR family, RNF217 subfamily"
"Q8TC44","WD repeat POC1 family"
"Q8TC59","Argonaute family, Piwi subfamily"
"Q8TC71","MIEAP family"
"Q8TC92","ENOX family"
"Q8TC94","Actin family"
"Q8TCB7","Methyltransferase superfamily, METL family"
"Q8TCC7","Major facilitator (TC 2.A.1) superfamily, Organic cation transporter (TC 2.A.1.19) family"
"Q8TCD5","5'(3')-deoxyribonucleotidase family"
"Q8TCE6","DENND10 family"
"Q8TCG1","CIP2A family"
"Q8TCG2","PI3/PI4-kinase family, Type II PI4K subfamily"
"Q8TCG5","Carnitine/choline acetyltransferase family"
"Q8TCJ2","STT3 family"
"Q8TCS8","Polyribonucleotide nucleotidyltransferase family"
"Q8TCT1","HAD-like hydrolase superfamily, PHOSPHO family"
"Q8TCT6","Peptidase A22B family"
"Q8TCT7","Peptidase A22B family"
"Q8TCT8","Peptidase A22B family"
"Q8TCT9","Peptidase A22B family"
"Q8TCU3","Amino acid-polyamine-organocation (APC) superfamily"
"Q8TCU4","ALMS1 family"
"Q8TCU5","Glutamate-gated ion channel (TC 1.A.10.1) family, NR3A/GRIN3A subfamily"
"Q8TCX1","Dynein light intermediate chain family"
"Q8TCX5","RHPN family"
"Q8TCY5","MRAP family"
"Q8TCY9","TRAFAC class dynamin-like GTPase superfamily, Very large inducible GTPase (VLIG) family"
"Q8TCZ2","CD99 family"
"Q8TD06","AGR family"
"Q8TD07","MHC class I family"
"Q8TD08","Protein kinase superfamily, CMGC Ser/Thr protein kinase family, MAP kinase subfamily"
"Q8TD16","BicD family"
"Q8TD17","Krueppel C2H2-type zinc-finger protein family"
"Q8TD19","Protein kinase superfamily, NEK Ser/Thr protein kinase family, NIMA subfamily"
"Q8TD22","Sideroflexin family"
"Q8TD26","SNF2/RAD54 helicase family"
"Q8TD30","Class-I pyridoxal-phosphate-dependent aminotransferase family, Alanine aminotransferase subfamily"
"Q8TD43","Transient receptor (TC 1.A.4) family, LTrpC subfamily, TRPM4 sub-subfamily"
"Q8TD46","CD200R family"
"Q8TD57","Dynein heavy chain family"
"Q8TDB6","Deltex family"
"Q8TDB8","Major facilitator superfamily, Sugar transporter (TC 2.A.1.1) family, Glucose transporter subfamily"
"Q8TDC0","Myozenin family"
"Q8TDC3","Protein kinase superfamily, CAMK Ser/Thr protein kinase family, SNF1 subfamily"
"Q8TDD1","DEAD box helicase family, DDX54/DBP10 subfamily"
"Q8TDD2","Sp1 C2H2-type zinc-finger protein family"
"Q8TDD5","Transient receptor (TC 1.A.4) family, Polycystin subfamily, MCOLN3 sub-subfamily"
"Q8TDF6","RASGRP family"
"Q8TDG2","Actin family"
"Q8TDG4","Helicase family, SKI2 subfamily"
"Q8TDH9","BLOC1S5 family"
"Q8TDI0","SNF2/RAD54 helicase family"
"Q8TDI7","TMC family"
"Q8TDI8","TMC family"
"Q8TDL5","BPI/LBP/Plunc superfamily, Plunc family"
"Q8TDM5","SPACA4/bouncer family"
"Q8TDM6","MAGUK family"
"Q8TDN1","Potassium channel family, G (TC 1.A.1.2) subfamily, Kv6.4/KCNG4 sub-subfamily"
"Q8TDN2","Potassium channel family, V (TC 1.A.1.2) subfamily, Kv8.2/KCNV2 sub-subfamily"
"Q8TDN4","Cyclin family"
"Q8TDN7","Alkaline ceramidase family"
"Q8TDP1","RNase H2 subunit C family"
"Q8TDQ0","Immunoglobulin superfamily, TIM family"
"Q8TDQ1","CD300 family"
"Q8TDQ7","Glucosamine/galactosamine-6-phosphate isomerase family"
"Q8TDR0","TRAF3IP1 family"
"Q8TDR2","Protein kinase superfamily, Ser/Thr protein kinase family"
"Q8TDR4","TCP10 family"
"Q8TDS4","G-protein coupled receptor 1 family"
"Q8TDS5","G-protein coupled receptor 1 family"
"Q8TDT2","G-protein coupled receptor 1 family"
"Q8TDU6","G-protein coupled receptor 1 family"
"Q8TDV0","G-protein coupled receptor 1 family"
"Q8TDW0","LRRC8 family"
"Q8TDX5","Metallo-dependent hydrolases superfamily, ACMSD family"
"Q8TDX6","Chondroitin N-acetylgalactosaminyltransferase family"
"Q8TDX7","Protein kinase superfamily, NEK Ser/Thr protein kinase family, NIMA subfamily"
"Q8TDX9","Polycystin family"
"Q8TDY2","ATG17 family"
"Q8TDZ2","Mical family"
"Q8TE02","ELP5 family"
"Q8TE04","Type II pantothenate kinase family"
"Q8TE23","G-protein coupled receptor 3 family, TAS1R subfamily"
"Q8TE49","Peptidase C64 family"
"Q8TE54","SLC26A/SulP transporter (TC 2.A.53) family"
"Q8TE67","EPS8 family"
"Q8TE68","EPS8 family"
"Q8TE73","Dynein heavy chain family"
"Q8TE77","Protein-tyrosine phosphatase family"
"Q8TE85","Grh/CP2 family, Grainyhead subfamily"
"Q8TE99","Histidine acid phosphatase family"
"Q8TEA1","Class I-like SAM-binding methyltransferase superfamily, RsmB/NOP family"
"Q8TEA7","Protein kinase superfamily"
"Q8TEA8","DTD family"
"Q8TEB9","Peptidase S54 family"
"Q8TEC5","SH3RF family"
"Q8TED1","Glutathione peroxidase family"
"Q8TED4","Major facilitator superfamily, Organophosphate:Pi antiporter (OPA) (TC 2.A.1.4) family"
"Q8TEJ3","SH3RF family"
"Q8TEK3","Class I-like SAM-binding methyltransferase superfamily, DOT1 family"
"Q8TEM1","NUP210 family"
"Q8TEQ6","WD repeat gemin-5 family"
"Q8TEQ8","PIGG/PIGN/PIGO family, PIGO subfamily"
"Q8TEU8","WFIKKN family"
"Q8TEV9","SMCR8 family"
"Q8TEW0","PAR3 family"
"Q8TEW6","DOK family, Type B subfamily"
"Q8TEW8","PAR3 family"
"Q8TEX9","Importin beta family"
"Q8TEY5","BZIP family, ATF subfamily"
"Q8TEY7","Peptidase C19 family, USP20/USP33 subfamily"
"Q8TEZ7","ADIPOR family"
"Q8TF01","Splicing factor SR family"
"Q8TF09","GAMAD family"
"Q8TF40","FNIP family"
"Q8TF46","RNR ribonuclease family"
"Q8TF47","Krueppel C2H2-type zinc-finger protein family"
"Q8TF50","Krueppel C2H2-type zinc-finger protein family"
"Q8TF62","Cation transport ATPase (P-type) (TC 3.A.3) family, Type IV subfamily"
"Q8TF65","GIPC family"
"Q8TF71","Major facilitator superfamily, Monocarboxylate porter (TC 2.A.1.13) family"
"Q8TF72","Shroom family"
"Q8TF74","Verprolin family"
"Q8TF76","Protein kinase superfamily, Ser/Thr protein kinase family, Haspin subfamily"
"Q8WTQ1","Beta-defensin family"
"Q8WTQ7","Protein kinase superfamily, AGC Ser/Thr protein kinase family, GPRK subfamily"
"Q8WTR2","Protein-tyrosine phosphatase family, Non-receptor class dual specificity subfamily"
"Q8WTR4","Glycerophosphoryl diester phosphodiesterase family"
"Q8WTR7","Krueppel C2H2-type zinc-finger protein family"
"Q8WTS1","Peptidase S33 family, ABHD4/ABHD5 subfamily"
"Q8WTS6","Class V-like SAM-binding methyltransferase superfamily, Histone-lysine methyltransferase family, SET7 subfamily"
"Q8WTT2","CBF/MAK21 family"
"Q8WTU0","DDI1 family"
"Q8WTV0","CD36 family"
"Q8WTW3","COG1 family"
"Q8WTW4","NPR2 family"
"Q8WTX7","GATS family"
"Q8WTX9","DHHC palmitoyltransferase family"
"Q8WU03","Glycine N-acyltransferase family"
"Q8WU08","Protein kinase superfamily, Ser/Thr protein kinase family"
"Q8WU10","Class-I pyridine nucleotide-disulfide oxidoreductase family, PYROXD1 subfamily"
"Q8WU39","MZB1 family"
"Q8WU58","FAM222 family"
"Q8WU67","AB hydrolase superfamily, AB hydrolase 4 family"
"Q8WU68","Splicing factor SR family"
"Q8WU90","ZC3H15/TMA46 family"
"Q8WUB8","SAYP family"
"Q8WUD1","Small GTPase superfamily, Rab family"
"Q8WUD6","CDP-alcohol phosphatidyltransferase class-I family"
"Q8WUF5","IASPP family"
"Q8WUF8","ARB2A family"
"Q8WUG5","Major facilitator (TC 2.A.1) superfamily, Organic cation transporter (TC 2.A.1.19) family"
"Q8WUH2","TRAP1 family"
"Q8WUI4","Histone deacetylase family, HD type 2 subfamily"
"Q8WUJ0","Protein-tyrosine phosphatase family, Non-receptor class subfamily"
"Q8WUJ3","CEMIP family"
"Q8WUK0","Protein-tyrosine phosphatase family, Non-receptor class dual specificity subfamily"
"Q8WUM0","Nucleoporin Nup133 family"
"Q8WUM9","Inorganic phosphate transporter (PiT) (TC 2.A.20) family"
"Q8WUQ7","CACTIN family"
"Q8WUU4","Krueppel C2H2-type zinc-finger protein family"
"Q8WUW1","BRK1 family"
"Q8WUX1","Amino acid/polyamine transporter 2 family"
"Q8WUX9","SNF7 family"
"Q8WUY3","PPase class C family, Prune subfamily"
"Q8WV19","SFT2 family"
"Q8WV22","NSE1 family"
"Q8WV37","Krueppel C2H2-type zinc-finger protein family"
"Q8WV41","Sorting nexin family"
"Q8WV44","TRIM/RBCC family"
"Q8WV74","Nudix hydrolase family"
"Q8WV93","AFG1 ATPase family"
"Q8WVB3","Glycosyl hydrolase 20 family"
"Q8WVB6","Activator 1 small subunits family, CTF18 subfamily"
"Q8WVC0","LEO1 family"
"Q8WVE7","TMEM170 family"
"Q8WVK2","SNUT3 family"
"Q8WVK7","SKA2 family"
"Q8WVM0","Class I-like SAM-binding methyltransferase superfamily, rRNA adenine N(6)-methyltransferase family, KsgA subfamily"
"Q8WVM7","SCC3 family"
"Q8WVM8","STXBP/unc-18/SEC1 family"
"Q8WVN6","SECTM family"
"Q8WVN8","Ubiquitin-conjugating enzyme family"
"Q8WVP5","TNFAIP8 family"
"Q8WVP7","LIMR family"
"Q8WVQ1","Apyrase family"
"Q8WVS4","Dynein light intermediate chain family"
"Q8WVV5","Immunoglobulin superfamily, BTN/MOG family"
"Q8WVX9","Fatty acyl-CoA reductase family"
"Q8WVZ1","DHHC palmitoyltransferase family"
"Q8WW01","SEN15 family"
"Q8WW24","Tektin family"
"Q8WW35","Dynein light chain Tctex-type family"
"Q8WW38","FOG (Friend of GATA) family"
"Q8WW43","APH-1 family"
"Q8WWB3","Dpy-30 family"
"Q8WWB5","PIH1 family"
"Q8WWB7","GLMP family"
"Q8WWG9","Potassium channel KCNE family"
"Q8WWH5","Pseudouridine synthase TruB family"
"Q8WWI5","CTL (choline transporter-like) family"
"Q8WWK9","CKAP2 family"
"Q8WWL2","Spire family"
"Q8WWL7","Cyclin family, Cyclin AB subfamily"
"Q8WWM7","Ataxin-2 family"
"Q8WWM9","Globin family"
"Q8WWP7","TRAFAC class TrmE-Era-EngA-EngB-Septin-like GTPase superfamily, AIG1/Toc34/Toc159-like paraseptin GTPase family, IAN subfamily"
"Q8WWQ2","Glycosyl hydrolase 79 family"
"Q8WWR8","Glycosyl hydrolase 33 family"
"Q8WWT9","SLC13A/DASS transporter (TC 2.A.47) family, NADC subfamily"
"Q8WWU5","TCP11 family"
"Q8WWV3","Zinc-containing alcohol dehydrogenase family, Quinone oxidoreductase subfamily"
"Q8WWX8","Sodium:solute symporter (SSF) (TC 2.A.21) family"
"Q8WWX9","Selenoprotein M/F family"
"Q8WWY3","PRP31 family"
"Q8WWY6","MBD3L family"
"Q8WWY8","AB hydrolase superfamily, Lipase family"
"Q8WWZ1","IL-1 family"
"Q8WWZ4","ABC transporter superfamily, ABCA family"
"Q8WWZ7","ABC transporter superfamily, ABCA family"
"Q8WX92","NELF-B family"
"Q8WX93","Myotilin/palladin family"
"Q8WX94","NLRP family"
"Q8WXA8","Ligand-gated ion channel (TC 1.A.9) family, 5-hydroxytryptamine receptor (TC 1.A.9.2) subfamily, HTR3C sub-subfamily"
"Q8WXA9","Splicing factor SR family"
"Q8WXB1","Methyltransferase superfamily, METTL21 family"
"Q8WXC6","CSN9 family"
"Q8WXD0","G-protein coupled receptor 1 family"
"Q8WXE1","ATRIP family"
"Q8WXE9","Stoned B family"
"Q8WXF0","Splicing factor SR family"
"Q8WXF1","PSPC family"
"Q8WXF3","Insulin family"
"Q8WXF7","TRAFAC class dynamin-like GTPase superfamily, GB1/RHD3 GTPase family, GB1 subfamily"
"Q8WXG1","Radical SAM superfamily, RSAD2 family"
"Q8WXG6","MADD family"
"Q8WXG8","S-100 family"
"Q8WXG9","G-protein coupled receptor 2 family, Adhesion G-protein coupled receptor (ADGR) subfamily"
"Q8WXH0","Nesprin family"
"Q8WXH2","Junctophilin family"
"Q8WXH4","Ankyrin SOCS box (ASB) family"
"Q8WXH6","Small GTPase superfamily, Rab family"
"Q8WXI2","CNKSR family"
"Q8WXI3","Ankyrin SOCS box (ASB) family"
"Q8WXK1","Ankyrin SOCS box (ASB) family"
"Q8WXK3","Ankyrin SOCS box (ASB) family"
"Q8WXK4","Ankyrin SOCS box (ASB) family"
"Q8WXR4","TRAFAC class myosin-kinesin ATPase superfamily, Myosin family"
"Q8WXR4"," Protein kinase superfamily, STE Ser/Thr protein kinase family"
"Q8WXS5","PMP-22/EMP/MP20 family, CACNG subfamily"
"Q8WXX0","Dynein heavy chain family"
"Q8WXX7","AUTS2 family"
"Q8WY07","Amino acid-polyamine-organocation (APC) superfamily, Cationic amino acid transporter (CAT) (TC 2.A.3.3) family"
"Q8WY21","VPS10-related sortilin family, SORCS subfamily"
"Q8WY41","Nanos family"
"Q8WY54","PP2C family"
"Q8WY91","Nitrobindin family"
"Q8WY98","TMEM234 family"
"Q8WYA0","IFT81 family"
"Q8WYB5","MYST (SAS/MOZ) family"
"Q8WYH8","ING family"
"Q8WYJ6","TRAFAC class TrmE-Era-EngA-EngB-Septin-like GTPase superfamily, Septin GTPase family"
"Q8WYK2","BZIP family, ATF subfamily"
"Q8WYL5","Protein-tyrosine phosphatase family"
"Q8WYN0","Peptidase C54 family"
"Q8WYP3","RIN (Ras interaction/interference) family"
"Q8WYP5","ELYS family"
"Q8WZ04","Class I-like SAM-binding methyltransferase superfamily, Cation-dependent O-methyltransferase family"
"Q8WZ19","BACURD family"
"Q8WZ42","Protein kinase superfamily, CAMK Ser/Thr protein kinase family"
"Q8WZ75","Immunoglobulin superfamily, ROBO family"
"Q8WZ82","LovG family"
"Q8WZA1","Glycosyltransferase 13 family"
"Q8WZA9","TRAFAC class dynamin-like GTPase superfamily, IRG family"
"Q92185","Glycosyltransferase 29 family"
"Q92186","Glycosyltransferase 29 family"
"Q92187","Glycosyltransferase 29 family"
"Q92466","WD repeat DDB2/WDR76 family"
"Q92481","AP-2 family"
"Q92482","MIP/aquaporin (TC 1.A.8) family"
"Q92484","Acid sphingomyelinase family"
"Q92485","Acid sphingomyelinase family"
"Q92499","DEAD box helicase family, DDX1 subfamily"
"Q92504","ZIP transporter (TC 2.A.5) family, KE4/Catsup subfamily"
"Q92506","Short-chain dehydrogenases/reductases (SDR) family"
"Q92508","PIEZO (TC 1.A.75) family"
"Q92519","Protein kinase superfamily, CAMK Ser/Thr protein kinase family, Tribbles subfamily"
"Q92520","FAM3 family"
"Q92521","Glycosyltransferase 22 family, PIGB subfamily"
"Q92522","Histone H1/H5 family"
"Q92523","Carnitine/choline acetyltransferase family"
"Q92526","TCP-1 chaperonin family"
"Q92530","Proteasome inhibitor PI31 family"
"Q92535","PIGC family"
"Q92536","Amino acid-polyamine-organocation (APC) superfamily, L-type amino acid transporter (LAT) (TC 2.A.3.8) family"
"Q92539","Lipin family"
"Q92542","Nicastrin family"
"Q92543","Sorting nexin family"
"Q92544","Nonaspanin (TM9SF) (TC 9.A.2) family"
"Q92545","TMEM131 family"
"Q92546","RGP1 family"
"Q92547","TOPBP1 family"
"Q92551","Inositol phosphokinase (IPK) family"
"Q92552","Mitochondrion-specific ribosomal protein mS27 family"
"Q92558","SCAR/WAVE family"
"Q92560","Peptidase C12 family, BAP1 subfamily"
"Q92567","FAM168 family"
"Q92569","PI3K p85 subunit family"
"Q92570","Nuclear hormone receptor family, NR4 subfamily"
"Q92572","Adaptor complexes small subunit family"
"Q92581","Monovalent cation:proton antiporter 1 (CPA1) transporter (TC 2.A.36) family"
"Q92583","Intercrine beta (chemokine CC) family"
"Q92585","Mastermind family"
"Q92597","NDRG family"
"Q92598","Heat shock protein 70 family"
"Q92599","TRAFAC class TrmE-Era-EngA-EngB-Septin-like GTPase superfamily, Septin GTPase family"
"Q92600","CNOT9 family"
"Q92604","1-acyl-sn-glycerol-3-phosphate acyltransferase family"
"Q92608","DOCK family"
"Q92611","Glycosyl hydrolase 47 family"
"Q92613","JADE family"
"Q92614","TRAFAC class myosin-kinesin ATPase superfamily, Myosin family"
"Q92616","GCN1 family"
"Q92618","Krueppel C2H2-type zinc-finger protein family"
"Q92620","DEAD box helicase family, DEAH subfamily, PRP16 sub-subfamily"
"Q92621","NUP186/NUP192/NUP205 family"
"Q92626","Peroxidase family, XPO subfamily"
"Q92629","Sarcoglycan beta/delta/gamma/zeta family"
"Q92630","Protein kinase superfamily, CMGC Ser/Thr protein kinase family, MNB/DYRK subfamily"
"Q92633","G-protein coupled receptor 1 family"
"Q92637","Immunoglobulin superfamily, FCGR1 family"
"Q92643","Peptidase C13 family"
"Q92665","Mitochondrion-specific ribosomal protein mS31 family"
"Q92673","VPS10-related sortilin family, SORL1 subfamily"
"Q92674","CENP-I/CTF3 family"
"Q92685","Glycosyltransferase ALG3 family"
"Q92686","Neurogranin family"
"Q92688","ANP32 family"
"Q92692","Nectin family"
"Q92696","Protein prenyltransferase subunit alpha family"
"Q92698","SNF2/RAD54 helicase family"
"Q92729","Protein-tyrosine phosphatase family, Receptor class 2B subfamily"
"Q92730","Small GTPase superfamily, Rho family"
"Q92731","Nuclear hormone receptor family, NR3 subfamily"
"Q92736","Ryanodine receptor (TC 1.A.3.1) family, RYR2 subfamily"
"Q92737","Small GTPase superfamily, Ras family"
"Q92743","Peptidase S1C family"
"Q92748","SPOT14 family"
"Q92750","TAF4 family"
"Q92752","Tenascin family"
"Q92753","Nuclear hormone receptor family, NR1 subfamily"
"Q92754","AP-2 family"
"Q92759","TFB2 family"
"Q92764","Intermediate filament family"
"Q92765","Secreted frizzled-related protein (sFRP) family"
"Q92766","Krueppel C2H2-type zinc-finger protein family"
"Q92769","Histone deacetylase family, HD type 1 subfamily"
"Q92772","Protein kinase superfamily, CMGC Ser/Thr protein kinase family, CDC2/CDKX subfamily"
"Q92777","Synapsin family"
"Q92781","Short-chain dehydrogenases/reductases (SDR) family"
"Q92782","Requiem/DPF family"
"Q92783","STAM family"
"Q92784","Requiem/DPF family"
"Q92785","Requiem/DPF family"
"Q92786","Prospero homeodomain family"
"Q92791","Leprecan family"
"Q92794","MYST (SAS/MOZ) family"
"Q92796","MAGUK family"
"Q92797","Symplekin family"
"Q92800","Class V-like SAM-binding methyltransferase superfamily, Histone-lysine methyltransferase family, EZ subfamily"
"Q92804","RRM TET family"
"Q92806","Inward rectifier-type potassium channel (TC 1.A.2.1) family, KCNJ9 subfamily"
"Q92813","Iodothyronine deiodinase family"
"Q92817","Plakin or cytolinker family"
"Q92819","NodC/HAS family"
"Q92820","Peptidase C26 family"
"Q92823","Immunoglobulin superfamily, L1/neurofascin/NgCAM family"
"Q92824","Peptidase S8 family"
"Q92826","Abd-B homeobox family"
"Q92830","Acetyltransferase family, GCN5 subfamily"
"Q92831","Acetyltransferase family, GCN5 subfamily"
"Q92835","Inositol 1,4,5-trisphosphate 5-phosphatase family"
"Q92837","GSK-3-binding protein family"
"Q92838","Tumor necrosis factor family"
"Q92839","NodC/HAS family"
"Q92841","DEAD box helicase family, DDX5/DBP2 subfamily"
"Q92843","Bcl-2 family"
"Q92847","G-protein coupled receptor 1 family"
"Q92851","Peptidase C14A family"
"Q92854","Semaphorin family"
"Q92859","Immunoglobulin superfamily, DCC family"
"Q92871","Eukaryotic PMM family"
"Q92874","DNase I family"
"Q92876","Peptidase S1 family, Kallikrein subfamily"
"Q92878","SMC family, RAD50 subfamily"
"Q92879","CELF/BRUNOL family"
"Q92887","ABC transporter superfamily, ABCC family, Conjugate transporter (TC 3.A.1.208) subfamily"
"Q92889","XPF family"
"Q92890","UFD1 family"
"Q92900","DNA2/NAM7 helicase family"
"Q92901","Universal ribosomal protein uL3 family"
"Q92903","CDS family"
"Q92904","RRM DAZ family"
"Q92905","Peptidase M67A family, CSN5 subfamily"
"Q92911","Sodium:solute symporter (SSF) (TC 2.A.21) family"
"Q92913","Heparin-binding growth factors family"
"Q92915","Heparin-binding growth factors family"
"Q92917","MOS2 family"
"Q92918","Protein kinase superfamily, STE Ser/Thr protein kinase family, STE20 subfamily"
"Q92922","SMARCC family"
"Q92925","SMARCD family"
"Q92930","Small GTPase superfamily, Rab family"
"Q92932","Protein-tyrosine phosphatase family, Receptor class 8 subfamily"
"Q92934","Bcl-2 family"
"Q92935","Glycosyltransferase 47 family"
"Q92945","KHSRP family"
"Q92947","Acyl-CoA dehydrogenase family"
"Q92949","FOXJ1 family"
"Q92952","Potassium channel KCNN family, KCa2.1/KCNN1 subfamily"
"Q92953","Potassium channel family, B (Shab) (TC 1.A.1.2) subfamily, Kv2.2/KCNB2 sub-subfamily"
"Q92956","Tumor necrosis factor receptor superfamily"
"Q92959","Organo anion transporter (TC 2.A.60) family"
"Q92963","Small GTPase superfamily, Ras family"
"Q92966","SNAPC3/SRD2 family"
"Q92968","Peroxin-13 family"
"Q92973","Importin beta family, Importin beta-2 subfamily"
"Q92979","Class IV-like SAM-binding methyltransferase superfamily, RNA methyltransferase NEP1 family"
"Q92982","Ninjurin family"
"Q92985","IRF family"
"Q92988","Distal-less homeobox family"
"Q92989","Clp1 family, Clp1 subfamily"
"Q92993","MYST (SAS/MOZ) family"
"Q92994","TFIIB family"
"Q92995","Peptidase C19 family"
"Q92997","DSH family"
"Q93008","Peptidase C19 family"
"Q93009","Peptidase C19 family"
"Q93015","Acetyltransferase family"
"Q93034","Cullin family"
"Q93045","Stathmin family"
"Q93050","V-ATPase 116 kDa subunit family"
"Q93052","Zyxin/ajuba family"
"Q93063","Glycosyltransferase 47 family"
"Q93070","Arg-specific ADP-ribosyltransferase family"
"Q93074","Mediator complex subunit 12 family"
"Q93077","Histone H2A family"
"Q93079","Histone H2B family"
"Q93084","Cation transport ATPase (P-type) (TC 3.A.3) family, Type IIA subfamily"
"Q93086","P2X receptor family"
"Q93091","Pancreatic ribonuclease family"
"Q93096","Protein-tyrosine phosphatase family"
"Q93097","Wnt family"
"Q93098","Wnt family"
"Q93099","Homogentisate dioxygenase family"
"Q93100","Phosphorylase b kinase regulatory chain family"
"Q95460","MHC class I family"
"Q969E2","SCAMP family"
"Q969E3","Sauvagine/corticotropin-releasing factor/urotensin I family"
"Q969E8","TSR2 family"
"Q969F1","TFIIIC subunit 6 family"
"Q969F2","NKD family"
"Q969F8","G-protein coupled receptor 1 family"
"Q969G5","CAVIN family"
"Q969G9","NKD family"
"Q969H4","CNKSR family"
"Q969H6","Eukaryotic/archaeal RNase P protein component 2 family"
"Q969H8","MYDGF family"
"Q969I6","Amino acid/polyamine transporter 2 family"
"Q969J2","Krueppel C2H2-type zinc-finger protein family"
"Q969J3","BORCS5 family"
"Q969J5","Type II cytokine receptor family"
"Q969K7","TMEM54 family"
"Q969L2","MAL family"
"Q969L4","SnRNP Sm proteins family"
"Q969M3","YIP1 family"
"Q969M7","Ubiquitin-conjugating enzyme family, UBE2F subfamily"
"Q969N2","PIGT family"
"Q969P6","Type IB topoisomerase family"
"Q969Q5","Small GTPase superfamily, Rab family"
"Q969R2","OSBP family"
"Q969S0","Nucleotide-sugar transporter family, SLC35B subfamily"
"Q969S2","FPG family"
"Q969S3","REI1 family"
"Q969S8","Histone deacetylase family, HD type 2 subfamily"
"Q969S9","TRAFAC class translation factor GTPase superfamily, Classic translation factor GTPase family, EF-G/EF-2 subfamily"
"Q969T4","Ubiquitin-conjugating enzyme family"
"Q969T7","Pyrimidine 5'-nucleotidase family"
"Q969U6","FBXW5 family"
"Q969U7","PSMG2 family"
"Q969V3","Nicastrin family"
"Q969V4","Tektin family"
"Q969W0","SPTSS family, SPTSSA subfamily"
"Q969W1","DHHC palmitoyltransferase family"
"Q969W9","PMEPA1 family"
"Q969X0","RILPL family"
"Q969X1","BI1 family, LFG subfamily"
"Q969X2","Glycosyltransferase 29 family"
"Q969X5","ERGIC family"
"Q969Y2","TRAFAC class TrmE-Era-EngA-EngB-Septin-like GTPase superfamily, TrmE GTPase family"
"Q969Z0","FAST kinase family"
"Q969Z4","RELT family"
"Q96A08","Histone H2B family"
"Q96A09","TENT family"
"Q96A11","Galactose-3-O-sulfotransferase family"
"Q96A25","TMEM106 family"
"Q96A26","UPF0389 family"
"Q96A29","TPT transporter family, SLC35C subfamily"
"Q96A33","CCDC47 family"
"Q96A44","SPSB family"
"Q96A54","ADIPOR family"
"Q96A57","TMEM134/TMEM230 family"
"Q96A58","Small GTPase superfamily, Ras family"
"Q96A61","TRIM/RBCC family"
"Q96A65","SEC8 family"
"Q96A70","Orn/Lys/Arg decarboxylase class-II family, ODC antizyme inhibitor subfamily"
"Q96A72","Mago nashi family"
"Q96AA3","RFT1 family"
"Q96AA8","JAKMIP family"
"Q96AC1","Kindlin family"
"Q96AE7","TTC17 family"
"Q96AG3","Mitochondrial carrier (TC 2.A.29) family"
"Q96AH0","SOSS-B family, SOSS-B2 subfamily"
"Q96AH8","Small GTPase superfamily, Rab family"
"Q96AJ1","CLUAP1 family"
"Q96AJ9","VTI1 family"
"Q96AK3","Cytidine and deoxycytidylate deaminase family"
"Q96AP4","Peptidase C78 family, ZUFSP subfamily"
"Q96AQ7","CIDE family"
"Q96AQ8","CCDC90 family"
"Q96AT9","Ribulose-phosphate 3-epimerase family"
"Q96AV8","E2F/DP family"
"Q96AW1","VOPP1/ECOP family"
"Q96AX1","STXBP/unc-18/SEC1 family"
"Q96AX2","Small GTPase superfamily, Rab family"
"Q96AY2","EME1/MMS4 family"
"Q96AZ1","Methyltransferase superfamily, METTL21 family"
"Q96AZ6","Exonuclease superfamily"
"Q96B02","Ubiquitin-conjugating enzyme family"
"Q96B18","Dapper family"
"Q96B21","TMEM45 family"
"Q96B26","RNase PH family"
"Q96B42","TMEM18 family"
"Q96B49","Tom6 family"
"Q96B67","Arrestin family"
"Q96B86","Repulsive guidance molecule (RGM) family"
"Q96B96","LDAF1 family"
"Q96BA8","BZIP family, ATF subfamily"
"Q96BD0","Organo anion transporter (TC 2.A.60) family"
"Q96BD6","SPSB family"
"Q96BD8","SKA1 family"
"Q96BH1","RNF25 family"
"Q96BI1","Major facilitator (TC 2.A.1) superfamily, Organic cation transporter (TC 2.A.1.19) family"
"Q96BI3","APH-1 family"
"Q96BJ3","AIDA family"
"Q96BK5","PINX1 family"
"Q96BM9","Small GTPase superfamily, Arf family"
"Q96BN2","TADA1 family"
"Q96BN8","Peptidase C65 family, Otulin subfamily"
"Q96BP2","Mitochondrion-specific ribosomal protein mS37 family"
"Q96BP3","Cyclophilin-type PPIase family, PPIL1 subfamily"
"Q96BR1","Protein kinase superfamily, AGC Ser/Thr protein kinase family"
"Q96BR5","Hcp beta-lactamase family"
"Q96BR6","Krueppel C2H2-type zinc-finger protein family"
"Q96BS2","Calcineurin regulatory subunit family, CHP subfamily"
"Q96BT3","CENP-T/CNN1 family"
"Q96BT7","AlkB family"
"Q96BW1","UPRTase family"
"Q96BW5","Metallo-dependent hydrolases superfamily, Phosphotriesterase family"
"Q96BW9","TAM41 family"
"Q96BY2","PNMA family"
"Q96BY6","DOCK family"
"Q96BY7","ATG2 family"
"Q96BY9","SARAF family"
"Q96BZ4","Phospholipase D family"
"Q96C03","MID49/MID51 family"
"Q96C10","Helicase family, RLR subfamily"
"Q96C11","FGGY kinase family"
"Q96C23","Aldose epimerase family"
"Q96C36","Pyrroline-5-carboxylate reductase family"
"Q96C45","Protein kinase superfamily, Ser/Thr protein kinase family, APG1/unc-51/ULK1 subfamily"
"Q96C55","Krueppel C2H2-type zinc-finger protein family"
"Q96C74","Ropporin family"
"Q96C86","HIT family"
"Q96C92","ENTR1 family"
"Q96CA5","IAP family"
"Q96CB8","Integrator subunit 12 family"
"Q96CB9","Class I-like SAM-binding methyltransferase superfamily, RsmB/NOP family"
"Q96CC6","Peptidase S54 family"
"Q96CD2","HFCD (homooligomeric flavin containing Cys decarboxylase) superfamily"
"Q96CE8","L6 tetraspanin family"
"Q96CF2","SNF7 family"
"Q96CG3","TIFA family"
"Q96CJ1","EAF family"
"Q96CK0","Krueppel C2H2-type zinc-finger protein family"
"Q96CM3","Pseudouridine synthase RluA family"
"Q96CM8","ATP-dependent AMP-binding enzyme family"
"Q96CQ1","Mitochondrial carrier (TC 2.A.29) family"
"Q96CS2","HAUS1 family"
"Q96CT7","CCDC124 family"
"Q96CW1","Adaptor complexes medium subunit family"
"Q96CW5","TUBGCP family"
"Q96D03","DDIT4 family"
"Q96D05","FAM241 family"
"Q96D09","GPRASP family"
"Q96D15","CREC family"
"Q96D21","Small GTPase superfamily, RasD family"
"Q96D31","Orai family"
"Q96D42","Immunoglobulin superfamily, TIM family"
"Q96D46","NMD3 family"
"Q96D53","Protein kinase superfamily, ADCK protein kinase family"
"Q96D96","Voltage-gated proton channel (VPC) (TC 1.A.51) family"
"Q96DA0","Jacalin lectin family"
"Q96DA2","Small GTPase superfamily, Rab family"
"Q96DA6","TIM14 family"
"Q96DB2","Histone deacetylase family"
"Q96DB5","RMDN family"
"Q96DB9","FXYD family"
"Q96DC9","Peptidase C65 family"
"Q96DE0","Nudix hydrolase family, NUDT16 subfamily"
"Q96DE5","APC16 family"
"Q96DF8","ESS2 family"
"Q96DG6","Dienelactone hydrolase family"
"Q96DH6","Musashi family"
"Q96DM3","RMC1 family"
"Q96DN0","Protein disulfide isomerase family"
"Q96DP5","Fmt family"
"Q96DR5","BPI/LBP/Plunc superfamily, Plunc family"
"Q96DT5","Dynein heavy chain family"
"Q96DT6","Peptidase C54 family"
"Q96DU7","Inositol phosphokinase (IPK) family"
"Q96DV4","Phosphatidylethanolamine-binding protein family, Mitochondrion-specific ribosomal protein mL38 subfamily"
"Q96DW6","Mitochondrial carrier (TC 2.A.29) family, SLC25A38 subfamily"
"Q96DX5","Ankyrin SOCS box (ASB) family"
"Q96DX8","TMEM7 family"
"Q96DZ7","L6 tetraspanin family"
"Q96DZ9","Chemokine-like factor family"
"Q96E09","FAM122 family"
"Q96E11","RRF family"
"Q96E14","RMI2 family"
"Q96E17","Small GTPase superfamily, Rab family"
"Q96E22","UPP synthase family"
"Q96E29","MTERF family"
"Q96E52","Peptidase M48 family"
"Q96EA4","Spindly family"
"Q96EB1","ELP4 family"
"Q96EB6","Sirtuin family, Class I subfamily"
"Q96EC8","YIP1 family"
"Q96ED9","Hook family"
"Q96EE3","WD repeat SEC13 family"
"Q96EF0","Protein-tyrosine phosphatase family, Non-receptor class myotubularin subfamily"
"Q96EG1","Sulfatase family"
"Q96EG3","Krueppel C2H2-type zinc-finger protein family"
"Q96EH3","Iojap/RsfS family"
"Q96EK4","THAP11 family"
"Q96EK5","KIF-binding protein family"
"Q96EK6","Acetyltransferase family, GNA1 subfamily"
"Q96EL1","INKA family"
"Q96EL3","Mitochondrion-specific ribosomal protein mL53 family"
"Q96EM0","Proline racemase family"
"Q96EN8","Class-V pyridoxal-phosphate-dependent aminotransferase family, MOCOS subfamily"
"Q96EP0","RBR family"
"Q96EP1","CHFR family"
"Q96EP9","Bile acid:sodium symporter (BASS) (TC 2.A.28) family"
"Q96EQ0","SGT family"
"Q96ES7","SGF29 family"
"Q96EU6","RRP36 family"
"Q96EU7","Glycosyltransferase 31 family, Beta3-Gal-T subfamily"
"Q96EV8","Dysbindin family"
"Q96EX3","Dynein light intermediate chain family"
"Q96EY4","TMA16 family"
"Q96EY5","MVB12 family"
"Q96EY7","Mitochondrion-specific ribosomal protein mS39 family"
"Q96EY8","Cob(I)alamin adenosyltransferase family"
"Q96F07","CYFIP family"
"Q96F10","Acetyltransferase family"
"Q96F15","TRAFAC class TrmE-Era-EngA-EngB-Septin-like GTPase superfamily, AIG1/Toc34/Toc159-like paraseptin GTPase family, IAN subfamily"
"Q96F25","ALG14 family"
"Q96F44","TRIM/RBCC family"
"Q96F45","Elbow/Noc family"
"Q96F81","Dispatched family"
"Q96F85","CNRIP family"
"Q96F86","EDC3 family"
"Q96FA3","Pellino family"
"Q96FC9","DEAD box helicase family, DEAH subfamily, DDX11/CHL1 sub-subfamily"
"Q96FF9","Sororin family"
"Q96FH0","BORCS8 family"
"Q96FI4","FPG family"
"Q96FJ0","Peptidase M67C family"
"Q96FJ2","Dynein light chain family"
"Q96FL8","Multi antimicrobial extrusion (MATE) (TC 2.A.66.1) family"
"Q96FL9","Glycosyltransferase 2 family, GalNAc-T subfamily"
"Q96FM1","PGAP3 family"
"Q96FN4","Copine family"
"Q96FQ6","S-100 family"
"Q96FT7","Amiloride-sensitive sodium channel (TC 1.A.6) family, ASIC4 subfamily"
"Q96FT9","IFT43 family"
"Q96FV3","Tetraspanin (TM4SF) family"
"Q96FV9","THOC1 family"
"Q96FW1","Peptidase C65 family"
"Q96FX2","DPH3 family"
"Q96FX7","Class I-like SAM-binding methyltransferase superfamily, TRM61 family"
"Q96FX8","TMEM47 family"
"Q96FZ2","SOS response-associated peptidase family"
"Q96FZ5","Chemokine-like factor family"
"Q96FZ7","SNF7 family"
"Q96G01","BicD family"
"Q96G03","Phosphohexose mutase family"
"Q96G04","Class I-like SAM-binding methyltransferase superfamily, EEF2KMT family"
"Q96G25","Mediator complex subunit 8 family"
"Q96G28","CFAP36 family"
"Q96G30","MRAP family"
"Q96G46","Dus family, Dus3 subfamily"
"Q96G61","Nudix hydrolase family, DIPP subfamily"
"Q96G74","Peptidase C85 family"
"Q96G79","Nucleotide-sugar transporter family, SLC35A subfamily"
"Q96G91","G-protein coupled receptor 1 family"
"Q96G97","Seipin family"
"Q96GA3","LTV1 family"
"Q96GA7","Serine/threonine dehydratase family"
"Q96GC6","Krueppel C2H2-type zinc-finger protein family"
"Q96GC9","VMP1 family"
"Q96GD0","HAD-like hydrolase superfamily"
"Q96GD3","SCM family"
"Q96GD4","Protein kinase superfamily, Ser/Thr protein kinase family, Aurora subfamily"
"Q96GE6","Calmodulin family"
"Q96GJ1","Class I-like SAM-binding methyltransferase superfamily, RNA M5U methyltransferase family"
"Q96GL9","FAM163 family"
"Q96GM1","PA-phosphatase related phosphoesterase family"
"Q96GM5","SMARCD family"
"Q96GM8","CAF1 family"
"Q96GQ5","RUS1 family"
"Q96GQ7","DEAD box helicase family, DDX27/DRS1 subfamily"
"Q96GR2","ATP-dependent AMP-binding enzyme family, Bubblegum subfamily"
"Q96GR4","DHHC palmitoyltransferase family"
"Q96GS4","BORCS6 family"
"Q96GS6","AB hydrolase superfamily, ABHD17 family"
"Q96GV9","UNC119-binding protein family"
"Q96GW7","Aggrecan/versican proteoglycan family"
"Q96GW9","Class-I aminoacyl-tRNA synthetase family"
"Q96GX1","Tectonic family"
"Q96GX5","Protein kinase superfamily, AGC Ser/Thr protein kinase family"
"Q96GX9","Aldolase class II family, MtnB subfamily"
"Q96GZ6","SLC41A transporter family"
"Q96H15","Immunoglobulin superfamily, TIM family"
"Q96H20","SNF8 family"
"Q96H22","CENP-N/CHL4 family"
"Q96H55","TRAFAC class myosin-kinesin ATPase superfamily, Myosin family"
"Q96H72","ZIP transporter (TC 2.A.5) family"
"Q96H86","Krueppel C2H2-type zinc-finger protein family"
"Q96H96","UbiA prenyltransferase family"
"Q96HA1","POM121 family"
"Q96HA7","Tonsoku family"
"Q96HA8","NTAQ1 family"
"Q96HA9","Peroxin-11 family"
"Q96HD1","CRELD family"
"Q96HD9","AspA/AstE family, Aspartoacylase subfamily"
"Q96HE7","EROs family"
"Q96HF1","Secreted frizzled-related protein (sFRP) family"
"Q96HH6","TMEM19 family"
"Q96HI0","Peptidase C48 family"
"Q96HJ5","MS4A family"
"Q96HN2","Adenosylhomocysteinase family"
"Q96HP0","DOCK family"
"Q96HP8","TMEM176 family"
"Q96HR3","Mediator complex subunit 30 family"
"Q96HR8","NAF1 family"
"Q96HR9","DP1 family"
"Q96HS1","Phosphoglycerate mutase family, BPG-dependent PGAM subfamily"
"Q96HT8","MORF4 family-associated protein family"
"Q96HU1","Small G protein signaling modulator family"
"Q96HU8","Small GTPase superfamily, Di-Ras family"
"Q96HW7","Integrator subunit 4 family"
"Q96HY6","DDRGK1 family"
"Q96HY7","Alpha-ketoglutarate dehydrogenase family"
"Q96I13","AB hydrolase superfamily"
"Q96I15","Class-V pyridoxal-phosphate-dependent aminotransferase family"
"Q96I23","PREY family"
"Q96I59","Class-II aminoacyl-tRNA synthetase family"
"Q96I99","Succinate/malate CoA ligase beta subunit family, GTP-specific subunit beta subfamily"
"Q96IF1","Zyxin/ajuba family"
"Q96IJ6","Transferase hexapeptide repeat family"
"Q96IK1","BOD1 family"
"Q96IL0","COA8 family"
"Q96IP4","TENT family"
"Q96IQ9","Krueppel C2H2-type zinc-finger protein family"
"Q96IR7","4HPPD family"
"Q96IT1","Krueppel C2H2-type zinc-finger protein family"
"Q96IU4","AB hydrolase superfamily, ABHD14 family"
"Q96IV0","Transglutaminase-like superfamily, PNGase family"
"Q96IV6","Sterol desaturase family"
"Q96IW7","Synaptobrevin family"
"Q96IY4","Peptidase M14 family"
"Q96IZ2","AIG1 family"
"Q96IZ6","Methyltransferase superfamily, METL family"
"Q96J01","THOC3 family"
"Q96J65","ABC transporter superfamily, ABCC family, Conjugate transporter (TC 3.A.1.208) subfamily"
"Q96J66","ABC transporter superfamily, ABCC family, Conjugate transporter (TC 3.A.1.208) subfamily"
"Q96J84","Immunoglobulin superfamily"
"Q96J87","CELF/BRUNOL family"
"Q96J92","Protein kinase superfamily, Ser/Thr protein kinase family, WNK subfamily"
"Q96J94","Argonaute family, Piwi subfamily"
"Q96JB1","Dynein heavy chain family"
"Q96JB2","COG3 family"
"Q96JB3","Krueppel C2H2-type zinc-finger protein family, Hic subfamily"
"Q96JB5","CDK5RAP3 family"
"Q96JB6","Lysyl oxidase family"
"Q96JB8","MAGUK family"
"Q96JC1","VAM6/VPS39 family"
"Q96JC9","EAF family"
"Q96JD6","Aldo/keto reductase family"
"Q96JE7","SEC16 family"
"Q96JE9","STOP family"
"Q96JF0","Glycosyltransferase 29 family"
"Q96JG6","Syndetin family"
"Q96JG9","Krueppel C2H2-type zinc-finger protein family"
"Q96JH8","RADIL family"
"Q96JJ6","Junctophilin family"
"Q96JJ7","Protein disulfide isomerase family"
"Q96JK9","Mastermind family"
"Q96JL9","Krueppel C2H2-type zinc-finger protein family"
"Q96JP0","Fem-1 family"
"Q96JP2","TRAFAC class myosin-kinesin ATPase superfamily, Myosin family"
"Q96JP5","Krueppel C2H2-type zinc-finger protein family"
"Q96JQ5","MS4A family"
"Q96JW4","SLC41A transporter family"
"Q96JX3","SERAC1 family"
"Q96JY0","Maelstrom family"
"Q96K12","Fatty acyl-CoA reductase family"
"Q96K30","RITA family"
"Q96K58","Krueppel C2H2-type zinc-finger protein family"
"Q96K76","Peptidase C19 family"
"Q96K78","G-protein coupled receptor 2 family, Adhesion G-protein coupled receptor (ADGR) subfamily"
"Q96K83","Krueppel C2H2-type zinc-finger protein family"
"Q96KA5","CLPTM1 family"
"Q96KB5","Protein kinase superfamily, STE Ser/Thr protein kinase family, MAP kinase kinase subfamily"
"Q96KG7","MEGF family"
"Q96KG9","Protein kinase superfamily"
"Q96KJ9","Cytochrome c oxidase IV family"
"Q96KK3","Potassium channel family, S (TC 1.A.1.2) subfamily, Kv9.1/KCNS1 sub-subfamily"
"Q96KK4","G-protein coupled receptor 1 family"
"Q96KK5","Histone H2A family"
"Q96KM6","Krueppel C2H2-type zinc-finger protein family"
"Q96KN2","Peptidase M20A family"
"Q96KN3","TALE/MEIS homeobox family"
"Q96KN4","LRATD family"
"Q96KN7","RPGRIP1 family"
"Q96KN8","H-rev107 family"
"Q96KP1","SEC5 family"
"Q96KP4","Peptidase M20A family"
"Q96KQ4","ASPP family"
"Q96KQ7","Class V-like SAM-binding methyltransferase superfamily, Histone-lysine methyltransferase family, Suvar3-9 subfamily"
"Q96KR4","Peptidase M8 family"
"Q96KR6","FAM210 family"
"Q96KR7","Phosphatase and actin regulator family"
"Q96KV7","WD repeat WDR90/POC16 family"
"Q96L12","Calreticulin family"
"Q96L21","Universal ribosomal protein uL16 family"
"Q96L33","Small GTPase superfamily, Rho family"
"Q96L34","Protein kinase superfamily, CAMK Ser/Thr protein kinase family, SNF1 subfamily"
"Q96L42","Potassium channel family, H (Eag) (TC 1.A.1.20) subfamily, Kv12.1/KCNH8 sub-subfamily"
"Q96L58","Glycosyltransferase 31 family"
"Q96L73","Class V-like SAM-binding methyltransferase superfamily"
"Q96L91","SNF2/RAD54 helicase family, SWR1 subfamily"
"Q96L92","Sorting nexin family"
"Q96L93","TRAFAC class myosin-kinesin ATPase superfamily, Kinesin family"
"Q96L96","Protein kinase superfamily, Alpha-type protein kinase family, ALPK subfamily"
"Q96LA8","Class I-like SAM-binding methyltransferase superfamily, Protein arginine N-methyltransferase family, PRMT6 subfamily"
"Q96LB1","G-protein coupled receptor 1 family, Mas subfamily"
"Q96LB2","G-protein coupled receptor 1 family, Mas subfamily"
"Q96LB3","IFT74 family"
"Q96LB4","V-ATPase G subunit family"
"Q96LB8","N-acetylmuramoyl-L-alanine amidase 2 family"
"Q96LB9","N-acetylmuramoyl-L-alanine amidase 2 family"
"Q96LC7","Immunoglobulin superfamily, SIGLEC (sialic acid binding Ig-like lectin) family"
"Q96LC9","Bcl-2 family"
"Q96LD4","TRIM/RBCC family"
"Q96LD8","Peptidase C48 family"
"Q96LI5","CCR4/nocturin family"
"Q96LI6","HSF family"
"Q96LJ7","Short-chain dehydrogenases/reductases (SDR) family"
"Q96LJ8","UBXN10 family"
"Q96LK0","CEP19 family"
"Q96LR5","Ubiquitin-conjugating enzyme family"
"Q96LR9","Apolipoprotein L family"
"Q96LT4","Sphingomyelin synthase family"
"Q96LW4","Eukaryotic-type primase small subunit family"
"Q96LX8","Krueppel C2H2-type zinc-finger protein family"
"Q96LZ3","Calcineurin regulatory subunit family"
"Q96LZ7","RMDN family"
"Q96M11","HYLS1 family"
"Q96M27","PRRC1 family"
"Q96M29","Tektin family"
"Q96M32","Adenylate kinase family"
"Q96M32"," Dpy-30 family"
"Q96M63","ODA1/DCC2 family"
"Q96M86","Dynein heavy chain family"
"Q96M91","CFAP53 family"
"Q96MA6","Adenylate kinase family"
"Q96MB7","HARBI1 family"
"Q96MC2","DRC1 family"
"Q96MD2","KICS2 family"
"Q96MF7","NSE2 family"
"Q96MG8","Methyltransferase superfamily, L-isoaspartyl/D-aspartyl protein methyltransferase family"
"Q96MH2","HEXIM family"
"Q96MH6","Diacylglycerol acyltransferase family"
"Q96MI9","Peptidase M14 family"
"Q96MK3","FAM20 family"
"Q96MM3","Krueppel C2H2-type zinc-finger protein family"
"Q96MM7","Sulfotransferase 6 family"
"Q96MN2","NLRP family"
"Q96MN9","Krueppel C2H2-type zinc-finger protein family"
"Q96MR6","CFAP57 family"
"Q96MS0","Immunoglobulin superfamily, ROBO family"
"Q96MT3","Prickle / espinas / testin family"
"Q96MT7","CFAP44 family"
"Q96MT8","CEP63 family"
"Q96MV1","TLCD4 family"
"Q96MV8","DHHC palmitoyltransferase family"
"Q96MW5","COG8 family"
"Q96MX0","Chemokine-like factor family"
"Q96MX3","Krueppel C2H2-type zinc-finger protein family"
"Q96MY7","FAM161 family"
"Q96N11","Integrator subunit 15 family"
"Q96N16","JAKMIP family"
"Q96N19","GPR137 family"
"Q96N58","Krueppel C2H2-type zinc-finger protein family"
"Q96N66","Membrane-bound acyltransferase family"
"Q96N67","DOCK family"
"Q96N76","Urocanase family"
"Q96N77","Krueppel C2H2-type zinc-finger protein family"
"Q96N87","Sodium:neurotransmitter symporter (SNF) (TC 2.A.22) family, SLC6A18 subfamily"
"Q96N95","Krueppel C2H2-type zinc-finger protein family"
"Q96NB1","CEP43 family"
"Q96NB2","Sideroflexin family"
"Q96NG5","Krueppel C2H2-type zinc-finger protein family"
"Q96NI6","LRFN family"
"Q96NN9","FAD-dependent oxidoreductase family"
"Q96NR3","Patched family"
"Q96NR8","Short-chain dehydrogenases/reductases (SDR) family"
"Q96NT5","Major facilitator superfamily, SLC46A family"
"Q96NW7","LAP (LRR and PDZ) protein family"
"Q96NX5","Protein kinase superfamily, CAMK Ser/Thr protein kinase family, CaMK subfamily"
"Q96NY7","Chloride channel CLIC family"
"Q96NY8","Nectin family"
"Q96NY9","XPF family"
"Q96NZ8","WFIKKN family"
"Q96P09","IAP family"
"Q96P11","Class I-like SAM-binding methyltransferase superfamily, RsmB/NOP family"
"Q96P15","Serpin family, Ov-serpin subfamily"
"Q96P16","UPF0400 (RTT103) family"
"Q96P20","NLRP family"
"Q96P26","5'-nucleotidase type 3 family"
"Q96P44","Fibril-associated collagens with interrupted helices (FACIT) family"
"Q96P47","Centaurin gamma-like family"
"Q96P56","Cation channel sperm-associated (TC 1.A.1.19) family"
"Q96P63","Serpin family, Ov-serpin subfamily"
"Q96P65","G-protein coupled receptor 1 family"
"Q96P66","G-protein coupled receptor 1 family"
"Q96P68","G-protein coupled receptor 1 family"
"Q96P70","Importin beta family"
"Q96PB1","PC-esterase family, CASD1 subfamily"
"Q96PC2","Inositol phosphokinase (IPK) family"
"Q96PC3","Adaptor complexes small subunit family"
"Q96PC5","MIA/OTOR family"
"Q96PD4","IL-17 family"
"Q96PD5","N-acetylmuramoyl-L-alanine amidase 2 family"
"Q96PD6","Diacylglycerol acyltransferase family"
"Q96PD7","Diacylglycerol acyltransferase family"
"Q96PE1","G-protein coupled receptor 2 family, Adhesion G-protein coupled receptor (ADGR) subfamily"
"Q96PE3","Inositol 3,4-bisphosphate 4-phosphatase family"
"Q96PE7","Methylmalonyl-CoA epimerase family"
"Q96PF1","Transglutaminase superfamily, Transglutaminase family"
"Q96PF2","Protein kinase superfamily, CAMK Ser/Thr protein kinase family"
"Q96PH6","Beta-defensin family"
"Q96PL5","Immunoglobulin superfamily, BTN/MOG family"
"Q96PN6","Adenylyl cyclase class-4/guanylyl cyclase family"
"Q96PN8","Protein kinase superfamily, CAMK Ser/Thr protein kinase family"
"Q96PP8","TRAFAC class dynamin-like GTPase superfamily, GB1/RHD3 GTPase family, GB1 subfamily"
"Q96PP9","TRAFAC class dynamin-like GTPase superfamily, GB1/RHD3 GTPase family, GB1 subfamily"
"Q96PQ0","VPS10-related sortilin family, SORCS subfamily"
"Q96PQ1","Immunoglobulin superfamily, SIGLEC (sialic acid binding Ig-like lectin) family"
"Q96PQ6","Krueppel C2H2-type zinc-finger protein family"
"Q96PR1","Potassium channel family, C (Shaw) (TC 1.A.1.2) subfamily, Kv3.2/KCNC2 sub-subfamily"
"Q96PS8","MIP/aquaporin (TC 1.A.8) family"
"Q96PU8","Quaking family"
"Q96PV4","PNMA family"
"Q96PV7","FAM193 family"
"Q96PX8","SLITRK family"
"Q96PY5","Formin homology family"
"Q96PY6","Protein kinase superfamily, NEK Ser/Thr protein kinase family, NIMA subfamily"
"Q96PZ0","Pseudouridine synthase TruD family"
"Q96PZ2","FAM111 family"
"Q96PZ7","CSMD family"
"Q96Q04","Protein kinase superfamily, Tyr protein kinase family"
"Q96Q05","NIBP family"
"Q96Q06","Perilipin family"
"Q96Q11","TRNA nucleotidyltransferase/poly(A) polymerase family"
"Q96Q15","PI3/PI4-kinase family"
"Q96Q27","Ankyrin SOCS box (ASB) family"
"Q96Q40","Protein kinase superfamily, CMGC Ser/Thr protein kinase family, CDC2/CDKX subfamily"
"Q96Q45","TMEM237 family"
"Q96Q80","Derlin family"
"Q96Q83","AlkB family"
"Q96Q89","TRAFAC class myosin-kinesin ATPase superfamily, Kinesin family"
"Q96Q91","Anion exchanger (TC 2.A.31) family"
"Q96QA5","Gasdermin family"
"Q96QD8","Amino acid/polyamine transporter 2 family"
"Q96QD9","UIF family"
"Q96QE2","Major facilitator superfamily, Sugar transporter (TC 2.A.1.1) family"
"Q96QE3","AAA ATPase family"
"Q96QE5","TEFM family"
"Q96QF0","SEC2 family"
"Q96QF7","Serine-aspartate repeat-containing protein (SDr) family"
"Q96QG7","Protein-tyrosine phosphatase family, Non-receptor class myotubularin subfamily"
"Q96QI5","Sulfotransferase 1 family"
"Q96QK1","VPS35 family"
"Q96QP1","Protein kinase superfamily, Alpha-type protein kinase family, ALPK subfamily"
"Q96QR8","PUR DNA-binding protein family"
"Q96QS3","Paired homeobox family, Bicoid subfamily"
"Q96QS6","Protein kinase superfamily, CAMK Ser/Thr protein kinase family"
"Q96QT4","Protein kinase superfamily, Alpha-type protein kinase family, ALPK subfamily"
"Q96QT4"," Transient receptor (TC 1.A.4) family, LTrpC subfamily, TRPM7 sub-subfamily"
"Q96QU6","Class-I pyridoxal-phosphate-dependent aminotransferase family"
"Q96QU8","Exportin family"
"Q96QV1","HHIP family"
"Q96QV6","Histone H2A family"
"Q96RD6","Pannexin family"
"Q96RD7","Pannexin family"
"Q96RE9","Krueppel C2H2-type zinc-finger protein family"
"Q96RF0","Sorting nexin family"
"Q96RG2","Protein kinase superfamily, CAMK Ser/Thr protein kinase family"
"Q96RI0","G-protein coupled receptor 1 family"
"Q96RI1","Nuclear hormone receptor family, NR1 subfamily"
"Q96RI8","G-protein coupled receptor 1 family"
"Q96RJ0","G-protein coupled receptor 1 family"
"Q96RK4","BBS4 family"
"Q96RL1","RAP80 family"
"Q96RL6","Immunoglobulin superfamily, SIGLEC (sialic acid binding Ig-like lectin) family"
"Q96RL7","VPS13 family"
"Q96RN1","SLC26A/SulP transporter (TC 2.A.53) family"
"Q96RN5","Mediator complex subunit 15 family"
"Q96RP3","Sauvagine/corticotropin-releasing factor/urotensin I family"
"Q96RP7","Galactose-3-O-sulfotransferase family"
"Q96RP9","TRAFAC class translation factor GTPase superfamily, Classic translation factor GTPase family, EF-G/EF-2 subfamily"
"Q96RQ1","ERGIC family"
"Q96RQ9","Flavin monoamine oxidase family, FIG1 subfamily"
"Q96RR4","Protein kinase superfamily, Ser/Thr protein kinase family"
"Q96RS0","Methyltransferase superfamily, Trimethylguanosine synthase family"
"Q96RT1","LAP (LRR and PDZ) protein family"
"Q96RT7","TUBGCP family"
"Q96RT8","TUBGCP family"
"Q96RU2","Peptidase C19 family, USP28 subfamily"
"Q96RU3","FNBP1 family"
"Q96RU7","Protein kinase superfamily, CAMK Ser/Thr protein kinase family, Tribbles subfamily"
"Q96RU8","Protein kinase superfamily, CAMK Ser/Thr protein kinase family, Tribbles subfamily"
"Q96S06","Lipase maturation factor family"
"Q96S15","WD repeat WDR24 family"
"Q96S21","Small GTPase superfamily, Rab family"
"Q96S37","Major facilitator (TC 2.A.1) superfamily, Organic cation transporter (TC 2.A.1.19) family"
"Q96S38","Protein kinase superfamily, Ser/Thr protein kinase family, S6 kinase subfamily"
"Q96S42","TGF-beta family"
"Q96S44","Protein kinase superfamily, BUD32 family"
"Q96S52","PIGS family"
"Q96S53","Protein kinase superfamily, TKL Ser/Thr protein kinase family"
"Q96S55","AAA ATPase family, RarA/MGS1/WRNIP1 subfamily"
"Q96S59","RANBP9/10 family"
"Q96S65","AXUD1 family"
"Q96S66","Chloride channel MCLC family"
"Q96S94","Cyclin family, Cyclin L subfamily"
"Q96S97","MAL family"
"Q96SA4","TDE1 family"
"Q96SB4","Protein kinase superfamily, CMGC Ser/Thr protein kinase family"
"Q96SB8","SMC family, SMC6 subfamily"
"Q96SD1","DNA repair metallo-beta-lactamase (DRMBL) family"
"Q96SL1","Major facilitator superfamily"
"Q96SL4","Glutathione peroxidase family"
"Q96SN7","Orai family"
"Q96SQ5","Krueppel C2H2-type zinc-finger protein family"
"Q96SQ9","Cytochrome P450 family"
"Q96ST2","IWS1 family"
"Q96SU4","OSBP family"
"Q96SW2","CRBN family"
"Q96SY0","Integrator subunit 14 family"
"Q96SZ6","Methylthiotransferase family, MiaB subfamily"
"Q96T17","MAP7 family"
"Q96T37","RRM Spen family"
"Q96T52","Peptidase S26 family, IMP2 subfamily"
"Q96T53","Membrane-bound acyltransferase family"
"Q96T54","Two pore domain potassium channel (TC 1.A.1.8) family"
"Q96T55","Two pore domain potassium channel (TC 1.A.1.8) family"
"Q96T58","RRM Spen family"
"Q96T60","DNA 3' phosphatase family"
"Q96T66","Eukaryotic NMN adenylyltransferase family"
"Q96T68","Class V-like SAM-binding methyltransferase superfamily"
"Q96T76","MET18/MMS19 family"
"Q96T83","Monovalent cation:proton antiporter 1 (CPA1) transporter (TC 2.A.36) family"
"Q96T91","Glycoprotein hormones subunit alpha family"
"Q96TA1","Niban family"
"Q96TA2","AAA ATPase family"
"Q96TA2"," Peptidase M41 family"
"Q96TC7","RMDN family"
"Q99062","Type I cytokine receptor family, Type 2 subfamily"
"Q99217","Amelogenin family"
"Q99250","Sodium channel (TC 1.A.1.10) family, Nav1.2/SCN2A subfamily"
"Q99259","Group II decarboxylase family"
"Q99417","AMY1 family"
"Q99424","Acyl-CoA oxidase family"
"Q99426","TBCB family"
"Q99436","Peptidase T1B family"
"Q99437","V-ATPase proteolipid subunit family"
"Q99439","Calponin family"
"Q99447","Cytidylyltransferase family"
"Q99453","Paired homeobox family"
"Q99456","Intermediate filament family"
"Q99459","CEF1 family"
"Q99460","Proteasome subunit S1 family"
"Q99466","NOTCH family"
"Q99467","Toll-like receptor family"
"Q99471","Prefoldin subunit alpha family"
"Q99487","Serine esterase family"
"Q99489","DAMOX/DASOX family"
"Q99490","Centaurin gamma-like family"
"Q99497","Peptidase C56 family"
"Q99500","G-protein coupled receptor 1 family"
"Q99501","GAS2 family"
"Q99502","HAD-like hydrolase superfamily, EYA family"
"Q99504","HAD-like hydrolase superfamily, EYA family"
"Q99518","FMO family"
"Q99519","Glycosyl hydrolase 33 family"
"Q99523","VPS10-related sortilin family, SORT1 subfamily"
"Q99527","G-protein coupled receptor 1 family"
"Q99536","Zinc-containing alcohol dehydrogenase family, Quinone oxidoreductase subfamily"
"Q99538","Peptidase C13 family"
"Q99541","Perilipin family"
"Q99542","Peptidase M10A family"
"Q99547","MPP6 family"
"Q99551","MTERF family"
"Q99558","Protein kinase superfamily, STE Ser/Thr protein kinase family, MAP kinase kinase kinase subfamily"
"Q99569","Beta-catenin family"
"Q99570","Protein kinase superfamily, Ser/Thr protein kinase family"
"Q99571","P2X receptor family"
"Q99572","P2X receptor family"
"Q99574","Serpin family"
"Q99576","TSC-22/Dip/Bun family"
"Q99578","Small GTPase superfamily, Ras family"
"Q99581","ETS family"
"Q99584","S-100 family"
"Q99592","Krueppel C2H2-type zinc-finger protein family, ZBTB18 subfamily"
"Q99595","Tim17/Tim22/Tim23 family"
"Q99598","Translin family"
"Q99607","ETS family"
"Q99611","Selenophosphate synthase 1 family, Class I subfamily"
"Q99612","Krueppel C2H2-type zinc-finger protein family"
"Q99613","EIF-3 subunit C family"
"Q99616","Intercrine beta (chemokine CC) family"
"Q99619","SPSB family"
"Q99622","UPF0456 family"
"Q99623","Prohibitin family"
"Q99624","Amino acid/polyamine transporter 2 family"
"Q99626","Caudal homeobox family"
"Q99627","CSN8 family"
"Q99633","PRP18 family"
"Q99638","Rad9 family"
"Q99640","Protein kinase superfamily, Ser/Thr protein kinase family, WEE1 subfamily"
"Q99643","Cytochrome b560 family"
"Q99645","Small leucine-rich proteoglycan (SLRP) family, SLRP class III subfamily"
"Q99650","Type I cytokine receptor family, Type 2 subfamily"
"Q99653","Calcineurin regulatory subunit family, CHP subfamily"
"Q99661","TRAFAC class myosin-kinesin ATPase superfamily, Kinesin family, MCAK/KIF2 subfamily"
"Q99665","Type I cytokine receptor family, Type 2 subfamily"
"Q99677","G-protein coupled receptor 1 family"
"Q99683","Protein kinase superfamily, STE Ser/Thr protein kinase family, MAP kinase kinase kinase subfamily"
"Q99685","AB hydrolase superfamily, Monoacylglycerol lipase family"
"Q99687","TALE/MEIS homeobox family"
"Q99689","Zygin family"
"Q99697","Paired homeobox family, Bicoid subfamily"
"Q99700","Ataxin-2 family"
"Q99704","DOK family, Type A subfamily"
"Q99705","G-protein coupled receptor 1 family"
"Q99706","Immunoglobulin superfamily"
"Q99707","Vitamin-B12 dependent methionine synthase family"
"Q99708","COM1/SAE2/CtIP family"
"Q99712","Inward rectifier-type potassium channel (TC 1.A.2.1) family, KCNJ15 subfamily"
"Q99714","Short-chain dehydrogenases/reductases (SDR) family"
"Q99715","Fibril-associated collagens with interrupted helices (FACIT) family"
"Q99717","Dwarfin/SMAD family"
"Q99719","TRAFAC class TrmE-Era-EngA-EngB-Septin-like GTPase superfamily, Septin GTPase family"
"Q99720","ERG2 family"
"Q99726","Cation diffusion facilitator (CDF) transporter (TC 2.A.4) family, SLC30A subfamily"
"Q99731","Intercrine beta (chemokine CC) family"
"Q99732","CDIP1/LITAF family"
"Q99733","Nucleosome assembly protein (NAP) family"
"Q99735","MAPEG family"
"Q99741","CDC6/cdc18 family"
"Q99747","SNAP family"
"Q99748","TGF-beta family, GDNF subfamily"
"Q99750","MDFI family"
"Q99757","Thioredoxin family"
"Q99758","ABC transporter superfamily, ABCA family"
"Q99759","Protein kinase superfamily, STE Ser/Thr protein kinase family, MAP kinase kinase kinase subfamily"
"Q99766","ATP synthase subunit s family"
"Q99788","Chemokine-like receptor (CMKLR) family"
"Q99797","Peptidase M3 family"
"Q99798","Aconitase/IPM isomerase family"
"Q99801","NK-3 homeobox family"
"Q99807","COQ7 family"
"Q99808","SLC29A/ENT transporter (TC 2.A.57) family"
"Q99816","Ubiquitin-conjugating enzyme family, UEV subfamily"
"Q99829","Copine family"
"Q99832","TCP-1 chaperonin family"
"Q99835","G-protein coupled receptor Fz/Smo family"
"Q99848","EBP2 family"
"Q99871","HAUS7 family"
"Q99873","Class I-like SAM-binding methyltransferase superfamily, Protein arginine N-methyltransferase family"
"Q99877","Histone H2B family"
"Q99878","Histone H2A family"
"Q99879","Histone H2B family"
"Q99880","Histone H2B family"
"Q99884","Sodium:neurotransmitter symporter (SNF) (TC 2.A.22) family, SLC6A7 subfamily"
"Q99895","Peptidase S1 family, Elastase subfamily"
"Q99909","SSX family"
"Q99928","Ligand-gated ion channel (TC 1.A.9) family, Gamma-aminobutyric acid receptor (TC 1.A.9.5) subfamily, GABRG3 sub-subfamily"
"Q99932","SPAG8 family"
"Q99935","PROL1/PROL3 family"
"Q99941","BZIP family, ATF subfamily"
"Q99942","RNF5 family"
"Q99943","1-acyl-sn-glycerol-3-phosphate acyltransferase family"
"Q99946","CD225/Dispanin family"
"Q99952","Protein-tyrosine phosphatase family, Non-receptor class 4 subfamily"
"Q99956","Protein-tyrosine phosphatase family, Non-receptor class dual specificity subfamily"
"Q99959","Beta-catenin family"
"Q99961","Endophilin family"
"Q99962","Endophilin family"
"Q99963","Endophilin family"
"Q99966","CITED family"
"Q99967","CITED family"
"Q99983","Small leucine-rich proteoglycan (SLRP) family, SLRP class II subfamily"
"Q99985","Semaphorin family"
"Q99986","Protein kinase superfamily, CK1 Ser/Thr protein kinase family, VRK subfamily"
"Q99988","TGF-beta family"
"Q99990","Vestigial family"
"Q99999","Galactose-3-O-sulfotransferase family"
"Q9BPU6","Metallo-dependent hydrolases superfamily, Hydantoinase/dihydropyrimidinase family"
"Q9BPU9","B9D family"
"Q9BPV8","G-protein coupled receptor 1 family"
"Q9BPW8","NipSnap family"
"Q9BPW9","Short-chain dehydrogenases/reductases (SDR) family"
"Q9BPX1","Short-chain dehydrogenases/reductases (SDR) family"
"Q9BPX3","CND3 (condensin subunit 3) family"
"Q9BPX6","MICU1 family, MICU1 subfamily"
"Q9BPZ2","SPIN/STSY family"
"Q9BPZ3","PAIP2 family"
"Q9BPZ7","SIN1 family"
"Q9BQ15","SOSS-B family, SOSS-B1 subfamily"
"Q9BQ31","Potassium channel family, S (TC 1.A.1.2) subfamily, Kv9.3/KCNS3 sub-subfamily"
"Q9BQ39","DEAD box helicase family, DDX21/DDX50 subfamily"
"Q9BQ50","Exonuclease superfamily, TREX family"
"Q9BQ51","Immunoglobulin superfamily, BTN/MOG family"
"Q9BQ52","RNase Z family"
"Q9BQ65","2H phosphoesterase superfamily, USB1 family"
"Q9BQ66","KRTAP type 4 family"
"Q9BQ69","MacroD-type family, MacroD1/2-like subfamily"
"Q9BQ70","TCF25 family"
"Q9BQ83","SLX1 family"
"Q9BQ87","WD repeat EBI family"
"Q9BQ89","FAM110 family"
"Q9BQ95","ECSIT family"
"Q9BQA9","CYBC1 family"
"Q9BQB4","Sclerostin family"
"Q9BQB6","VKOR family"
"Q9BQC3","DPH1/DPH2 family, DPH2 subfamily"
"Q9BQD3","KXD1 family"
"Q9BQD7","ANT/ATPSC lysine N-methyltransferase family"
"Q9BQE3","Tubulin family"
"Q9BQE4","Selenoprotein S family"
"Q9BQE5","Apolipoprotein L family"
"Q9BQE9","BCL7 family"
"Q9BQF6","Peptidase C48 family"
"Q9BQG0","MYBBP1A family"
"Q9BQG1","Synaptotagmin family"
"Q9BQG2","Nudix hydrolase family, NudC subfamily"
"Q9BQI3","Protein kinase superfamily, Ser/Thr protein kinase family, GCN2 subfamily"
"Q9BQJ4","TMEM47 family"
"Q9BQK8","Lipin family"
"Q9BQL6","Kindlin family"
"Q9BQP7","MGME1 family"
"Q9BQQ3","GORASP family"
"Q9BQS2","Synaptotagmin family"
"Q9BQS7","Multicopper oxidase family"
"Q9BQT8","Mitochondrial carrier (TC 2.A.29) family"
"Q9BQT9","Calsyntenin family"
"Q9BQW3","COE family"
"Q9BQY4","Paired-like homeobox family, PEPP subfamily"
"Q9BQY9","Dysbindin family"
"Q9BR01","Sulfotransferase 1 family"
"Q9BR39","Junctophilin family"
"Q9BR76","WD repeat coronin family"
"Q9BRA0","SnRNP Sm proteins family"
"Q9BRA2","Thioredoxin family"
"Q9BRB3","PIGQ family"
"Q9BRD0","CWC26 family"
"Q9BRF8","Metallophosphoesterase superfamily, CPPED1 family"
"Q9BRG1","VPS25 family"
"Q9BRI3","Cation diffusion facilitator (CDF) transporter (TC 2.A.4) family, SLC30A subfamily"
"Q9BRJ2","Mitochondrion-specific ribosomal protein mL45 family"
"Q9BRJ7","Nudix hydrolase family, TIRR subfamily"
"Q9BRK0","DP1 family"
"Q9BRK4","LZTS2 family"
"Q9BRK5","CREC family"
"Q9BRL6","Splicing factor SR family"
"Q9BRL7","Synaptobrevin family"
"Q9BRP0","Krueppel C2H2-type zinc-finger protein family"
"Q9BRP4","WD repeat PAAF1/RPN14 family"
"Q9BRP8","Pym family"
"Q9BRQ3","Nudix hydrolase family"
"Q9BRQ5","Orai family"
"Q9BRQ6","MICOS complex subunit Mic19 family, Metazoan Mic25 subfamily"
"Q9BRQ8","FAD-dependent oxidoreductase family"
"Q9BRR0","Krueppel C2H2-type zinc-finger protein family"
"Q9BRR3","PGAP4 family"
"Q9BRR6","ADP-dependent glucokinase family"
"Q9BRS2","Protein kinase superfamily, RIO-type Ser/Thr kinase family"
"Q9BRT3","SelWTH family"
"Q9BRT8","SIMIBI class G3E GTPase family, ZNG1 subfamily"
"Q9BRT9","GINS4/SLD5 family"
"Q9BRU9","UTP23/FCF1 family, UTP23 subfamily"
"Q9BRV3","SWEET sugar transporter family"
"Q9BRV8","SIKE family"
"Q9BRX2","Eukaryotic release factor 1 family, Pelota subfamily"
"Q9BRX5","GINS3/PSF3 family"
"Q9BRX8","Peroxiredoxin-like PRXL2 family, PRXL2A subfamily"
"Q9BRX9","WD repeat MORG1 family"
"Q9BRZ2","TRIM/RBCC family"
"Q9BS16","CENP-K/MCM22 family"
"Q9BS18","APC13 family"
"Q9BS31","Krueppel C2H2-type zinc-finger protein family"
"Q9BS34","Krueppel C2H2-type zinc-finger protein family"
"Q9BS40","Protease inhibitor I47 (latexin) family"
"Q9BS86","Zona pellucida-binding protein Sp38 family"
"Q9BS91","Nucleotide-sugar transporter family, SLC35A subfamily"
"Q9BSA4","Tweety family"
"Q9BSA9","TMEM175 family"
"Q9BSB4","ATG101 family"
"Q9BSD7","THEP1 NTPase family"
"Q9BSE5","Ureohydrolase superfamily, Arginase family"
"Q9BSF0","Small membrane AKAP family"
"Q9BSG1","Krueppel C2H2-type zinc-finger protein family"
"Q9BSH4","TACO1 family"
"Q9BSH5","HAD-like hydrolase superfamily"
"Q9BSJ2","TUBGCP family"
"Q9BSJ8","Extended synaptotagmin family"
"Q9BSK2","Mitochondrial carrier (TC 2.A.29) family"
"Q9BSK4","Fem-1 family"
"Q9BSQ5","CCM2 family"
"Q9BSR8","YIP1 family"
"Q9BSU1","PHAF1 family"
"Q9BSU3","Acetyltransferase family, ARD1 subfamily"
"Q9BSV6","TRNA-intron endonuclease family"
"Q9BSW2","EFCAB4 family"
"Q9BSW7","Synaptotagmin family"
"Q9BSY9","DeSI family"
"Q9BT04","Fuzzy family"
"Q9BT09","Canopy family"
"Q9BT17","TRAFAC class YlqF/YawG GTPase family, MTG1 subfamily"
"Q9BT22","Glycosyltransferase group 1 family, Glycosyltransferase 33 subfamily"
"Q9BT25","HAUS8 family"
"Q9BT30","AlkB family"
"Q9BT40","Inositol 1,4,5-trisphosphate 5-phosphatase type II family"
"Q9BT43","Eukaryotic RPC7 RNA polymerase subunit family"
"Q9BT56","Spexin family"
"Q9BT78","CSN4 family"
"Q9BT88","Synaptotagmin family"
"Q9BT92","TCHP family"
"Q9BTC8","Metastasis-associated protein family"
"Q9BTD3","TMEM121 family"
"Q9BTD8","RRM RBM42 family"
"Q9BTE1","Dynactin subunits 5/6 family, Dynactin subunit 5 subfamily"
"Q9BTE3","MCMBP family"
"Q9BTE6","Class-II aminoacyl-tRNA synthetase family, Alax-L subfamily"
"Q9BTF0","Methyltransferase superfamily"
"Q9BTL3","RAM family"
"Q9BTL4","IER family"
"Q9BTM9","URM1 family"
"Q9BTN0","LRFN family"
"Q9BTT0","ANP32 family"
"Q9BTT4","Mediator complex subunit 10 family"
"Q9BTU6","PI3/PI4-kinase family, Type II PI4K subfamily"
"Q9BTV4","TMEM43 family"
"Q9BTW9","TBCD family"
"Q9BTX1","NDC1 family"
"Q9BTX3","TMEM208 family"
"Q9BTY2","Glycosyl hydrolase 29 family"
"Q9BTZ2","Short-chain dehydrogenases/reductases (SDR) family"
"Q9BU02","ThTPase family"
"Q9BU19","Krueppel C2H2-type zinc-finger protein family"
"Q9BU20","Small GTPase superfamily, Rab family"
"Q9BU61","NDUFAF3 family"
"Q9BU64","CENP-O/MCM21 family"
"Q9BU79","TMEM243 family"
"Q9BU89","Deoxyhypusine hydroxylase family"
"Q9BUB4","ADAT1 family"
"Q9BUB5","Protein kinase superfamily, CAMK Ser/Thr protein kinase family"
"Q9BUB7","TMEM70 family"
"Q9BUE0","Mediator complex subunit 18 family"
"Q9BUE6","HesB/IscA family"
"Q9BUF5","Tubulin family"
"Q9BUH6","XRCC4-XLF family, PAXX subfamily"
"Q9BUI4","Eukaryotic RPC3/POLR3C RNA polymerase subunit family"
"Q9BUK6","Misato family"
"Q9BUL5","PHF23 family"
"Q9BUL8","PDCD10 family"
"Q9BUL9","Histone-like Alba family"
"Q9BUM1","Glucose-6-phosphatase family"
"Q9BUN8","Derlin family"
"Q9BUQ8","DEAD box helicase family, DDX23/PRP28 subfamily"
"Q9BUR4","TCAB1 family"
"Q9BUR5","Apolipoprotein O/MICOS complex subunit Mic27 family"
"Q9BUT1","Short-chain dehydrogenases/reductases (SDR) family"
"Q9BUU2","Methyltransferase superfamily, METTL22 family"
"Q9BUV0","RSRP family"
"Q9BUV8","EMC6 family"
"Q9BUW7","UPF0184 (EST00098) family"
"Q9BUX1","Gamma-glutamylcyclotransferase family, ChaC subfamily"
"Q9BUZ4","TNF receptor-associated factor family, B subfamily"
"Q9BV10","Glycosyltransferase 22 family"
"Q9BV20","EIF-2B alpha/beta/delta subunits family, MtnA subfamily"
"Q9BV23","AB hydrolase superfamily"
"Q9BV35","Mitochondrial carrier (TC 2.A.29) family"
"Q9BV38","WD repeat IPI3/WDR18 family"
"Q9BV40","Synaptobrevin family"
"Q9BV44","Methyltransferase superfamily"
"Q9BV47","Protein-tyrosine phosphatase family, Non-receptor class dual specificity subfamily"
"Q9BV57","Acireductone dioxygenase (ARD) family"
"Q9BV79","Zinc-containing alcohol dehydrogenase family, Quinone oxidoreductase subfamily"
"Q9BV81","EMC6 family"
"Q9BV86","Methyltransferase superfamily, NTM1 family"
"Q9BV94","Glycosyl hydrolase 47 family"
"Q9BVA0","WD repeat KATNB1 family"
"Q9BVA1","Tubulin family"
"Q9BVA6","Fic family"
"Q9BVC3","DCC1 family"
"Q9BVC4","WD repeat LST8 family"
"Q9BVG3","TRIM/RBCC family"
"Q9BVG8","TRAFAC class myosin-kinesin ATPase superfamily, Kinesin family"
"Q9BVG9","Phosphatidyl serine synthase family"
"Q9BVH7","Glycosyltransferase 29 family"
"Q9BVI4","CBF/MAK21 family"
"Q9BVJ6","UTP14 family"
"Q9BVJ7","Protein-tyrosine phosphatase family, Non-receptor class dual specificity subfamily"
"Q9BVK2","ALG6/ALG8 glucosyltransferase family"
"Q9BVK6","EMP24/GP25L family"
"Q9BVK8","TMEM147 family"
"Q9BVL2","NUP58 family"
"Q9BVL4","SELO family"
"Q9BVM4","Gamma-glutamylcyclotransferase family"
"Q9BVP2","TRAFAC class YlqF/YawG GTPase family"
"Q9BVQ7","AAA ATPase family, AFG2 subfamily"
"Q9BVS4","Protein kinase superfamily, RIO-type Ser/Thr kinase family"
"Q9BVS5","Class I-like SAM-binding methyltransferase superfamily, TRM61 family"
"Q9BVV6","TALPID3 family"
"Q9BVV7","TIM21 family"
"Q9BVW5","CSM3 family"
"Q9BVX2","TMEM106 family"
"Q9BW04","SARG family"
"Q9BW19","TRAFAC class myosin-kinesin ATPase superfamily, Kinesin family, NCD subfamily"
"Q9BW27","Nucleoporin Nup85 family"
"Q9BW60","ELO family, ELOVL1 subfamily"
"Q9BW61","DDA1 family"
"Q9BW62","AAA ATPase family, Katanin p60 subunit A1 subfamily, A-like 1 sub-subfamily"
"Q9BW66","CINP family"
"Q9BW83","Small GTPase superfamily, Rab family"
"Q9BW85","CWC16 family, YJU2 subfamily"
"Q9BW91","Nudix hydrolase family, NudF subfamily"
"Q9BW92","Class-II aminoacyl-tRNA synthetase family"
"Q9BWD1","Thiolase-like superfamily, Thiolase family"
"Q9BWF2","TRAIP family"
"Q9BWH2","FUN14 family"
"Q9BWH6","RPAP1 family"
"Q9BWJ5","SF3B5 family"
"Q9BWM7","Sideroflexin family"
"Q9BWP8","COLEC10/COLEC11 family"
"Q9BWQ6","YIP1 family"
"Q9BWQ8","BI1 family, LFG subfamily"
"Q9BWS9","Glycosyl hydrolase 18 family"
"Q9BWT3","Poly(A) polymerase family"
"Q9BWU1","Protein kinase superfamily, CMGC Ser/Thr protein kinase family, CDC2/CDKX subfamily"
"Q9BWV3","Cytidine and deoxycytidylate deaminase family"
"Q9BWV7","Tubulin--tyrosine ligase family"
"Q9BWW7","Snail C2H2-type zinc-finger protein family"
"Q9BX10","TRAFAC class translation factor GTPase superfamily, Classic translation factor GTPase family, GTPBP1 subfamily"
"Q9BX26","SYCP2 family"
"Q9BX40","LSM14 family"
"Q9BX63","DEAD box helicase family, DEAH subfamily"
"Q9BX67","Immunoglobulin superfamily"
"Q9BX68","HINT family"
"Q9BX74","TM2 family"
"Q9BX84","Protein kinase superfamily, Alpha-type protein kinase family, ALPK subfamily"
"Q9BX84"," Transient receptor (TC 1.A.4) family, LTrpC subfamily, TRPM6 sub-subfamily"
"Q9BX95","Type 2 lipid phosphate phosphatase family"
"Q9BXA5","G-protein coupled receptor 1 family"
"Q9BXA6","Protein kinase superfamily, CAMK Ser/Thr protein kinase family"
"Q9BXA7","Protein kinase superfamily, CAMK Ser/Thr protein kinase family"
"Q9BXB1","G-protein coupled receptor 1 family"
"Q9BXB4","OSBP family"
"Q9BXB5","OSBP family"
"Q9BXB7","SPATA16 family"
"Q9BXC0","G-protein coupled receptor 1 family"
"Q9BXC1","G-protein coupled receptor 1 family"
"Q9BXD5","DapA family, NanA subfamily"
"Q9BXF9","Tektin family"
"Q9BXH1","Bcl-2 family"
"Q9BXI2","Mitochondrial carrier (TC 2.A.29) family"
"Q9BXI3","5'-nucleotidase type 3 family"
"Q9BXJ8","TMEM120 family"
"Q9BXK5","Bcl-2 family"
"Q9BXM0","Periaxin family"
"Q9BXM7","Protein kinase superfamily, Ser/Thr protein kinase family"
"Q9BXN1","Small leucine-rich proteoglycan (SLRP) family, SLRP class I subfamily"
"Q9BXP2","SLC12A transporter family"
"Q9BXP5","ARS2 family"
"Q9BXP8","Peptidase M43B family"
"Q9BXR0","Queuine tRNA-ribosyltransferase family"
"Q9BXR3","Beta type-B retroviral polymerase family, HERV class-II K(HML-2) pol subfamily"
"Q9BXR5","Toll-like receptor family"
"Q9BXS1","IPP isomerase type 1 family"
"Q9BXS4","TMEM59 family"
"Q9BXS5","Adaptor complexes medium subunit family"
"Q9BXS6","NUSAP family"
"Q9BXS9","SLC26A/SulP transporter (TC 2.A.53) family"
"Q9BXT4","TDRD1 family"
"Q9BXT5","TEX15 family"
"Q9BXT6","DNA2/NAM7 helicase family, SDE3 subfamily"
"Q9BXU1","Protein kinase superfamily, Ser/Thr protein kinase family"
"Q9BXU7","Peptidase C19 family"
"Q9BXW4","ATG8 family"
"Q9BXW6","OSBP family"
"Q9BXW9","Fanconi anemia protein FANCD2 family"
"Q9BXY4","R-spondin family"
"Q9BXY8","BEX family"
"Q9BY07","Anion exchanger (TC 2.A.31) family"
"Q9BY08","EBP family"
"Q9BY10","Major facilitator superfamily, SLC46A family"
"Q9BY11","PACSIN family"
"Q9BY15","G-protein coupled receptor 2 family, Adhesion G-protein coupled receptor (ADGR) subfamily"
"Q9BY27","Gonadal family"
"Q9BY32","HAM1 NTPase family"
"Q9BY41","Histone deacetylase family, HD type 1 subfamily"
"Q9BY42","Rtf2 family"
"Q9BY43","SNF7 family"
"Q9BY44","WD repeat EIF2A family"
"Q9BY49","Short-chain dehydrogenases/reductases (SDR) family"
"Q9BY50","Peptidase S26B family"
"Q9BY64","UDP-glycosyltransferase family"
"Q9BY66","JARID1 histone demethylase family"
"Q9BY67","Nectin family"
"Q9BY84","Protein-tyrosine phosphatase family, Non-receptor class dual specificity subfamily"
"Q9BYC5","Glycosyltransferase 23 family"
"Q9BYC8","Bacterial ribosomal protein bL32 family"
"Q9BYD5","Cornifelin family"
"Q9BYE2","Peptidase S1 family"
"Q9BYE3","LCE family"
"Q9BYF1","Peptidase M2 family"
"Q9BYG0","Glycosyltransferase 31 family"
"Q9BYG4","PAR6 family"
"Q9BYG5","PAR6 family"
"Q9BYG8","Gasdermin family"
"Q9BYH1","SEZ6 family"
"Q9BYI3","Hyccin family"
"Q9BYJ1","Lipoxygenase family"
"Q9BYJ4","TRIM/RBCC family"
"Q9BYJ9","YTHDF family, YTHDF1 subfamily"
"Q9BYK8","DNA2/NAM7 helicase family"
"Q9BYM8","RBR family"
"Q9BYN0","Sulfiredoxin family"
"Q9BYN7","Krueppel C2H2-type zinc-finger protein family"
"Q9BYP7","Protein kinase superfamily, Ser/Thr protein kinase family, WNK subfamily"
"Q9BYP9","KRTAP type 9 family"
"Q9BYQ0","KRTAP type 9 family"
"Q9BYQ2","KRTAP type 9 family"
"Q9BYQ3","KRTAP type 9 family"
"Q9BYQ4","KRTAP type 9 family"
"Q9BYQ5","KRTAP type 4 family"
"Q9BYQ6","KRTAP type 4 family"
"Q9BYQ7","KRTAP type 4 family"
"Q9BYR0","KRTAP type 4 family"
"Q9BYR2","KRTAP type 4 family"
"Q9BYR3","KRTAP type 4 family"
"Q9BYR4","KRTAP type 4 family"
"Q9BYR5","KRTAP type 4 family"
"Q9BYR6","KRTAP type 3 family"
"Q9BYR7","KRTAP type 3 family"
"Q9BYR8","KRTAP type 3 family"
"Q9BYR9","KRTAP type 2 family"
"Q9BYS1","KRTAP type 1 family"
"Q9BYT1","Major facilitator superfamily, Sodium/anion cotransporter family"
"Q9BYT3","Protein kinase superfamily, CAMK Ser/Thr protein kinase family, CaMK subfamily"
"Q9BYT8","Peptidase M3 family"
"Q9BYT9","Anoctamin family"
"Q9BYU1","TALE/PBX homeobox family"
"Q9BYV1","Class-III pyridoxal-phosphate-dependent aminotransferase family"
"Q9BYV7","Carotenoid oxygenase family"
"Q9BYV8","CEP41 family"
"Q9BYV9","BZIP family, CNC subfamily"
"Q9BYW1","Major facilitator superfamily, Sugar transporter (TC 2.A.1.1) family, Glucose transporter subfamily"
"Q9BYW2","Class V-like SAM-binding methyltransferase superfamily, Histone-lysine methyltransferase family, SET2 subfamily"
"Q9BYW3","Beta-defensin family"
"Q9BYX4","Helicase family, RLR subfamily"
"Q9BYX7","Actin family"
"Q9BYZ2","LDH/MDH superfamily, LDH family"
"Q9BYZ6","Small GTPase superfamily, Rho family"
"Q9BZ23","Type II pantothenate kinase family"
"Q9BZ29","DOCK family"
"Q9BZ71","PtdIns transfer protein family, PI transfer class IIA subfamily"
"Q9BZ72","PtdIns transfer protein family, PI transfer class IIA subfamily"
"Q9BZ95","Class V-like SAM-binding methyltransferase superfamily, Histone-lysine methyltransferase family, SET2 subfamily"
"Q9BZB8","RRM CPEB family"
"Q9BZC1","CELF/BRUNOL family"
"Q9BZC7","ABC transporter superfamily, ABCA family"
"Q9BZD2","SLC29A/ENT transporter (TC 2.A.57) family"
"Q9BZD4","NUF2 family"
"Q9BZD6","Commissureless family"
"Q9BZE0","GLI C2H2-type zinc-finger protein family"
"Q9BZE2","TRNA pseudouridine synthase TruA family"
"Q9BZE4","TRAFAC class OBG-HflX-like GTPase superfamily, OBG GTPase family, NOG subfamily"
"Q9BZF1","OSBP family"
"Q9BZF2","OSBP family"
"Q9BZF3","OSBP family"
"Q9BZG1","Small GTPase superfamily, Rab family"
"Q9BZG2","Histidine acid phosphatase family"
"Q9BZG8","DPH1/DPH2 family, DPH1 subfamily"
"Q9BZI7","RENT3 family"
"Q9BZJ0","Crooked-neck family"
"Q9BZJ3","Peptidase S1 family, Tryptase subfamily"
"Q9BZJ4","Mitochondrial carrier (TC 2.A.29) family"
"Q9BZJ7","G-protein coupled receptor 1 family"
"Q9BZJ8","G-protein coupled receptor 1 family"
"Q9BZK7","WD repeat EBI family"
"Q9BZL6","Protein kinase superfamily, CAMK Ser/Thr protein kinase family, PKD subfamily"
"Q9BZM1","Phospholipase A2 family"
"Q9BZM2","Phospholipase A2 family"
"Q9BZM3","Antp homeobox family"
"Q9BZM4","MHC class I family"
"Q9BZM5","MHC class I family"
"Q9BZM6","MHC class I family"
"Q9BZP6","Glycosyl hydrolase 18 family, Chitinase class II subfamily"
"Q9BZQ4","Eukaryotic NMN adenylyltransferase family"
"Q9BZQ6","Glycosyl hydrolase 47 family"
"Q9BZQ8","Niban family"
"Q9BZR6","Nogo receptor family"
"Q9BZR8","Bcl-2 family"
"Q9BZR9","TRIM/RBCC family"
"Q9BZV2","Reduced folate carrier (RFC) transporter (TC 2.A.48) family"
"Q9BZW2","SLC13A/DASS transporter (TC 2.A.47) family, NADC subfamily"
"Q9BZW4","TM6SF family"
"Q9BZW7","CEP135/TSGA10 family"
"Q9BZX2","Uridine kinase family"
"Q9BZX4","Ropporin family"
"Q9BZY9","TRIM/RBCC family"
"Q9BZZ2","Immunoglobulin superfamily, SIGLEC (sialic acid binding Ig-like lectin) family"
"Q9BZZ5","API5 family"
"Q9C000","NLRP family"
"Q9C004","Sprouty family"
"Q9C005","Dpy-30 family"
"Q9C019","TRIM/RBCC family"
"Q9C026","TRIM/RBCC family"
"Q9C029","TRIM/RBCC family"
"Q9C030","TRIM/RBCC family"
"Q9C035","TRIM/RBCC family"
"Q9C037","TRIM/RBCC family"
"Q9C040","TRIM/RBCC family"
"Q9C091","GREB1 family"
"Q9C098","Protein kinase superfamily, CAMK Ser/Thr protein kinase family, CaMK subfamily"
"Q9C0A0","Neurexin family"
"Q9C0B0","Unkempt family"
"Q9C0B1","Fto family"
"Q9C0B2","CFAP74 family"
"Q9C0B5","DHHC palmitoyltransferase family, ERF2/ZDHHC9 subfamily"
"Q9C0C4","Semaphorin family"
"Q9C0C7","WD repeat AMBRA1 family"
"Q9C0C9","Ubiquitin-conjugating enzyme family"
"Q9C0D0","Phosphatase and actin regulator family"
"Q9C0D3","Zyg-11 family"
"Q9C0D5","TANC family"
"Q9C0D9","CDP-alcohol phosphatidyltransferase class-I family"
"Q9C0E2","Exportin family"
"Q9C0E8","Lunapark family"
"Q9C0F0","Asx family"
"Q9C0F3","Krueppel C2H2-type zinc-finger protein family"
"Q9C0G6","Dynein heavy chain family"
"Q9C0H2","Tweety family"
"Q9C0H9","SRCIN1 family"
"Q9C0I1","Protein-tyrosine phosphatase family, Non-receptor class myotubularin subfamily"
"Q9C0J1","Glycosyltransferase 31 family"
"Q9C0J8","WD repeat WDR33 family"
"Q9C0K1","ZIP transporter (TC 2.A.5) family"
"Q9C0K7","Protein kinase superfamily, STE Ser/Thr protein kinase family, STE20 subfamily"
"Q9GZL7","WD repeat WDR12/YTM1 family"
"Q9GZM5","YIP1 family"
"Q9GZM7","Peptidase C1 family"
"Q9GZM8","NudE family"
"Q9GZN0","G-protein coupled receptor 1 family"
"Q9GZN1","Actin family, ARP6 subfamily"
"Q9GZN2","TALE/TGIF homeobox family"
"Q9GZN4","Peptidase S1 family"
"Q9GZN7","Rogdi family"
"Q9GZP0","PDGF/VEGF growth factor family"
"Q9GZP9","Derlin family"
"Q9GZQ3","COMM domain-containing protein 5 family"
"Q9GZQ4","G-protein coupled receptor 1 family"
"Q9GZQ6","G-protein coupled receptor 1 family"
"Q9GZQ8","ATG8 family"
"Q9GZR1","Peptidase C48 family"
"Q9GZR2","REXO4 family"
"Q9GZR5","ELO family, ELOVL4 subfamily"
"Q9GZR7","DEAD box helicase family, DDX24/MAK5 subfamily"
"Q9GZS0","Dynein intermediate chain family"
"Q9GZS1","Eukaryotic RPA49/POLR1E RNA polymerase subunit family"
"Q9GZS3","SKI8 family"
"Q9GZS9","Sulfotransferase 1 family, Gal/GlcNAc/GalNAc subfamily"
"Q9GZT4","Serine/threonine dehydratase family"
"Q9GZT5","Wnt family"
"Q9GZT8","GTP cyclohydrolase I type 2/NIF3 family"
"Q9GZU1","Transient receptor (TC 1.A.4) family, Polycystin subfamily, MCOLN1 sub-subfamily"
"Q9GZU2","Krueppel C2H2-type zinc-finger protein family"
"Q9GZU5","Small leucine-rich proteoglycan (SLRP) family, SLRP class IV subfamily"
"Q9GZV3","Sodium:solute symporter (SSF) (TC 2.A.21) family"
"Q9GZV4","EIF-5A family"
"Q9GZV7","HAPLN family"
"Q9GZV8","Class V-like SAM-binding methyltransferase superfamily"
"Q9GZV9","Heparin-binding growth factors family"
"Q9GZW8","MS4A family"
"Q9GZX3","Sulfotransferase 1 family, Gal/GlcNAc/GalNAc subfamily"
"Q9GZX5","Krueppel C2H2-type zinc-finger protein family"
"Q9GZX6","IL-10 family"
"Q9GZX7","Cytidine and deoxycytidylate deaminase family"
"Q9GZX9","Twisted gastrulation protein family"
"Q9GZY0","NXF family"
"Q9GZY8","Tango11 family"
"Q9GZZ1","Acetyltransferase family, GNAT subfamily"
"Q9GZZ6","Ligand-gated ion channel (TC 1.A.9) family, Acetylcholine receptor (TC 1.A.9.1) subfamily, Alpha-10/CHRNA10 sub-subfamily"
"Q9GZZ7","GDNFR family"
"Q9GZZ9","Ubiquitin-activating E1 family, UBA5 subfamily"
"Q9H008","HAD-like hydrolase superfamily"
"Q9H015","Major facilitator (TC 2.A.1) superfamily, Organic cation transporter (TC 2.A.1.19) family"
"Q9H019","MTFR1 family"
"Q9H040","Spartan family"
"Q9H061","TMEM126 family"
"Q9H063","MAF1 family"
"Q9H069","DRC3 family"
"Q9H078","ClpA/ClpB family"
"Q9H081","Mis12 family"
"Q9H082","Small GTPase superfamily, Rab family"
"Q9H089","TRAFAC class YlqF/YawG GTPase family, LSG1 subfamily"
"Q9H093","Protein kinase superfamily, CAMK Ser/Thr protein kinase family, SNF1 subfamily"
"Q9H095","DRC9 family"
"Q9H0A0","RNA cytidine acetyltransferase family, NAT10 subfamily"
"Q9H0A8","COMM domain-containing protein 4 family"
"Q9H0A9","Speriolin family"
"Q9H0B6","Kinesin light chain family"
"Q9H0B8","CRISP family"
"Q9H0C2","Mitochondrial carrier (TC 2.A.29) family"
"Q9H0C8","PP2C family"
"Q9H0D6","5'-3' exonuclease family, XRN2/RAT1 subfamily"
"Q9H0E2","Tollip family"
"Q9H0E3","SAP130 family"
"Q9H0E7","Peptidase C19 family, USP44 subfamily"
"Q9H0F7","Small GTPase superfamily, Arf family"
"Q9H0G5","NSRP1 family"
"Q9H0H0","Integrator subunit 2 family"
"Q9H0I3","CFAP263 family"
"Q9H0J9","ARTD/PARP family"
"Q9H0K1","Protein kinase superfamily, CAMK Ser/Thr protein kinase family, SNF1 subfamily"
"Q9H0K6","Pseudouridine synthase TruD family"
"Q9H0N0","Small GTPase superfamily, Rab family"
"Q9H0N5","Pterin-4-alpha-carbinolamine dehydratase family"
"Q9H0P0","Pyrimidine 5'-nucleotidase family"
"Q9H0Q3","FXYD family"
"Q9H0R1","Adaptor complexes medium subunit family"
"Q9H0R5","TRAFAC class dynamin-like GTPase superfamily, GB1/RHD3 GTPase family, GB1 subfamily"
"Q9H0R6","Amidase family, GatA subfamily"
"Q9H0R8","ATG8 family"
"Q9H0S4","DEAD box helicase family, DDX47/RRP3 subfamily"
"Q9H0T7","Small GTPase superfamily, Rab family"
"Q9H0U3","OST3/OST6 family"
"Q9H0U4","Small GTPase superfamily, Rab family"
"Q9H0U6","Universal ribosomal protein uL18 family"
"Q9H0W8","SMG9 family"
"Q9H0X9","OSBP family"
"Q9H0Y0","ATG10 family"
"Q9H0Z9","RBM38 family"
"Q9H112","Cystatin family"
"Q9H115","SNAP family"
"Q9H116","Krueppel C2H2-type zinc-finger protein family"
"Q9H156","SLITRK family"
"Q9H160","ING family"
"Q9H161","Paired homeobox family"
"Q9H169","Stathmin family"
"Q9H172","ABC transporter superfamily, ABCG family, Eye pigment precursor importer (TC 3.A.1.204) subfamily"
"Q9H173","SIL1 family"
"Q9H1A3","METTL9 family"
"Q9H1A4","APC1 family"
"Q9H1B4","NXF family"
"Q9H1B5","Glycosyltransferase 14 family, XylT subfamily"
"Q9H1B7","IRF2BP family"
"Q9H1C4","Unc-93 family"
"Q9H1D0","Transient receptor (TC 1.A.4) family, TrpV subfamily, TRPV6 sub-subfamily"
"Q9H1D9","Eukaryotic RPC34/RPC39 RNA polymerase subunit family"
"Q9H1E1","Pancreatic ribonuclease family"
"Q9H1H9","TRAFAC class myosin-kinesin ATPase superfamily, Kinesin family"
"Q9H1I8","ASCC2 family"
"Q9H1J1","RENT3 family"
"Q9H1J5","Wnt family"
"Q9H1J7","Wnt family"
"Q9H1K1","NifU family"
"Q9H1K4","Mitochondrial carrier (TC 2.A.29) family"
"Q9H1M4","Beta-defensin family"
"Q9H1N7","Nucleotide-sugar transporter family, SLC35B subfamily"
"Q9H1P3","OSBP family"
"Q9H1R2","Protein-tyrosine phosphatase family, Non-receptor class dual specificity subfamily"
"Q9H1R3","Protein kinase superfamily, CAMK Ser/Thr protein kinase family"
"Q9H1U9","Mitochondrial carrier (TC 2.A.29) family"
"Q9H1V8","Sodium:neurotransmitter symporter (SNF) (TC 2.A.22) family"
"Q9H1X1","Flagellar radial spoke RSP9 family"
"Q9H1Y0","ATG5 family"
"Q9H1Y3","G-protein coupled receptor 1 family, Opsin subfamily"
"Q9H201","Epsin family"
"Q9H204","Mediator complex subunit 28 family"
"Q9H211","Cdt1 family"
"Q9H221","ABC transporter superfamily, ABCG family, Eye pigment precursor importer (TC 3.A.1.204) subfamily"
"Q9H222","ABC transporter superfamily, ABCG family, Eye pigment precursor importer (TC 3.A.1.204) subfamily"
"Q9H223","TRAFAC class dynamin-like GTPase superfamily, Dynamin/Fzo/YdjA family, EHD subfamily"
"Q9H227","Glycosyl hydrolase 1 family, Klotho subfamily"
"Q9H228","G-protein coupled receptor 1 family"
"Q9H237","Membrane-bound acyltransferase family, Porcupine subfamily"
"Q9H239","Peptidase M10A family"
"Q9H244","G-protein coupled receptor 1 family"
"Q9H252","Potassium channel family, H (Eag) (TC 1.A.1.20) subfamily, Kv11.2/KCNH6 sub-subfamily"
"Q9H254","Spectrin family"
"Q9H255","G-protein coupled receptor 1 family"
"Q9H267","STXBP/unc-18/SEC1 family"
"Q9H269","VPS16 family"
"Q9H270","VPS11 family"
"Q9H293","IL-17 family"
"Q9H299","SH3BGR family"
"Q9H2A2","Aldehyde dehydrogenase family"
"Q9H2A7","Intercrine alpha (chemokine CxC) family"
"Q9H2A9","Sulfotransferase 2 family"
"Q9H2B2","Synaptotagmin family"
"Q9H2B4","SLC26A/SulP transporter (TC 2.A.53) family"
"Q9H2C2","ARV1 family"
"Q9H2D1","Mitochondrial carrier (TC 2.A.29) family"
"Q9H2E6","Semaphorin family"
"Q9H2F3","3-beta-HSD family"
"Q9H2F5","Enhancer of polycomb family"
"Q9H2G2","Protein kinase superfamily, STE Ser/Thr protein kinase family, STE20 subfamily"
"Q9H2G4","Nucleosome assembly protein (NAP) family"
"Q9H2H8","Cyclophilin-type PPIase family, PPIL3 subfamily"
"Q9H2H9","Amino acid/polyamine transporter 2 family"
"Q9H2J4","Phosducin family"
"Q9H2J7","Sodium:neurotransmitter symporter (SNF) (TC 2.A.22) family, SLC6A15 subfamily"
"Q9H2K0","IF-3 family"
"Q9H2K2","ARTD/PARP family"
"Q9H2K8","Protein kinase superfamily, STE Ser/Thr protein kinase family, STE20 subfamily"
"Q9H2M9","Rab3-GAP regulatory subunit family"
"Q9H2P9","Diphthine synthase family"
"Q9H2R5","Peptidase S1 family, Kallikrein subfamily"
"Q9H2S1","Potassium channel KCNN family, KCa2.2/KCNN2 subfamily"
"Q9H2S6","Chondromodulin-1 family"
"Q9H2S9","Ikaros C2H2-type zinc-finger protein family"
"Q9H2U1","DEAD box helicase family, DEAH subfamily"
"Q9H2U2","PPase family"
"Q9H2V7","Major facilitator superfamily, Spinster (TC 2.A.1.49) family"
"Q9H2W1","MS4A family"
"Q9H2W2","Paired homeobox family"
"Q9H2W6","Mitochondrion-specific ribosomal protein mL46 family"
"Q9H2X0","Chordin family"
"Q9H2X6","Protein kinase superfamily, CMGC Ser/Thr protein kinase family, HIPK subfamily"
"Q9H2X9","SLC12A transporter family, K/Cl co-transporter subfamily"
"Q9H300","Peptidase S54 family"
"Q9H305","CDIP1/LITAF family"
"Q9H306","Peptidase M10A family"
"Q9H307","Pinin family"
"Q9H310","Ammonium transporter (TC 2.A.49) family, Rh subfamily"
"Q9H313","Tweety family"
"Q9H320","VCX/VCY family"
"Q9H361","Polyadenylate-binding protein type-1 family"
"Q9H3D4","P53 family"
"Q9H3F6","BACURD family"
"Q9H3H1","IPP transferase family"
"Q9H3H3","UPF0696 family"
"Q9H3H5","Glycosyltransferase 4 family"
"Q9H3J6","Prokaryotic/mitochondrial release factor family"
"Q9H3K2","BI1 family"
"Q9H3K6","BolA/IbaG family"
"Q9H3M0","Potassium channel family, F (TC 1.A.1.2) subfamily, Kv5.1/KCNF1 sub-subfamily"
"Q9H3M7","Arrestin family"
"Q9H3N8","G-protein coupled receptor 1 family"
"Q9H3P2","NELF-A family"
"Q9H3Q1","BORG/CEP family"
"Q9H3Q3","Galactose-3-O-sulfotransferase family"
"Q9H3R0","JHDM3 histone demethylase family"
"Q9H3R1","Sulfotransferase 1 family, NDST subfamily"
"Q9H3R5","CENP-H/MCM16 family"
"Q9H3S1","Semaphorin family"
"Q9H3S3","Peptidase S1 family"
"Q9H3S4","Thiamine pyrophosphokinase family"
"Q9H3S5","PIGM family"
"Q9H3S7","Protein-tyrosine phosphatase family, Non-receptor class subfamily"
"Q9H3T2","Semaphorin family"
"Q9H3T3","Semaphorin family"
"Q9H3U5","Major facilitator superfamily"
"Q9H3Y6","Protein kinase superfamily, Tyr protein kinase family, SRC subfamily"
"Q9H422","Protein kinase superfamily, CMGC Ser/Thr protein kinase family, HIPK subfamily"
"Q9H427","Two pore domain potassium channel (TC 1.A.1.8) family"
"Q9H444","SNF7 family"
"Q9H461","G-protein coupled receptor Fz/Smo family"
"Q9H467","CUEDC2 family"
"Q9H469","FBXL15 family"
"Q9H477","Carbohydrate kinase PfkB family, Ribokinase subfamily"
"Q9H479","Fructosamine kinase family"
"Q9H488","Glycosyltransferase 65 family"
"Q9H490","PIGU family"
"Q9H492","ATG8 family"
"Q9H497","ClpA/ClpB family, Torsin subfamily"
"Q9H4A3","Protein kinase superfamily, Ser/Thr protein kinase family, WNK subfamily"
"Q9H4A5","GOLPH3/VPS74 family"
"Q9H4A6","GOLPH3/VPS74 family"
"Q9H4A9","Metallo-dependent hydrolases superfamily, Peptidase M19 family"
"Q9H4B0","KAE1 / TsaD family"
"Q9H4B4","Protein kinase superfamily, Ser/Thr protein kinase family, CDC5/Polo subfamily"
"Q9H4B7","Tubulin family"
"Q9H4D0","Calsyntenin family"
"Q9H4D5","NXF family"
"Q9H4E5","Small GTPase superfamily, Rho family"
"Q9H4F1","Glycosyltransferase 29 family"
"Q9H4G4","CRISP family"
"Q9H4H8","FAM83 family"
"Q9H4I2","ZHX family"
"Q9H4I9","SMDT1/EMRE family"
"Q9H4K7","TRAFAC class OBG-HflX-like GTPase superfamily, OBG GTPase family"
"Q9H4L4","Peptidase C48 family"
"Q9H4L5","OSBP family"
"Q9H4L7","SNF2/RAD54 helicase family"
"Q9H4M9","TRAFAC class dynamin-like GTPase superfamily, Dynamin/Fzo/YdjA family, EHD subfamily"
"Q9H4Q3","Class V-like SAM-binding methyltransferase superfamily"
"Q9H4Q4","Class V-like SAM-binding methyltransferase superfamily"
"Q9H4S2","Antp homeobox family"
"Q9H4T2","Krueppel C2H2-type zinc-finger protein family"
"Q9H4W6","COE family"
"Q9H4Y5","GST superfamily, Omega family"
"Q9H4Z2","Krueppel C2H2-type zinc-finger protein family"
"Q9H4Z3","CAPAM family"
"Q9H503","BAF family"
"Q9H553","Glycosyltransferase group 1 family, Glycosyltransferase 4 subfamily"
"Q9H582","Krueppel C2H2-type zinc-finger protein family"
"Q9H583","HEATR1/UTP10 family"
"Q9H596","Protein-tyrosine phosphatase family, Non-receptor class dual specificity subfamily"
"Q9H598","Amino acid/polyamine transporter 2 family"
"Q9H5F2","CFAP68 family"
"Q9H5H4","Krueppel C2H2-type zinc-finger protein family"
"Q9H5I1","Class V-like SAM-binding methyltransferase superfamily, Histone-lysine methyltransferase family, Suvar3-9 subfamily"
"Q9H5I5","PIEZO (TC 1.A.75) family"
"Q9H5J4","ELO family, ELOVL6 subfamily"
"Q9H5K3","Protein kinase superfamily, Ser/Thr protein kinase family, STKL subfamily"
"Q9H5N1","Rabaptin family"
"Q9H5Q4","Class I-like SAM-binding methyltransferase superfamily, rRNA adenine N(6)-methyltransferase family, KsgA subfamily"
"Q9H5U6","ZCCHC4 family"
"Q9H5V7","Ikaros C2H2-type zinc-finger protein family"
"Q9H5V9","STEEP1 family"
"Q9H5X1","MIP18 family"
"Q9H5Y7","SLITRK family"
"Q9H5Z1","DEAD box helicase family, DEAH subfamily"
"Q9H5Z6","FAM124 family"
"Q9H611","Helicase family, PIF1 subfamily"
"Q9H633","Eukaryotic/archaeal RNase P protein component 4 family"
"Q9H649","Class I-like SAM-binding methyltransferase superfamily, RsmB/NOP family"
"Q9H668","STN1 family"
"Q9H672","Ankyrin SOCS box (ASB) family"
"Q9H694","BicC family"
"Q9H6B9","AB hydrolase superfamily, Epoxide hydrolase family"
"Q9H6D3","XK family"
"Q9H6D7","HAUS4 family"
"Q9H6E4","CCDC134 family"
"Q9H6E5","DNA polymerase type-B-like family"
"Q9H6H4","DP1 family"
"Q9H6J7","CSTPP1 family"
"Q9H6K4","OPA3 family"
"Q9H6L2","TMEM231 family"
"Q9H6L5","RETREG family"
"Q9H6P5","Ntn-hydrolase family"
"Q9H6Q4","NARF family"
"Q9H6R0","DEAD box helicase family, DEAH subfamily"
"Q9H6R3","ATP-dependent AMP-binding enzyme family"
"Q9H6R4","NRAP family"
"Q9H6R6","DHHC palmitoyltransferase family"
"Q9H6S0","DEAD box helicase family, DEAH subfamily"
"Q9H6S3","EPS8 family"
"Q9H6T0","ESRP family"
"Q9H6T3","RPAP3 family"
"Q9H6U6","BCAS3 family"
"Q9H6U8","Glycosyltransferase 22 family"
"Q9H6V9","AB hydrolase superfamily, LDAH family"
"Q9H6W3","ROX family, NO66 subfamily"
"Q9H6X2","ATR family"
"Q9H6Y7","Godzilla family"
"Q9H706","GAREM family"
"Q9H707","Krueppel C2H2-type zinc-finger protein family"
"Q9H741","SPRING family"
"Q9H765","Ankyrin SOCS box (ASB) family"
"Q9H772","DAN family"
"Q9H777","RNase Z family"
"Q9H790","EXO5 family"
"Q9H792","Protein kinase superfamily"
"Q9H7B2","RPF2 family"
"Q9H7B4","Class V-like SAM-binding methyltransferase superfamily, Histone-lysine methyltransferase family"
"Q9H7C4","Intermediate filament family"
"Q9H7D0","DOCK family"
"Q9H7E9","UPF0488 family"
"Q9H7F0","Cation transport ATPase (P-type) (TC 3.A.3) family, Type V subfamily"
"Q9H7H0","Methyltransferase superfamily, Rsm22 family"
"Q9H7L9","SDS3 family"
"Q9H7N4","Splicing factor SR family"
"Q9H7P6","MVB12 family"
"Q9H7S9","Elbow/Noc family"
"Q9H7T9","AUNIP family"
"Q9H7V2","CD225/Dispanin family"
"Q9H7X0","Acetyltransferase family, NAA60 subfamily"
"Q9H7X3","Krueppel C2H2-type zinc-finger protein family"
"Q9H7Z3","NRDE2 family"
"Q9H7Z6","MYST (SAS/MOZ) family"
"Q9H7Z7","GST superfamily"
"Q9H808","WD repeat Groucho/TLE family"
"Q9H813","Proton-activated chloride channel family"
"Q9H814","PHAX family"
"Q9H816","DNA repair metallo-beta-lactamase (DRMBL) family"
"Q9H825","Methyltransferase superfamily, METL family"
"Q9H832","Ubiquitin-conjugating enzyme family"
"Q9H840","Gemin-7 family"
"Q9H845","Acyl-CoA dehydrogenase family"
"Q9H867","Methyltransferase superfamily, METTL21 family"
"Q9H875","PRKRIP1 family"
"Q9H8H2","DEAD box helicase family, DDX31/DBP7 subfamily"
"Q9H8H3","Methyltransferase superfamily"
"Q9H8M5","ACDP family"
"Q9H8M7","MINDY deubiquitinase family, FAM188 subfamily"
"Q9H8M9","EVA1 family"
"Q9H8P0","Steroid 5-alpha reductase family, Polyprenal reductase subfamily"
"Q9H8S9","MOB1/phocein family"
"Q9H8T0","Ubiquitin-conjugating enzyme family, FTS subfamily"
"Q9H8W5","TRIM/RBCC family"
"Q9H8X2","IPK1 type 2 family"
"Q9H8X9","DHHC palmitoyltransferase family"
"Q9H8Y5","ANKZF1/VMS1 family"
"Q9H8Y8","GORASP family"
"Q9H900","ZWILCH family"
"Q9H902","DP1 family"
"Q9H903","Tetrahydrofolate dehydrogenase/cyclohydrolase family"
"Q9H910","JUPITER family"
"Q9H936","Mitochondrial carrier (TC 2.A.29) family"
"Q9H944","Mediator complex subunit 20 family"
"Q9H974","Queuine tRNA-ribosyltransferase family, QTRT2 subfamily"
"Q9H981","Actin family, ARP8 subfamily"
"Q9H987","Synaptopodin family"
"Q9H993","Damage-control phosphatase family, Sugar phosphate phosphatase III subfamily"
"Q9H999","Type II pantothenate kinase family"
"Q9H9A5","CNOT10 family"
"Q9H9A7","RMI1 family"
"Q9H9B1","Class V-like SAM-binding methyltransferase superfamily"
"Q9H9B4","Sideroflexin family"
"Q9H9C1","SPE39 family"
"Q9H9E3","COG4 family"
"Q9H9F9","Actin family, ARP5 subfamily"
"Q9H9G7","Argonaute family, Ago subfamily"
"Q9H9H4","VPS37 family"
"Q9H9J2","Ribonuclease III family, Mitochondrion-specific ribosomal protein mL44 subfamily"
"Q9H9J4","Peptidase C19 family"
"Q9H9K5","Gamma type-C retroviral envelope protein family"
"Q9H9L7","Akirin family"
"Q9H9P5","Unkempt family"
"Q9H9P8","L2HGDH family"
"Q9H9Q2","CSN7/EIF3M family, CSN7 subfamily"
"Q9H9Q4","XRCC4-XLF family, XLF subfamily"
"Q9H9S0","Nanog homeobox family"
"Q9H9S5","LicD transferase family"
"Q9H9T3","ELP3 family"
"Q9H9V9","JMJD6 family"
"Q9H9Y6","RNA polymerase beta chain family"
"Q9H9Z2","Lin-28 family"
"Q9HA47","Uridine kinase family"
"Q9HA72","CALHM family"
"Q9HA77","Class-I aminoacyl-tRNA synthetase family"
"Q9HAB3","Riboflavin transporter family"
"Q9HAB8","PPC synthetase family"
"Q9HAC7","CoA-transferase III family"
"Q9HAF1","EAF6 family"
"Q9HAJ7","SAP30 family"
"Q9HAK2","COE family"
"Q9HAN9","Eukaryotic NMN adenylyltransferase family"
"Q9HAP6","Lin-7 family"
"Q9HAQ2","TRAFAC class myosin-kinesin ATPase superfamily, Kinesin family"
"Q9HAR2","G-protein coupled receptor 2 family, LN-TM7 subfamily"
"Q9HAS3","Concentrative nucleoside transporter (CNT) (TC 2.A.41) family"
"Q9HAT0","Ropporin family"
"Q9HAT8","Pellino family"
"Q9HAU8","Peptidase M1 family"
"Q9HAV0","WD repeat G protein beta family"
"Q9HAV4","Exportin family"
"Q9HAV7","GrpE family"
"Q9HAW0","TFIIB family"
"Q9HAW4","Claspin family"
"Q9HAW7","UDP-glycosyltransferase family"
"Q9HAW8","UDP-glycosyltransferase family"
"Q9HAW9","UDP-glycosyltransferase family"
"Q9HAY6","Carotenoid oxygenase family"
"Q9HAZ1","Protein kinase superfamily, CMGC Ser/Thr protein kinase family, Lammer subfamily"
"Q9HAZ2","PRDM16 family"
"Q9HB03","ELO family, ELOVL3 subfamily"
"Q9HB07","MYG1 family"
"Q9HB14","Two pore domain potassium channel (TC 1.A.1.8) family"
"Q9HB15","Two pore domain potassium channel (TC 1.A.1.8) family"
"Q9HB29","Interleukin-1 receptor family"
"Q9HB55","Cytochrome P450 family"
"Q9HB65","ELL/occludin family"
"Q9HB89","G-protein coupled receptor 1 family"
"Q9HB90","GTR/RAG GTP-binding protein family"
"Q9HBA0","Transient receptor (TC 1.A.4) family, TrpV subfamily, TRPV4 sub-subfamily"
"Q9HBE1","Krueppel C2H2-type zinc-finger protein family"
"Q9HBE4","IL-15/IL-21 family"
"Q9HBE5","Type I cytokine receptor family, Type 4 subfamily"
"Q9HBG4","V-ATPase 116 kDa subunit family"
"Q9HBH0","Small GTPase superfamily, Rho family"
"Q9HBH1","Polypeptide deformylase family"
"Q9HBH5","Short-chain dehydrogenases/reductases (SDR) family"
"Q9HBH7","BEX family"
"Q9HBH9","Protein kinase superfamily, CAMK Ser/Thr protein kinase family"
"Q9HBI0","Parvin family"
"Q9HBI1","Parvin family"
"Q9HBI6","Cytochrome P450 family"
"Q9HBJ7","Peptidase C19 family"
"Q9HBJ8","CLTRN family"
"Q9HBK9","Methyltransferase superfamily, Arsenite methyltransferase family"
"Q9HBL0","PTEN phosphatase protein family"
"Q9HBL8","NmrA-type oxidoreductase family"
"Q9HBM0","Vezatin family"
"Q9HBM1","SPC25 family"
"Q9HBM6","TAF9 family"
"Q9HBT8","Krueppel C2H2-type zinc-finger protein family"
"Q9HBU1","BAR homeobox family"
"Q9HBU6","Choline/ethanolamine kinase family"
"Q9HBW0","G-protein coupled receptor 1 family"
"Q9HBW9","G-protein coupled receptor 2 family, Adhesion G-protein coupled receptor (ADGR) subfamily"
"Q9HBX8","G-protein coupled receptor 1 family"
"Q9HBX9","G-protein coupled receptor 1 family"
"Q9HBY8","Protein kinase superfamily, AGC Ser/Thr protein kinase family"
"Q9HC07","GDT1 family"
"Q9HC10","Ferlin family"
"Q9HC16","Cytidine and deoxycytidylate deaminase family"
"Q9HC21","Mitochondrial carrier (TC 2.A.29) family"
"Q9HC23","AVIT (prokineticin) family"
"Q9HC24","BI1 family, LFG subfamily"
"Q9HC29","NOD1-NOD2 family"
"Q9HC35","WD repeat EMAP family"
"Q9HC36","Class IV-like SAM-binding methyltransferase superfamily, RNA methyltransferase TrmH family"
"Q9HC58","Ca(2+):cation antiporter (CaCA) (TC 2.A.19) family, SLC24A subfamily"
"Q9HC62","Peptidase C48 family"
"Q9HC73","Type I cytokine receptor family, Type 5 subfamily"
"Q9HC77","TCP10 family"
"Q9HC96","Peptidase C2 family"
"Q9HC97","G-protein coupled receptor 1 family"
"Q9HC98","Protein kinase superfamily, NEK Ser/Thr protein kinase family, NIMA subfamily"
"Q9HCC0","AccD/PCCB family"
"Q9HCC8","Glycerophosphoryl diester phosphodiesterase family"
"Q9HCC9","Lst-2 family"
"Q9HCD6","TANC family"
"Q9HCE0","EPG5 family"
"Q9HCE1","DNA2/NAM7 helicase family, SDE3 subfamily"
"Q9HCE5","MT-A70-like family"
"Q9HCE9","Anoctamin family"
"Q9HCF6","Transient receptor (TC 1.A.4) family, LTrpC subfamily, TRPM3 sub-subfamily"
"Q9HCG7","Non-lysosomal glucosylceramidase family"
"Q9HCG8","CWC22 family"
"Q9HCH3","Copine family"
"Q9HCI7","MSL2 family"
"Q9HCJ0","GW182 family"
"Q9HCJ1","ANKH family"
"Q9HCK4","Immunoglobulin superfamily, ROBO family"
"Q9HCK5","Argonaute family, Ago subfamily"
"Q9HCK8","SNF2/RAD54 helicase family, CHD8 subfamily"
"Q9HCL2","GPAT/DAPAT family"
"Q9HCM2","Plexin family"
"Q9HCM3","UPF0606 family"
"Q9HCM9","TRIM/RBCC family"
"Q9HCN3","TMEM8 family"
"Q9HCN4","GPN-loop GTPase family"
"Q9HCP0","Protein kinase superfamily, CK1 Ser/Thr protein kinase family, Casein kinase I subfamily"
"Q9HCP6","Membrane-bound acyltransferase family, HHAT subfamily"
"Q9HCQ5","Glycosyltransferase 2 family, GalNAc-T subfamily"
"Q9HCQ7","FARP (FMRFamide related peptide) family"
"Q9HCR9","Cyclic nucleotide phosphodiesterase family"
"Q9HCS2","Cytochrome P450 family"
"Q9HCS4","TCF/LEF family"
"Q9HCS7","Crooked-neck family"
"Q9HCU4","G-protein coupled receptor 2 family, LN-TM7 subfamily"
"Q9HCU8","DNA polymerase delta subunit 4 family"
"Q9HCU9","BRMS1 family"
"Q9HCX3","Krueppel C2H2-type zinc-finger protein family"
"Q9HCX4","Transient receptor (TC 1.A.4) family, STrpC subfamily, TRPC7 sub-subfamily"
"Q9HCY8","S-100 family"
"Q9HD15","SRA1 family"
"Q9HD20","Cation transport ATPase (P-type) (TC 3.A.3) family, Type V subfamily"
"Q9HD23","CorA metal ion transporter (MIT) (TC 1.A.35) family"
"Q9HD34","Complex I LYR family"
"Q9HD36","Bcl-2 family"
"Q9HD40","SepSecS family"
"Q9HD42","SNF7 family"
"Q9HD43","Protein-tyrosine phosphatase family, Receptor class 3 subfamily"
"Q9HD47","MOG1 family"
"Q9HD67","TRAFAC class myosin-kinesin ATPase superfamily, Myosin family"
"Q9HD89","Resistin/FIZZ family"
"Q9HDB5","Neurexin family"
"Q9HDC5","Junctophilin family"
"Q9HDC9","Strictosidine synthase family"
"Q9HDD0","H-rev107 family"
"Q9N2K0","Gamma type-C retroviral envelope protein family, HERV class-I H env subfamily"
"Q9NNW5","WD repeat WDR6 family"
"Q9NNW7","Class-I pyridine nucleotide-disulfide oxidoreductase family"
"Q9NNX1","Tuftelin family"
"Q9NP08","HMX homeobox family"
"Q9NP50","SINHCAF family"
"Q9NP55","BPI/LBP/Plunc superfamily, Plunc family"
"Q9NP56","Cyclic nucleotide phosphodiesterase family, PDE7 subfamily"
"Q9NP58","ABC transporter superfamily, ABCB family, Heavy Metal importer (TC 3.A.1.210) subfamily"
"Q9NP59","Ferroportin (FP) (TC 2.A.100) family, SLC40A subfamily"
"Q9NP60","Interleukin-1 receptor family"
"Q9NP70","Ameloblastin family"
"Q9NP72","Small GTPase superfamily, Rab family"
"Q9NP73","Glycosyltransferase 28 family"
"Q9NP74","Paralemmin family"
"Q9NP77","SSU72 phosphatase family"
"Q9NP78","ABC transporter superfamily, ABCB family, MHC peptide exporter (TC 3.A.1.209) subfamily"
"Q9NP79","VTA1 family"
"Q9NP81","Class-II aminoacyl-tRNA synthetase family, Type-1 seryl-tRNA synthetase subfamily"
"Q9NP85","Band 7/mec-2 family"
"Q9NP87","DNA polymerase type-X family"
"Q9NP90","Small GTPase superfamily, Rab family"
"Q9NP91","Sodium:neurotransmitter symporter (SNF) (TC 2.A.22) family, SLC6A20 subfamily"
"Q9NP94","ZIP transporter (TC 2.A.5) family"
"Q9NP95","Heparin-binding growth factors family"
"Q9NP97","GAMAD family"
"Q9NP98","Myozenin family"
"Q9NPA0","EMC7 family"
"Q9NPA1","KCNMB (TC 8.A.14.1) family, KCNMB3 subfamily"
"Q9NPA2","Peptidase M10A family"
"Q9NPA3","SPOT14 family"
"Q9NPA8","ENY2 family"
"Q9NPB0","SAYSD1 family"
"Q9NPB1","5'(3')-deoxyribonucleotidase family"
"Q9NPB6","PAR6 family"
"Q9NPB9","G-protein coupled receptor 1 family, Atypical chemokine receptor subfamily"
"Q9NPC1","G-protein coupled receptor 1 family"
"Q9NPC2","Two pore domain potassium channel (TC 1.A.1.8) family"
"Q9NPC4","Glycosyltransferase 32 family"
"Q9NPC6","Myozenin family"
"Q9NPC7","Krueppel C2H2-type zinc-finger protein family"
"Q9NPC8","SIX/Sine oculis homeobox family"
"Q9NPD3","RNase PH family"
"Q9NPD5","Organo anion transporter (TC 2.A.60) family"
"Q9NPD8","Ubiquitin-conjugating enzyme family"
"Q9NPE2","Neugrin family"
"Q9NPE3","NOP10 family"
"Q9NPF2","Sulfotransferase 2 family"
"Q9NPF4","KAE1 / TsaD family"
"Q9NPF7","IL-6 superfamily"
"Q9NPG1","G-protein coupled receptor Fz/Smo family"
"Q9NPG2","Globin family"
"Q9NPG3","Ubinuclein family"
"Q9NPG8","DHHC palmitoyltransferase family"
"Q9NPH0","Histidine acid phosphatase family"
"Q9NPH2","Myo-inositol 1-phosphate synthase family"
"Q9NPH3","Interleukin-1 receptor family"
"Q9NPH9","IL-10 family"
"Q9NPI0","TMEM138 family"
"Q9NPI5","Uridine kinase family, NRK subfamily"
"Q9NPI6","DCP1 family"
"Q9NPI9","Inward rectifier-type potassium channel (TC 1.A.2.1) family, KCNJ16 subfamily"
"Q9NPJ1","TCP-1 chaperonin family"
"Q9NPJ3","Thioesterase PaaI family"
"Q9NPJ4","PNRC family, PNRC2 subfamily"
"Q9NPJ6","Mediator complex subunit 4 family"
"Q9NPL8","Tim17/Tim22/Tim23 family"
"Q9NPQ8","Synembryn family"
"Q9NPR2","Semaphorin family"
"Q9NPR9","LU7TM family"
"Q9NPZ5","Glycosyltransferase 43 family"
"Q9NQ11","Cation transport ATPase (P-type) (TC 3.A.3) family, Type V subfamily"
"Q9NQ29","Luc7 family"
"Q9NQ34","TMEM9 family"
"Q9NQ40","Riboflavin transporter family"
"Q9NQ48","LZTFL1 family"
"Q9NQ50","Mitochondrion-specific ribosomal protein mL40 family"
"Q9NQ75","CAS family"
"Q9NQ76","PF07175/osteoregulin family"
"Q9NQ84","G-protein coupled receptor 3 family"
"Q9NQ86","TRIM/RBCC family"
"Q9NQ87","HEY family"
"Q9NQ88","Phosphoglycerate mutase family"
"Q9NQ90","Anoctamin family"
"Q9NQA5","Transient receptor (TC 1.A.4) family, TrpV subfamily, TRPV5 sub-subfamily"
"Q9NQB0","TCF/LEF family"
"Q9NQC1","JADE family"
"Q9NQC7","Peptidase C19 family"
"Q9NQC8","IFT46 family"
"Q9NQE9","HINT family"
"Q9NQG1","UPF0239 family"
"Q9NQG5","UPF0400 (RTT103) family"
"Q9NQG6","SMCR7 family"
"Q9NQH7","Peptidase M24B family"
"Q9NQI0","DEAD box helicase family, DDX4/VASA subfamily"
"Q9NQL2","GTR/RAG GTP-binding protein family"
"Q9NQL9","DMRT family"
"Q9NQM4","PIH1 family"
"Q9NQP4","Prefoldin subunit beta family"
"Q9NQQ7","TPT transporter family, SLC35C subfamily"
"Q9NQR1","Class V-like SAM-binding methyltransferase superfamily, Histone-lysine methyltransferase family, PR/SET subfamily"
"Q9NQR4","Carbon-nitrogen hydrolase superfamily, NIT1/NIT2 family"
"Q9NQR9","Glucose-6-phosphatase family"
"Q9NQS3","Nectin family"
"Q9NQS5","G-protein coupled receptor 1 family"
"Q9NQS7","INCENP family"
"Q9NQT4","RNase PH family"
"Q9NQT5","RRP40 family"
"Q9NQT8","TRAFAC class myosin-kinesin ATPase superfamily, Kinesin family"
"Q9NQU5","Protein kinase superfamily, STE Ser/Thr protein kinase family, STE20 subfamily"
"Q9NQV5","Class V-like SAM-binding methyltransferase superfamily"
"Q9NQV6","Class V-like SAM-binding methyltransferase superfamily"
"Q9NQV7","Class V-like SAM-binding methyltransferase superfamily"
"Q9NQV8","Class V-like SAM-binding methyltransferase superfamily"
"Q9NQW1","WD repeat SEC31 family"
"Q9NQW7","Peptidase M24B family"
"Q9NQW8","Cyclic nucleotide-gated cation channel (TC 1.A.1.5) family, CNGB3 subfamily"
"Q9NQX0","Class V-like SAM-binding methyltransferase superfamily"
"Q9NQX1","Class V-like SAM-binding methyltransferase superfamily"
"Q9NQX3","MoaB/Mog family"
"Q9NQX3"," MoeA family"
"Q9NQX4","TRAFAC class myosin-kinesin ATPase superfamily, Myosin family"
"Q9NQX5","NPDC1/cab-1 family"
"Q9NQX7","ITM2 family"
"Q9NQZ2","SAS10 family"
"Q9NQZ3","RRM DAZ family"
"Q9NQZ7","GDA1/CD39 NTPase family"
"Q9NQZ8","Krueppel C2H2-type zinc-finger protein family"
"Q9NR09","BIRC6 family"
"Q9NR11","Krueppel C2H2-type zinc-finger protein family"
"Q9NR19","ATP-dependent AMP-binding enzyme family"
"Q9NR20","Protein kinase superfamily, CMGC Ser/Thr protein kinase family, MNB/DYRK subfamily"
"Q9NR21","ARTD/PARP family"
"Q9NR22","Class I-like SAM-binding methyltransferase superfamily, Protein arginine N-methyltransferase family, PRMT8 subfamily"
"Q9NR23","TGF-beta family"
"Q9NR28","Smac/DIABLO protein family"
"Q9NR30","DEAD box helicase family, DDX21/DDX50 subfamily"
"Q9NR31","Small GTPase superfamily, SAR1 family"
"Q9NR34","Glycosyl hydrolase 47 family"
"Q9NR46","Endophilin family"
"Q9NR48","Class V-like SAM-binding methyltransferase superfamily, Histone-lysine methyltransferase family, SET2 subfamily"
"Q9NR50","EIF-2B gamma/epsilon subunits family"
"Q9NR55","BZIP family"
"Q9NR56","Muscleblind family"
"Q9NR63","Cytochrome P450 family"
"Q9NR71","Neutral ceramidase family"
"Q9NR82","Potassium channel family, KQT (TC 1.A.1.15) subfamily, Kv7.5/KCNQ5 sub-subfamily"
"Q9NR90","RRM DAZ family"
"Q9NR96","Toll-like receptor family"
"Q9NR97","Toll-like receptor family"
"Q9NRA1","PDGF/VEGF growth factor family"
"Q9NRA2","Major facilitator superfamily, Sodium/anion cotransporter family"
"Q9NRA8","4E-T/EIF4E-T family"
"Q9NRB3","Sulfotransferase 2 family"
"Q9NRC1","ST7 family"
"Q9NRC6","Spectrin family"
"Q9NRC8","Sirtuin family, Class IV subfamily"
"Q9NRD8","Peroxidase family"
"Q9NRD9","Peroxidase family"
"Q9NRE1","Peptidase M10A family"
"Q9NRE2","Teashirt C2H2-type zinc-finger protein family"
"Q9NRF2","SH2B adapter family"
"Q9NRF8","CTP synthase family"
"Q9NRG1","Purine/pyrimidine phosphoribosyltransferase family"
"Q9NRG4","Class V-like SAM-binding methyltransferase superfamily"
"Q9NRH2","Protein kinase superfamily, CAMK Ser/Thr protein kinase family"
"Q9NRH3","Tubulin family"
"Q9NRJ3","Intercrine beta (chemokine CC) family"
"Q9NRJ4","TUB family"
"Q9NRK6","ABC transporter superfamily, ABCB family, Mitochondrial peptide exporter (TC 3.A.1.212) subfamily"
"Q9NRL2","WAL family"
"Q9NRL3","WD repeat striatin family"
"Q9NRM0","Major facilitator superfamily, Sugar transporter (TC 2.A.1.1) family, Glucose transporter subfamily"
"Q9NRM7","Protein kinase superfamily, AGC Ser/Thr protein kinase family"
"Q9NRN7","P-Pant transferase superfamily, AcpS family"
"Q9NRN9","Methyltransferase superfamily, PrmA family"
"Q9NRP0","OSTC family"
"Q9NRP7","Protein kinase superfamily, Ser/Thr protein kinase family"
"Q9NRQ2","Phospholipid scramblase family"
"Q9NRQ5","SMCO4 family"
"Q9NRR2","Peptidase S1 family, Tryptase subfamily"
"Q9NRR3","CDC42SE/SPEC family"
"Q9NRR4","Ribonuclease III family"
"Q9NRR6","Inositol 1,4,5-trisphosphate 5-phosphatase type IV family"
"Q9NRR8","CDC42SE/SPEC family"
"Q9NRS4","Peptidase S1 family"
"Q9NRS6","Sorting nexin family"
"Q9NRW1","Small GTPase superfamily, Rab family"
"Q9NRW3","Cytidine and deoxycytidylate deaminase family"
"Q9NRW4","Protein-tyrosine phosphatase family, Non-receptor class dual specificity subfamily"
"Q9NRW7","STXBP/unc-18/SEC1 family"
"Q9NRX1","PNO1 family"
"Q9NRX2","Bacterial ribosomal protein bL17 family"
"Q9NRX4","Janus family"
"Q9NRX5","TDE1 family"
"Q9NRX6","KISH family"
"Q9NRY2","SOSS-C family"
"Q9NRY6","Phospholipid scramblase family"
"Q9NRY7","Phospholipid scramblase family"
"Q9NRZ5","1-acyl-sn-glycerol-3-phosphate acyltransferase family"
"Q9NRZ7","1-acyl-sn-glycerol-3-phosphate acyltransferase family"
"Q9NRZ9","SNF2/RAD54 helicase family"
"Q9NS00","Glycosyltransferase 31 family, Beta3-Gal-T subfamily"
"Q9NS15","LTBP family"
"Q9NS18","Glutaredoxin family"
"Q9NS37","BZIP family, ATF subfamily"
"Q9NS40","Potassium channel family, H (Eag) (TC 1.A.1.20) subfamily, Kv11.3/KCNH7 sub-subfamily"
"Q9NS61","Recoverin family"
"Q9NS64","Reprimo family"
"Q9NS69","Tom22 family"
"Q9NS71","Gastrokine family"
"Q9NS75","G-protein coupled receptor 1 family"
"Q9NS82","Amino acid-polyamine-organocation (APC) superfamily"
"Q9NS84","Sulfotransferase 1 family, Gal/GlcNAc/GalNAc subfamily"
"Q9NS86","LanC-like protein family"
"Q9NS87","TRAFAC class myosin-kinesin ATPase superfamily, Kinesin family, KLP2 subfamily"
"Q9NS91","RAD18 family"
"Q9NSA0","Major facilitator (TC 2.A.1) superfamily, Organic cation transporter (TC 2.A.1.19) family"
"Q9NSA1","Heparin-binding growth factors family"
"Q9NSA2","Potassium channel family, D (Shal) (TC 1.A.1.2) subfamily, Kv4.1/KCND1 sub-subfamily"
"Q9NSA3","CTNNBIP1 family"
"Q9NSB2","Intermediate filament family"
"Q9NSB4","Intermediate filament family"
"Q9NSB8","Homer family"
"Q9NSC2","Sal C2H2-type zinc-finger protein family"
"Q9NSC5","Homer family"
"Q9NSC7","Glycosyltransferase 29 family"
"Q9NSD4","Krueppel C2H2-type zinc-finger protein family"
"Q9NSD5","Sodium:neurotransmitter symporter (SNF) (TC 2.A.22) family, SLC6A13 subfamily"
"Q9NSD9","Phenylalanyl-tRNA synthetase beta subunit family, Type 2 subfamily"
"Q9NSE4","Class-I aminoacyl-tRNA synthetase family"
"Q9NSK0","Kinesin light chain family"
"Q9NSK7","C19orf12 family"
"Q9NSN8","Syntrophin family"
"Q9NSU2","Exonuclease superfamily, TREX family"
"Q9NSV4","Formin homology family, Diaphanous subfamily"
"Q9NSY1","Protein kinase superfamily, Ser/Thr protein kinase family"
"Q9NT62","ATG3 family"
"Q9NT68","Tenascin family, Teneurin subfamily"
"Q9NTG1","Polycystin family"
"Q9NTG7","Sirtuin family, Class I subfamily"
"Q9NTI2","Cation transport ATPase (P-type) (TC 3.A.3) family, Type IV subfamily"
"Q9NTI5","PDS5 family"
"Q9NTJ3","SMC family, SMC4 subfamily"
"Q9NTJ4","Glycosyl hydrolase 38 family"
"Q9NTK5","TRAFAC class OBG-HflX-like GTPase superfamily, OBG GTPase family, YchF/OLA1 subfamily"
"Q9NTM9","CutC family"
"Q9NTN3","TPT transporter family, SLC35D subfamily"
"Q9NTN9","Semaphorin family"
"Q9NTQ9","Connexin family, Beta-type (group I) subfamily"
"Q9NTW7","Krueppel C2H2-type zinc-finger protein family"
"Q9NTX9","FAM217 family"
"Q9NU22","Midasin family"
"Q9NU63","Krueppel C2H2-type zinc-finger protein family, ZFP57 subfamily"
"Q9NUB1","ATP-dependent AMP-binding enzyme family"
"Q9NUD9","PIGV family"
"Q9NUE0","DHHC palmitoyltransferase family, ERF2/ZDHHC9 subfamily"
"Q9NUH8","TMEM14 family"
"Q9NUI1","Short-chain dehydrogenases/reductases (SDR) family, 2,4-dienoyl-CoA reductase subfamily"
"Q9NUJ1","AB hydrolase superfamily"
"Q9NUJ3","TCP11 family"
"Q9NUK0","Muscleblind family"
"Q9NUL5","SHFL family"
"Q9NUL7","DEAD box helicase family"
"Q9NUM3","ZIP transporter (TC 2.A.5) family"
"Q9NUM4","TMEM106 family"
"Q9NUN5","LIMR family, LMBRD1 subfamily"
"Q9NUN7","Alkaline ceramidase family"
"Q9NUP9","Lin-7 family"
"Q9NUQ2","1-acyl-sn-glycerol-3-phosphate acyltransferase family"
"Q9NUQ3","Taxilin family"
"Q9NUQ7","Peptidase C78 family"
"Q9NUQ9","CYRI family"
"Q9NUT2","ABC transporter superfamily, ABCB family, Multidrug resistance exporter (TC 3.A.1.201) subfamily"
"Q9NUU6","Peptidase C65 family, Otulin subfamily"
"Q9NUU7","DEAD box helicase family, DDX19/DBP5 subfamily"
"Q9NUV7","Class-II pyridoxal-phosphate-dependent aminotransferase family"
"Q9NUV9","TRAFAC class TrmE-Era-EngA-EngB-Septin-like GTPase superfamily, AIG1/Toc34/Toc159-like paraseptin GTPase family, IAN subfamily"
"Q9NUW8","Tyrosyl-DNA phosphodiesterase family"
"Q9NUX5","Telombin family"
"Q9NV06","WD repeat DCAF13/WDSOF1 family"
"Q9NV23","Thioesterase family"
"Q9NV31","Universal ribosomal protein uS4 family"
"Q9NV35","Nudix hydrolase family"
"Q9NV56","EAF7 family"
"Q9NV58","RBR family, RNF19 subfamily"
"Q9NV64","TMEM39 family"
"Q9NV70","SEC3 family"
"Q9NV79","Methyltransferase superfamily, L-isoaspartyl/D-aspartyl protein methyltransferase family"
"Q9NV88","Metallo-beta-lactamase superfamily, RNA-metabolizing metallo-beta-lactamase-like family, INTS9 subfamily"
"Q9NV96","CDC50/LEM3 family"
"Q9NVA1","CBP3 family"
"Q9NVA2","TRAFAC class TrmE-Era-EngA-EngB-Septin-like GTPase superfamily, Septin GTPase family"
"Q9NVC3","Amino acid/polyamine transporter 2 family"
"Q9NVC6","Mediator complex subunit 17 family"
"Q9NVD3","Class V-like SAM-binding methyltransferase superfamily, SETD4 family"
"Q9NVD7","Parvin family"
"Q9NVE5","Peptidase C19 family"
"Q9NVE7","Type II pantothenate kinase family"
"Q9NVE7"," Damage-control phosphatase family, Phosphopantetheine phosphatase II subfamily"
"Q9NVF9","Choline/ethanolamine kinase family"
"Q9NVH0","EXD2 family"
"Q9NVH1","DNAJC11 family"
"Q9NVH2","Integrator subunit 7 family"
"Q9NVH6","Gamma-BBH/TMLD family"
"Q9NVI1","Fanconi anemia group I protein family"
"Q9NVI7","AAA ATPase family"
"Q9NVJ2","Small GTPase superfamily, Arf family"
"Q9NVK5","SIKE family"
"Q9NVL1","Class I-like SAM-binding methyltransferase superfamily, EEF2KMT family"
"Q9NVM4","Class I-like SAM-binding methyltransferase superfamily, Protein arginine N-methyltransferase family, PRMT7 subfamily"
"Q9NVM9","Integrator subunit 13 family"
"Q9NVN3","Synembryn family"
"Q9NVN8","TRAFAC class YlqF/YawG GTPase family"
"Q9NVP1","DEAD box helicase family, DDX18/HAS1 subfamily"
"Q9NVP2","ASF1 family"
"Q9NVR2","Integrator subunit 10 family"
"Q9NVR5","PIH1 family, Kintoun subfamily"
"Q9NVS9","Pyridoxamine 5'-phosphate oxidase family"
"Q9NVU7","SDA1 family"
"Q9NVV0","TMEM38 family"
"Q9NVV4","DNA polymerase type-B-like family"
"Q9NVV5","AIG1 family"
"Q9NVV9","THAP1 family"
"Q9NVW2","RNF12 family"
"Q9NVX0","HAUS2 family"
"Q9NVX2","NLE1/RSA4 family"
"Q9NW08","RNA polymerase beta chain family"
"Q9NW15","Anoctamin family"
"Q9NW64","SLT11 family"
"Q9NW81","ATP synthase subunit s family"
"Q9NWB6","ARGLU1 family"
"Q9NWB7","IFT57 family"
"Q9NWD8","TMEM248 family"
"Q9NWD9","BEX family"
"Q9NWF4","Riboflavin transporter family"
"Q9NWH2","TMEM242 family"
"Q9NWH7","SPATA6 family"
"Q9NWK9","BCD1 family"
"Q9NWM0","Flavin monoamine oxidase family"
"Q9NWR8","MCU (TC 1.A.77) family"
"Q9NWS0","PIH1 family"
"Q9NWS1","PARI family"
"Q9NWS6","FAM118 family"
"Q9NWS8","RMD1/sif2 family"
"Q9NWS9","Krueppel C2H2-type zinc-finger protein family"
"Q9NWT8","Mitochondrion-specific ribosomal protein mS38 family"
"Q9NWU1","Thiolase-like superfamily, Beta-ketoacyl-ACP synthases family"
"Q9NWU2","GID8 family"
"Q9NWU5","Universal ribosomal protein uL22 family"
"Q9NWV8","BABAM1 family"
"Q9NWW6","Uridine kinase family, NRK subfamily"
"Q9NWW9","H-rev107 family"
"Q9NWX5","Ankyrin SOCS box (ASB) family"
"Q9NWX6","TRNA(His) guanylyltransferase family"
"Q9NWY4","HPF1 family"
"Q9NWZ3","Protein kinase superfamily, TKL Ser/Thr protein kinase family, Pelle subfamily"
"Q9NWZ5","Uridine kinase family"
"Q9NX01","DIM1 family"
"Q9NX02","NLRP family"
"Q9NX07","RRM TRSPAP family"
"Q9NX08","COMM domain-containing protein 8 family"
"Q9NX09","DDIT4 family"
"Q9NX14","Complex I NDUFB11 subunit family"
"Q9NX18","SDHAF2 family"
"Q9NX24","Eukaryotic ribosomal protein eL8 family"
"Q9NX40","OCIAD1 family"
"Q9NX46","ADP-ribosylglycohydrolase family"
"Q9NX52","Peptidase S54 family"
"Q9NX57","Small GTPase superfamily, Rab family"
"Q9NX61","TMEM161 family"
"Q9NX62","Inositol monophosphatase superfamily"
"Q9NX63","MICOS complex subunit Mic19 family, Metazoan Mic19 subfamily"
"Q9NX65","Krueppel C2H2-type zinc-finger protein family"
"Q9NX70","Mediator complex subunit 29 family"
"Q9NX74","Dus family, Dus2 subfamily"
"Q9NX76","Chemokine-like factor family"
"Q9NX78","Glycosyltransferase 117 (GT117) family"
"Q9NXA8","Sirtuin family, Class III subfamily"
"Q9NXB9","ELO family, ELOVL2 subfamily"
"Q9NXC2","Gfo/Idh/MocA family"
"Q9NXC5","WD repeat mio family"
"Q9NXE8","CWC25 family"
"Q9NXF1","IPI1/TEX10 family"
"Q9NXF8","DHHC palmitoyltransferase family"
"Q9NXG2","THUMPD1 family"
"Q9NXH9","Class I-like SAM-binding methyltransferase superfamily, Trm1 family"
"Q9NXJ5","Peptidase C15 family"
"Q9NXL9","MCM family"
"Q9NXR1","NudE family"
"Q9NXR7","BABAM2 family"
"Q9NXR8","ING family"
"Q9NXS2","Glutaminyl-peptide cyclotransferase family"
"Q9NXV6","CARF family"
"Q9NXW2","DnaJ family, DNAJB12/DNAJB14 subfamily"
"Q9NXW9","AlkB family"
"Q9NXX6","NSE4 family"
"Q9NXZ2","DEAD box helicase family"
"Q9NY12","GAR1 family"
"Q9NY26","ZIP transporter (TC 2.A.5) family"
"Q9NY27","PPP4R2 family"
"Q9NY28","Glycosyltransferase 2 family, GalNAc-T subfamily"
"Q9NY30","BTG family"
"Q9NY33","Peptidase M49 family"
"Q9NY35","PMP-22/EMP/MP20 family"
"Q9NY37","Amiloride-sensitive sodium channel (TC 1.A.6) family, ASIC5 subfamily"
"Q9NY46","Sodium channel (TC 1.A.1.10) family, Nav1.3/SCN3A subfamily"
"Q9NY47","Calcium channel subunit alpha-2/delta family"
"Q9NY56","Calycin superfamily, Lipocalin family"
"Q9NY59","Neutral sphingomyelinase family"
"Q9NY61","AATF family"
"Q9NY64","Major facilitator superfamily, Sugar transporter (TC 2.A.1.1) family, Glucose transporter subfamily"
"Q9NY65","Tubulin family"
"Q9NY72","Sodium channel auxiliary subunit SCN3B (TC 8.A.17) family"
"Q9NY91","Sodium:solute symporter (SSF) (TC 2.A.21) family"
"Q9NY93","DEAD box helicase family, DDX56/DBP9 subfamily"
"Q9NY97","Glycosyltransferase 31 family"
"Q9NY99","Syntrophin family"
"Q9NYA3","GOLGA6 family"
"Q9NYA4","Protein-tyrosine phosphatase family, Non-receptor class myotubularin subfamily"
"Q9NYB0","RAP1 family"
"Q9NYB5","Organo anion transporter (TC 2.A.60) family"
"Q9NYB9","ABI family"
"Q9NYC9","Dynein heavy chain family"
"Q9NYD6","Abd-B homeobox family"
"Q9NYF0","Dapper family"
"Q9NYF8","BCLAF1/THRAP3 family"
"Q9NYG2","DHHC palmitoyltransferase family"
"Q9NYG5","RING-box family"
"Q9NYG8","Two pore domain potassium channel (TC 1.A.1.8) family"
"Q9NYH9","UTP6 family"
"Q9NYK1","Toll-like receptor family"
"Q9NYK5","Mitochondrion-specific ribosomal protein mL39 family"
"Q9NYK6","EURL family"
"Q9NYL2","Protein kinase superfamily, STE Ser/Thr protein kinase family, MAP kinase kinase kinase subfamily"
"Q9NYL5","Cytochrome P450 family"
"Q9NYM4","G-protein coupled receptor 1 family"
"Q9NYP3","DONSON family"
"Q9NYP7","ELO family, ELOVL5 subfamily"
"Q9NYP8","EPCIP family"
"Q9NYP9","Mis18 family"
"Q9NYQ3","FMN-dependent alpha-hydroxy acid dehydrogenase family"
"Q9NYQ6","G-protein coupled receptor 2 family, LN-TM7 subfamily"
"Q9NYQ7","G-protein coupled receptor 2 family, LN-TM7 subfamily"
"Q9NYR9","Small GTPase superfamily, Ras family, KappaB-Ras subfamily"
"Q9NYS0","Small GTPase superfamily, Ras family, KappaB-Ras subfamily"
"Q9NYU1","Glycosyltransferase 8 family"
"Q9NYU2","Glycosyltransferase 8 family"
"Q9NYV4","Protein kinase superfamily, CMGC Ser/Thr protein kinase family, CDC2/CDKX subfamily"
"Q9NYV6","RRN3 family"
"Q9NYV7","G-protein coupled receptor T2R family"
"Q9NYV8","G-protein coupled receptor T2R family"
"Q9NYW0","G-protein coupled receptor T2R family"
"Q9NYW4","G-protein coupled receptor T2R family"
"Q9NYW5","G-protein coupled receptor T2R family"
"Q9NYW8","Krueppel C2H2-type zinc-finger protein family"
"Q9NYX4","NSG family"
"Q9NYY1","IL-10 family"
"Q9NYY3","Protein kinase superfamily, Ser/Thr protein kinase family, CDC5/Polo subfamily"
"Q9NYY8","FAST kinase family"
"Q9NYZ1","TVP23 family"
"Q9NYZ2","Mitochondrial carrier (TC 2.A.29) family"
"Q9NYZ4","Immunoglobulin superfamily, SIGLEC (sialic acid binding Ig-like lectin) family"
"Q9NZ01","Steroid 5-alpha reductase family"
"Q9NZ08","Peptidase M1 family"
"Q9NZ20","Phospholipase A2 family"
"Q9NZ42","PEN-2 family"
"Q9NZ43","USE1 family"
"Q9NZ45","CISD protein family"
"Q9NZ52","GGA protein family"
"Q9NZ53","Podocalyxin family"
"Q9NZ56","Formin homology family, Cappuccino subfamily"
"Q9NZ63","TLS1 family"
"Q9NZ71","Helicase family, RAD3/XPD subfamily"
"Q9NZ72","Stathmin family"
"Q9NZ94","Type-B carboxylesterase/lipase family"
"Q9NZA1","Chloride channel CLIC family"
"Q9NZB2","Constitutive coactivator of PPAR-gamma family"
"Q9NZB8","MoaC family"
"Q9NZB8"," Radical SAM superfamily, MoaA family"
"Q9NZC3","Glycerophosphoryl diester phosphodiesterase family"
"Q9NZC4","ETS family"
"Q9NZC7","Short-chain dehydrogenases/reductases (SDR) family"
"Q9NZC9","SNF2/RAD54 helicase family, SMARCAL1 subfamily"
"Q9NZD1","G-protein coupled receptor 3 family"
"Q9NZD2","GLTP family"
"Q9NZD4","AHSP family"
"Q9NZD8","AB hydrolase superfamily"
"Q9NZE8","Bacterial ribosomal protein bL35 family"
"Q9NZG7","Ninjurin family"
"Q9NZH0","G-protein coupled receptor 3 family"
"Q9NZH6","IL-1 family"
"Q9NZH7","IL-1 family"
"Q9NZH8","IL-1 family"
"Q9NZI2","Recoverin family"
"Q9NZI5","Grh/CP2 family, Grainyhead subfamily"
"Q9NZI6","Grh/CP2 family, CP2 subfamily"
"Q9NZI7","Grh/CP2 family, CP2 subfamily"
"Q9NZI8","RRM IMP/VICKZ family"
"Q9NZJ0","WD repeat cdt2 family"
"Q9NZJ5","Protein kinase superfamily, Ser/Thr protein kinase family, GCN2 subfamily"
"Q9NZJ6","Class I-like SAM-binding methyltransferase superfamily, UbiG/COQ3 family"
"Q9NZJ7","Mitochondrial carrier (TC 2.A.29) family"
"Q9NZJ9","Nudix hydrolase family, DIPP subfamily"
"Q9NZK5","Metallo-dependent hydrolases superfamily, Adenosine and AMP deaminases family, ADGF subfamily"
"Q9NZK7","Phospholipase A2 family"
"Q9NZL3","Krueppel C2H2-type zinc-finger protein family"
"Q9NZL9","DTDP-4-dehydrorhamnose reductase family, MAT2B subfamily"
"Q9NZM1","Ferlin family"
"Q9NZM5","NOP53 family"
"Q9NZM6","Polycystin family"
"Q9NZN1","Interleukin-1 receptor family"
"Q9NZN3","TRAFAC class dynamin-like GTPase superfamily, Dynamin/Fzo/YdjA family, EHD subfamily"
"Q9NZN4","TRAFAC class dynamin-like GTPase superfamily, Dynamin/Fzo/YdjA family, EHD subfamily"
"Q9NZN8","CNOT2/3/5 family"
"Q9NZP8","Peptidase S1 family"
"Q9NZQ7","Immunoglobulin superfamily, BTN/MOG family"
"Q9NZQ8","Transient receptor (TC 1.A.4) family, LTrpC subfamily, TRPM5 sub-subfamily"
"Q9NZR1","Tropomodulin family"
"Q9NZR2","LDLR family"
"Q9NZR4","Paired homeobox family"
"Q9NZV6","MsrB Met sulfoxide reductase family"
"Q9NZV7","Krueppel C2H2-type zinc-finger protein family"
"Q9NZV8","Potassium channel family, D (Shal) (TC 1.A.1.2) subfamily, Kv4.2/KCND2 sub-subfamily"
"Q9NZZ3","SNF7 family"
"Q9P000","COMM domain-containing protein 9 family"
"Q9P003","Cornichon family"
"Q9P013","CWC15 family"
"Q9P021","CRIPT family"
"Q9P032","NDUFAF4 family"
"Q9P035","Very long-chain fatty acids dehydratase HACD family"
"Q9P086","Mediator complex subunit 11 family"
"Q9P0G3","Peptidase S1 family, Kallikrein subfamily"
"Q9P0I2","EMC3 family"
"Q9P0J0","Complex I NDUFA13 subunit family"
"Q9P0J1","PP2C family"
"Q9P0J7","KCMF1 family"
"Q9P0L0","VAMP-associated protein (VAP) (TC 9.B.17) family"
"Q9P0L1","Krueppel C2H2-type zinc-finger protein family"
"Q9P0L2","Protein kinase superfamily, CAMK Ser/Thr protein kinase family, SNF1 subfamily"
"Q9P0L9","Polycystin family"
"Q9P0M6","Histone H2A family"
"Q9P0P0","RNF181 family"
"Q9P0R6","GSKIP family"
"Q9P0S2","COX16 family"
"Q9P0S3","ORM family"
"Q9P0S9","TMEM14 family"
"Q9P0T7","TMEM9 family"
"Q9P0U1","Tom7 family"
"Q9P0U3","Peptidase C48 family"
"Q9P0V9","TRAFAC class TrmE-Era-EngA-EngB-Septin-like GTPase superfamily, Septin GTPase family"
"Q9P0W0","Alpha/beta interferon family"
"Q9P0X4","Calcium channel alpha-1 subunit (TC 1.A.1.11) family, CACNA1I subfamily"
"Q9P0Z9","MSOX/MTOX family"
"Q9P109","Glycosyltransferase 14 family"
"Q9P121","Immunoglobulin superfamily, IgLON family"
"Q9P1A6","SAPAP family"
"Q9P1Q0","VPS54 family"
"Q9P1T7","MDFI family"
"Q9P1U0","Archaeal RpoM/eukaryotic RPA12/RPB9/RPC11 RNA polymerase family"
"Q9P1W3","CSC1 (TC 1.A.17) family"
"Q9P1W9","Protein kinase superfamily, CAMK Ser/Thr protein kinase family, PIM subfamily"
"Q9P1Y5","CAMSAP1 family"
"Q9P1Z2","CALCOCO family"
"Q9P1Z3","Potassium channel HCN family"
"Q9P209","CEP72 family"
"Q9P219","CCDC88 family"
"Q9P225","Dynein heavy chain family"
"Q9P232","Immunoglobulin superfamily, Contactin family"
"Q9P241","Cation transport ATPase (P-type) (TC 3.A.3) family, Type IV subfamily"
"Q9P253","VPS18 family"
"Q9P270","SLAIN motif-containing family"
"Q9P272","Methyltransferase superfamily"
"Q9P273","Tenascin family, Teneurin subfamily"
"Q9P275","Peptidase C19 family"
"Q9P278","FNIP family"
"Q9P283","Semaphorin family"
"Q9P286","Protein kinase superfamily, STE Ser/Thr protein kinase family, STE20 subfamily"
"Q9P287","BCP1 family"
"Q9P289","Protein kinase superfamily, STE Ser/Thr protein kinase family, STE20 subfamily"
"Q9P296","G-protein coupled receptor 1 family"
"Q9P2A4","ABI family"
"Q9P2D1","SNF2/RAD54 helicase family"
"Q9P2D3","HEATR5 family"
"Q9P2D7","Dynein heavy chain family"
"Q9P2E2","TRAFAC class myosin-kinesin ATPase superfamily, Kinesin family"
"Q9P2E3","ZNFX1 family"
"Q9P2E5","Chondroitin N-acetylgalactosaminyltransferase family"
"Q9P2F9","Krueppel C2H2-type zinc-finger protein family"
"Q9P2G1","RBR family"
"Q9P2H5","Peptidase C19 family"
"Q9P2I0","Metallo-beta-lactamase superfamily, RNA-metabolizing metallo-beta-lactamase-like family, CPSF2/YSH1 subfamily"
"Q9P2J2","Immunoglobulin superfamily, Turtle family"
"Q9P2J5","Class-I aminoacyl-tRNA synthetase family"
"Q9P2K3","CoREST family"
"Q9P2K8","Protein kinase superfamily, Ser/Thr protein kinase family, GCN2 subfamily"
"Q9P2K9","Patched family"
"Q9P2M7","Cingulin family"
"Q9P2P6","TRAFAC class myosin-kinesin ATPase superfamily, Kinesin family"
"Q9P2R7","Succinate/malate CoA ligase beta subunit family, ATP-specific subunit beta subfamily"
"Q9P2S2","Neurexin family"
"Q9P2T1","IMPDH/GMPR family, GuaC type 1 subfamily"
"Q9P2U7","Major facilitator superfamily, Sodium/anion cotransporter family, VGLUT subfamily"
"Q9P2U8","Major facilitator superfamily, Sodium/anion cotransporter family, VGLUT subfamily"
"Q9P2W1","HOP2 family"
"Q9P2W3","G protein gamma family"
"Q9P2W7","Glycosyltransferase 43 family"
"Q9P2W9","Syntaxin family"
"Q9P2X0","DPM3 family"
"Q9P2X3","IMPACT family"
"Q9P2Y4","Krueppel C2H2-type zinc-finger protein family"
"Q9UBB4","Ataxin-10 family"
"Q9UBB6","Neurochondrin family"
"Q9UBB9","TFP11/STIP family"
"Q9UBC0","CUT homeobox family"
"Q9UBC3","Class I-like SAM-binding methyltransferase superfamily, C5-methyltransferase family"
"Q9UBC5","TRAFAC class myosin-kinesin ATPase superfamily, Myosin family"
"Q9UBC7","Galanin family"
"Q9UBC9","Cornifin (SPRR) family"
"Q9UBD0","HSF family"
"Q9UBD3","Intercrine gamma family"
"Q9UBD5","ORC3 family"
"Q9UBD6","Ammonium transporter (TC 2.A.49) family, Rh subfamily"
"Q9UBD9","IL-6 superfamily"
"Q9UBE0","Ubiquitin-activating E1 family"
"Q9UBE8","Protein kinase superfamily, CMGC Ser/Thr protein kinase family, MAP kinase subfamily"
"Q9UBF2","COPG family"
"Q9UBF6","RING-box family"
"Q9UBF8","PI3/PI4-kinase family, Type III PI4K subfamily"
"Q9UBF9","Myotilin/palladin family"
"Q9UBG3","S100-fused protein family"
"Q9UBH0","IL-1 family"
"Q9UBH6","SYG1 (TC 2.A.94) family"
"Q9UBI1","COMM domain-containing protein 3 family"
"Q9UBI4","Band 7/mec-2 family"
"Q9UBI6","G protein gamma family"
"Q9UBJ2","ABC transporter superfamily, ABCD family, Peroxisomal fatty acyl CoA transporter (TC 3.A.1.203) subfamily"
"Q9UBK5","DAP10 family"
"Q9UBK9","UXT family"
"Q9UBL6","Copine family"
"Q9UBL9","P2X receptor family"
"Q9UBM1","Class VI-like SAM-binding methyltransferase superfamily, PEMT/PEM2 methyltransferase family"
"Q9UBM4","Small leucine-rich proteoglycan (SLRP) family, SLRP class III subfamily"
"Q9UBM7","ERG4/ERG24 family"
"Q9UBM8","Glycosyltransferase 54 family"
"Q9UBN1","PMP-22/EMP/MP20 family, CACNG subfamily"
"Q9UBN4","Transient receptor (TC 1.A.4) family, STrpC subfamily, TRPC4 sub-subfamily"
"Q9UBN7","Histone deacetylase family, HD type 2 subfamily"
"Q9UBP0","AAA ATPase family, Spastin subfamily"
"Q9UBP4","Dickkopf family"
"Q9UBP5","HEY family"
"Q9UBP6","Class I-like SAM-binding methyltransferase superfamily, TrmB family"
"Q9UBP9","Ced-6 family"
"Q9UBQ0","VPS29 family"
"Q9UBQ5","EIF-3 subunit K family"
"Q9UBQ6","Glycosyltransferase 47 family"
"Q9UBQ7","D-isomer specific 2-hydroxyacid dehydrogenase family"
"Q9UBR1","Carbon-nitrogen hydrolase superfamily, BUP family"
"Q9UBR2","Peptidase C1 family"
"Q9UBR5","Chemokine-like factor family"
"Q9UBS0","Protein kinase superfamily, AGC Ser/Thr protein kinase family, S6 kinase subfamily"
"Q9UBS5","G-protein coupled receptor 3 family, GABA-B receptor subfamily"
"Q9UBS8","RBR family, RNF14 subfamily"
"Q9UBT2","Ubiquitin-activating E1 family"
"Q9UBT3","Dickkopf family"
"Q9UBT6","DNA polymerase type-Y family"
"Q9UBT7","Vinculin/alpha-catenin family"
"Q9UBU2","Dickkopf family"
"Q9UBU3","Motilin family"
"Q9UBU9","NXF family"
"Q9UBV2","Sel-1 family"
"Q9UBV4","Wnt family"
"Q9UBV7","Glycosyltransferase 7 family"
"Q9UBW8","CSN7/EIF3M family, CSN7 subfamily"
"Q9UBX0","ANF homeobox family"
"Q9UBX1","Peptidase C1 family"
"Q9UBX2","Paired homeobox family"
"Q9UBX3","Mitochondrial carrier (TC 2.A.29) family"
"Q9UBX5","Fibulin family"
"Q9UBX7","Peptidase S1 family, Kallikrein subfamily"
"Q9UBX8","Glycosyltransferase 7 family"
"Q9UBY0","Monovalent cation:proton antiporter 1 (CPA1) transporter (TC 2.A.36) family"
"Q9UBY5","G-protein coupled receptor 1 family"
"Q9UBY9","Small heat shock protein (HSP20) family"
"Q9UBZ4","DNA repair enzymes AP/ExoA family"
"Q9UBZ9","DNA polymerase type-Y family"
"Q9UC07","Krueppel C2H2-type zinc-finger protein family"
"Q9UD71","Protein phosphatase inhibitor 1 family"
"Q9UDR5","AlaDH/PNT family"
"Q9UDR5"," Saccharopine dehydrogenase family"
"Q9UDV6","Krueppel C2H2-type zinc-finger protein family"
"Q9UDW1","UQCR10/QCR9 family"
"Q9UDY2","MAGUK family"
"Q9UDY6","TRIM/RBCC family"
"Q9UDY8","Peptidase C14B family"
"Q9UEE5","Protein kinase superfamily, CAMK Ser/Thr protein kinase family, DAP kinase subfamily"
"Q9UEF7","Glycosyl hydrolase 1 family, Klotho subfamily"
"Q9UEG4","Krueppel C2H2-type zinc-finger protein family"
"Q9UER7","DAXX family"
"Q9UET6","Class I-like SAM-binding methyltransferase superfamily, RNA methyltransferase RlmE family, TRM7 subfamily"
"Q9UEU0","VTI1 family"
"Q9UEW8","Protein kinase superfamily, STE Ser/Thr protein kinase family, STE20 subfamily"
"Q9UEY8","Aldolase class II family, Adducin subfamily"
"Q9UF12","Proline oxidase family"
"Q9UF33","Protein kinase superfamily, Tyr protein kinase family, Ephrin receptor subfamily"
"Q9UF56","FBXL17 family"
"Q9UFB7","Krueppel C2H2-type zinc-finger protein family"
"Q9UFC0","LRWD1 family"
"Q9UFD9","RIMBP family"
"Q9UFE4","CCDC39 family"
"Q9UFF9","CAF1 family"
"Q9UFG5","UPF0449 family"
"Q9UFH2","Dynein heavy chain family"
"Q9UFP1","GASK family"
"Q9UG01","IFT172 family"
"Q9UG22","TRAFAC class TrmE-Era-EngA-EngB-Septin-like GTPase superfamily, AIG1/Toc34/Toc159-like paraseptin GTPase family, IAN subfamily"
"Q9UG56","Phosphatidylserine decarboxylase family, PSD-B subfamily, Eukaryotic type I sub-subfamily"
"Q9UGB7","Myo-inositol oxygenase family"
"Q9UGC7","Prokaryotic/mitochondrial release factor family"
"Q9UGH3","Nucleobase:cation symporter-2 (NCS2) (TC 2.A.40) family"
"Q9UGI0","Peptidase C64 family"
"Q9UGI6","Potassium channel KCNN family, KCa2.3/KCNN3 subfamily"
"Q9UGI8","Prickle / espinas / testin family"
"Q9UGI9","5'-AMP-activated protein kinase gamma subunit family"
"Q9UGJ0","5'-AMP-activated protein kinase gamma subunit family"
"Q9UGJ1","TUBGCP family"
"Q9UGL1","JARID1 histone demethylase family"
"Q9UGM1","Ligand-gated ion channel (TC 1.A.9) family, Acetylcholine receptor (TC 1.A.9.1) subfamily, Alpha-9/CHRNA9 sub-subfamily"
"Q9UGM3","DMBT1 family"
"Q9UGM5","Fetuin family"
"Q9UGM6","Class-I aminoacyl-tRNA synthetase family"
"Q9UGN4","CD300 family"
"Q9UGN5","ARTD/PARP family"
"Q9UGP4","Zyxin/ajuba family"
"Q9UGP5","DNA polymerase type-X family"
"Q9UGQ2","Calcium channel flower family"
"Q9UGQ3","Major facilitator superfamily, Sugar transporter (TC 2.A.1.1) family, Glucose transporter subfamily"
"Q9UGY1","RRP17 family"
"Q9UH03","TRAFAC class TrmE-Era-EngA-EngB-Septin-like GTPase superfamily, Septin GTPase family"
"Q9UH17","Cytidine and deoxycytidylate deaminase family"
"Q9UH73","COE family"
"Q9UH77","KLHL3 family"
"Q9UHA4","LAMTOR3 family"
"Q9UHA7","IL-1 family"
"Q9UHB4","NADPH-dependent diflavin oxidoreductase NDOR1 family"
"Q9UHB4"," Flavodoxin family"
"Q9UHB4"," Flavoprotein pyridine nucleotide cytochrome reductase family"
"Q9UHB7","AF4 family"
"Q9UHB9","SRP68 family"
"Q9UHC1","DNA mismatch repair MutL/HexB family"
"Q9UHC3","Amiloride-sensitive sodium channel (TC 1.A.6) family, ASIC3 subfamily"
"Q9UHC6","Neurexin family"
"Q9UHC9","Patched family"
"Q9UHD0","IL-10 family"
"Q9UHD2","Protein kinase superfamily, Ser/Thr protein kinase family, I-kappa-B kinase subfamily"
"Q9UHD4","CIDE family"
"Q9UHD8","TRAFAC class TrmE-Era-EngA-EngB-Septin-like GTPase superfamily, Septin GTPase family"
"Q9UHE5","NAT8 family"
"Q9UHE8","STEAP family"
"Q9UHF0","Tachykinin family"
"Q9UHF3","NAT8 family"
"Q9UHF4","Type II cytokine receptor family"
"Q9UHG3","Prenylcysteine oxidase family"
"Q9UHH9","Inositol phosphokinase (IPK) family"
"Q9UHI5","Amino acid-polyamine-organocation (APC) superfamily, L-type amino acid transporter (LAT) (TC 2.A.3.8) family"
"Q9UHI6","DEAD box helicase family, DDX20 subfamily"
"Q9UHI7","Nucleobase:cation symporter-2 (NCS2) (TC 2.A.40) family"
"Q9UHJ6","FGGY kinase family"
"Q9UHJ9","PGAP2 family"
"Q9UHK6","CoA-transferase III family"
"Q9UHL0","DEAD box helicase family"
"Q9UHL4","Peptidase S28 family"
"Q9UHL9","TFII-I family"
"Q9UHM6","G-protein coupled receptor 1 family, Opsin subfamily"
"Q9UHN6","CEMIP family"
"Q9UHP3","Peptidase C19 family"
"Q9UHP6","Flagellar radial spoke RSP14 family"
"Q9UHQ1","NARF family"
"Q9UHQ4","BCAP29/BCAP31 family"
"Q9UHQ9","Flavoprotein pyridine nucleotide cytochrome reductase family"
"Q9UHR5","HCNGP family"
"Q9UHV7","Mediator complex subunit 13 family"
"Q9UHV9","Prefoldin subunit beta family"
"Q9UHW9","SLC12A transporter family, K/Cl co-transporter subfamily"
"Q9UHX1","RRM half pint family"
"Q9UHX3","G-protein coupled receptor 2 family, Adhesion G-protein coupled receptor (ADGR) subfamily"
"Q9UHY1","Protein kinase superfamily, Ser/Thr protein kinase family"
"Q9UHY7","HAD-like hydrolase superfamily, MasA/MtnC family"
"Q9UHY8","Zygin family"
"Q9UI08","Ena/VASP family"
"Q9UI09","Complex I NDUFA12 subunit family"
"Q9UI10","EIF-2B alpha/beta/delta subunits family"
"Q9UI12","V-ATPase H subunit family"
"Q9UI14","PRA1 family"
"Q9UI17","GcvT family"
"Q9UI26","Importin beta family"
"Q9UI30","TRM112 family"
"Q9UI32","Glutaminase family"
"Q9UI33","Sodium channel (TC 1.A.1.10) family, Nav1.9/SCN11A subfamily"
"Q9UI36","DACH/dachshund family"
"Q9UI38","Peptidase S1 family"
"Q9UI40","Ca(2+):cation antiporter (CaCA) (TC 2.A.19) family, SLC24A subfamily"
"Q9UI42","Peptidase M14 family"
"Q9UI43","Class I-like SAM-binding methyltransferase superfamily, RNA methyltransferase RlmE family"
"Q9UI46","Dynein intermediate chain family"
"Q9UI47","Vinculin/alpha-catenin family"
"Q9UIA9","Exportin family"
"Q9UIC8","Methyltransferase superfamily, LCMT family"
"Q9UID3","VPS51 family"
"Q9UID6","Krueppel C2H2-type zinc-finger protein family"
"Q9UIE0","Krueppel C2H2-type zinc-finger protein family"
"Q9UIF7","Nth/MutY family"
"Q9UIF8","WAL family"
"Q9UIF9","WAL family"
"Q9UIG0","WAL family, BAZ1B subfamily"
"Q9UIG8","Organo anion transporter (TC 2.A.60) family"
"Q9UIH9","Sp1 C2H2-type zinc-finger protein family"
"Q9UII2","ATPase inhibitor family"
"Q9UII6","Protein-tyrosine phosphatase family, Non-receptor class dual specificity subfamily"
"Q9UIJ5","DHHC palmitoyltransferase family"
"Q9UIJ7","Adenylate kinase family, AK3 subfamily"
"Q9UIK4","Protein kinase superfamily, CAMK Ser/Thr protein kinase family, DAP kinase subfamily"
"Q9UIK5","Tomoregulin family"
"Q9UIL1","SCOC family"
"Q9UIL4","TRAFAC class myosin-kinesin ATPase superfamily, Kinesin family"
"Q9UIQ6","Peptidase M1 family"
"Q9UIR0","Immunoglobulin superfamily, BTN/MOG family"
"Q9UIU6","SIX/Sine oculis homeobox family"
"Q9UIV1","CAF1 family"
"Q9UIV8","Serpin family, Ov-serpin subfamily"
"Q9UIW0","EMX homeobox family"
"Q9UIW2","Plexin family"
"Q9UIX4","Potassium channel family, G (TC 1.A.1.2) subfamily, Kv6.1/KCNG1 sub-subfamily"
"Q9UJ14","Gamma-glutamyltransferase family"
"Q9UJ37","Glycosyltransferase 29 family"
"Q9UJ68","MsrA Met sulfoxide reductase family"
"Q9UJ70","Eukaryotic-type N-acetylglucosamine kinase family"
"Q9UJ83","TPP enzyme family"
"Q9UJ90","Potassium channel KCNE family"
"Q9UJ96","Potassium channel family, G (TC 1.A.1.2) subfamily, Kv6.2/KCNG2 sub-subfamily"
"Q9UJ98","SCC3 family"
"Q9UJA2","CDP-alcohol phosphatidyltransferase class-I family"
"Q9UJA3","MCM family"
"Q9UJA5","TRM6/GCD10 family"
"Q9UJA9","Nucleotide pyrophosphatase/phosphodiesterase family"
"Q9UJC3","Hook family"
"Q9UJL9","Krueppel C2H2-type zinc-finger protein family"
"Q9UJM3","MIG6 family"
"Q9UJM8","FMN-dependent alpha-hydroxy acid dehydrogenase family"
"Q9UJQ1","LAMP family"
"Q9UJQ4","Sal C2H2-type zinc-finger protein family"
"Q9UJS0","Mitochondrial carrier (TC 2.A.29) family"
"Q9UJT1","Tubulin family"
"Q9UJT9","FBXL7 family"
"Q9UJU2","TCF/LEF family"
"Q9UJU6","ABP1 family"
"Q9UJV3","TRIM/RBCC family"
"Q9UJV9","DEAD box helicase family, DDX41 subfamily"
"Q9UJW0","Dynactin subunit 4 family"
"Q9UJW2","Peptidase C1 family"
"Q9UJW8","Krueppel C2H2-type zinc-finger protein family"
"Q9UJX0","OKL38 family"
"Q9UJX2","APC8/CDC23 family"
"Q9UJX3","APC7 family"
"Q9UJX4","APC5 family"
"Q9UJX5","APC4 family"
"Q9UJX6","Cullin family"
"Q9UJY1","Small heat shock protein (HSP20) family"
"Q9UJY4","GGA protein family"
"Q9UJY5","GGA protein family"
"Q9UJZ1","Band 7/mec-2 family"
"Q9UK05","TGF-beta family"
"Q9UK17","Potassium channel family, D (Shal) (TC 1.A.1.2) subfamily, Kv4.3/KCND3 sub-subfamily"
"Q9UK32","Protein kinase superfamily, AGC Ser/Thr protein kinase family, S6 kinase subfamily"
"Q9UK39","CCR4/nocturin family"
"Q9UK41","VPS28 family"
"Q9UK45","SnRNP Sm proteins family"
"Q9UK53","ING family"
"Q9UK55","Serpin family"
"Q9UK58","Cyclin family, Cyclin L subfamily"
"Q9UK59","Lariat debranching enzyme family"
"Q9UK61","TASOR family"
"Q9UK73","Fem-1 family"
"Q9UK76","JUPITER family"
"Q9UK80","Peptidase C19 family, USP21 subfamily"
"Q9UKA4","AKAP110 family"
"Q9UKA8","RCAN family"
"Q9UKE5","Protein kinase superfamily, STE Ser/Thr protein kinase family, STE20 subfamily"
"Q9UKF6","Metallo-beta-lactamase superfamily, RNA-metabolizing metallo-beta-lactamase-like family, CPSF3 subfamily"
"Q9UKF7","PtdIns transfer protein family, PI transfer class IIB subfamily"
"Q9UKG4","SLC13A/DASS transporter (TC 2.A.47) family, NADC subfamily"
"Q9UKG9","Carnitine/choline acetyltransferase family"
"Q9UKI2","BORG/CEP family"
"Q9UKI8","Protein kinase superfamily, Ser/Thr protein kinase family"
"Q9UKI9","POU transcription factor family, Class-2 subfamily"
"Q9UKJ5","CHIC family"
"Q9UKK3","ARTD/PARP family"
"Q9UKK9","Nudix hydrolase family"
"Q9UKL0","CoREST family"
"Q9UKL4","Connexin family, Delta-type subfamily"
"Q9UKM7","Glycosyl hydrolase 47 family"
"Q9UKM9","RRM HNRPC family, RALY subfamily"
"Q9UKN5","Class V-like SAM-binding methyltransferase superfamily"
"Q9UKN7","TRAFAC class myosin-kinesin ATPase superfamily, Myosin family"
"Q9UKN8","TFIIIC subunit 4 family"
"Q9UKP6","G-protein coupled receptor 1 family"
"Q9UKR0","Peptidase S1 family, Kallikrein subfamily"
"Q9UKR5","ERG28 family"
"Q9UKS6","PACSIN family"
"Q9UKS7","Ikaros C2H2-type zinc-finger protein family"
"Q9UKT9","Ikaros C2H2-type zinc-finger protein family"
"Q9UKU0","ATP-dependent AMP-binding enzyme family"
"Q9UKU6","Peptidase M1 family"
"Q9UKU7","Acyl-CoA dehydrogenase family"
"Q9UKV0","Histone deacetylase family, HD type 2 subfamily"
"Q9UKV8","Argonaute family, Ago subfamily"
"Q9UKW6","ETS family"
"Q9UKX2","TRAFAC class myosin-kinesin ATPase superfamily, Myosin family"
"Q9UKX3","TRAFAC class myosin-kinesin ATPase superfamily, Myosin family"
"Q9UKX5","Integrin alpha chain family"
"Q9UKY0","Prion family"
"Q9UKY1","ZHX family"
"Q9UKY4","Glycosyltransferase 39 family"
"Q9UKZ1","CNOT11 family"
"Q9UKZ4","Tenascin family, Teneurin subfamily"
"Q9UL01","Dermatan-sulfate isomerase family"
"Q9UL03","Integrator subunit 6 family"
"Q9UL12","GcvT family"
"Q9UL16","CFAP45 family"
"Q9UL18","Argonaute family, Ago subfamily"
"Q9UL19","H-rev107 family"
"Q9UL25","Small GTPase superfamily, Rab family"
"Q9UL26","Small GTPase superfamily, Rab family"
"Q9UL33","TRAPP small subunits family, Sedlin subfamily"
"Q9UL41","PNMA family"
"Q9UL42","PNMA family"
"Q9UL45","BLOC1S6 family"
"Q9UL46","PA28 family"
"Q9UL51","Potassium channel HCN family"
"Q9UL52","Peptidase S1 family"
"Q9UL54","Protein kinase superfamily, STE Ser/Thr protein kinase family, STE20 subfamily"
"Q9UL62","Transient receptor (TC 1.A.4) family, STrpC subfamily, TRPC5 sub-subfamily"
"Q9UL68","MYT1 family"
"Q9ULA0","Peptidase M18 family"
"Q9ULB1","Neurexin family"
"Q9ULC3","Small GTPase superfamily, Rab family"
"Q9ULC4","MCTS1 family"
"Q9ULC5","ATP-dependent AMP-binding enzyme family"
"Q9ULC6","Protein arginine deiminase family"
"Q9ULC8","DHHC palmitoyltransferase family, ERF2/ZDHHC9 subfamily"
"Q9ULD0","Alpha-ketoglutarate dehydrogenase family"
"Q9ULD2","MTUS1 family"
"Q9ULD5","Krueppel C2H2-type zinc-finger protein family"
"Q9ULD6","Inturned family"
"Q9ULD8","Potassium channel family, H (Eag) (TC 1.A.1.20) subfamily, Kv12.2/KCNH3 sub-subfamily"
"Q9ULE0","WWC family"
"Q9ULE6","Paladin family"
"Q9ULF5","ZIP transporter (TC 2.A.5) family"
"Q9ULG1","SNF2/RAD54 helicase family"
"Q9ULG6","CCPG1 family"
"Q9ULH4","LRFN family"
"Q9ULI0","AAA ATPase family"
"Q9ULI2","RimK family"
"Q9ULI4","TRAFAC class myosin-kinesin ATPase superfamily, Kinesin family, KIF26 subfamily"
"Q9ULJ1","ODF2 family"
"Q9ULK0","Glutamate-gated ion channel (TC 1.A.10.1) family, GRID1 subfamily"
"Q9ULK4","Mediator complex subunit 23 family"
"Q9ULK5","Vang family"
"Q9ULL4","Plexin family"
"Q9ULL8","Shroom family"
"Q9ULM2","Krueppel C2H2-type zinc-finger protein family"
"Q9ULM6","CCR4/nocturin family"
"Q9ULP0","NDRG family"
"Q9ULQ0","STRIP family"
"Q9ULQ1","Calcium channel alpha-1 subunit (TC 1.A.1.11) family, Two pore calcium channel subfamily"
"Q9ULR0","ISY1 family"
"Q9ULR3","PP2C family"
"Q9ULT6","ZNRF3 family"
"Q9ULT8","UPL family, K-HECT subfamily"
"Q9ULV0","TRAFAC class myosin-kinesin ATPase superfamily, Myosin family"
"Q9ULV1","G-protein coupled receptor Fz/Smo family"
"Q9ULV4","WD repeat coronin family"
"Q9ULV5","HSF family"
"Q9ULW0","TPX2 family"
"Q9ULW2","G-protein coupled receptor Fz/Smo family"
"Q9ULW3","ESF2/ABP1 family"
"Q9ULW5","Small GTPase superfamily, Rab family"
"Q9ULW6","Nucleosome assembly protein (NAP) family"
"Q9ULW8","Protein arginine deiminase family"
"Q9ULX3","NOB1 family"
"Q9ULX5","TRAFAC class dynamin-like GTPase superfamily, GB1/RHD3 GTPase family, GB1 subfamily"
"Q9ULX6","AKAP95 family"
"Q9ULX7","Alpha-carbonic anhydrase family"
"Q9ULX9","BZIP family, Maf subfamily"
"Q9ULZ1","Apelin family"
"Q9ULZ9","Peptidase M10A family"
"Q9UM00","TMCO1 family"
"Q9UM01","Amino acid-polyamine-organocation (APC) superfamily, L-type amino acid transporter (LAT) (TC 2.A.3.8) family"
"Q9UM07","Protein arginine deiminase family"
"Q9UM11","WD repeat CDC20/Fizzy family"
"Q9UM13","APC10 family"
"Q9UM19","Recoverin family"
"Q9UM21","Glycosyltransferase 54 family"
"Q9UM22","Ependymin family"
"Q9UM47","NOTCH family"
"Q9UM54","TRAFAC class myosin-kinesin ATPase superfamily, Myosin family"
"Q9UM63","Krueppel C2H2-type zinc-finger protein family"
"Q9UM73","Protein kinase superfamily, Tyr protein kinase family, Insulin receptor subfamily"
"Q9UM82","SPATA2 family"
"Q9UMF0","Immunoglobulin superfamily, ICAM family"
"Q9UMN6","Class V-like SAM-binding methyltransferase superfamily, Histone-lysine methyltransferase family, TRX/MLL subfamily"
"Q9UMQ3","BAR homeobox family"
"Q9UMQ6","Peptidase C2 family"
"Q9UMR2","DEAD box helicase family, DDX19/DBP5 subfamily"
"Q9UMR5","Palmitoyl-protein thioesterase family"
"Q9UMS0","NifU family"
"Q9UMS4","WD repeat PRP19 family"
"Q9UMS6","Synaptopodin family"
"Q9UMW8","Peptidase C19 family"
"Q9UMX1","SUFU family"
"Q9UMX2","ODC antizyme family"
"Q9UMX3","Bcl-2 family"
"Q9UMX5","Cytochrome b5 family, MAPR subfamily"
"Q9UMX9","Glycoside-pentoside-hexuronide (GPH) cation symporter transporter (TC 2.A.2) family"
"Q9UMY1","UTP16 family"
"Q9UMY4","Sorting nexin family"
"Q9UMZ3","Protein-tyrosine phosphatase family, Receptor class 2A subfamily"
"Q9UN36","NDRG family"
"Q9UN37","AAA ATPase family"
"Q9UN42","X(+)/potassium ATPases subunit beta family"
"Q9UN76","Sodium:neurotransmitter symporter (SNF) (TC 2.A.22) family, SLC6A14 subfamily"
"Q9UN81","Transposase 22 family"
"Q9UN88","Ligand-gated ion channel (TC 1.A.9) family, Gamma-aminobutyric acid receptor (TC 1.A.9.5) subfamily, GABRQ sub-subfamily"
"Q9UNA3","Glycosyltransferase 32 family"
"Q9UNA4","DNA polymerase type-Y family"
"Q9UNF0","PACSIN family"
"Q9UNG2","Tumor necrosis factor family"
"Q9UNH5","Protein-tyrosine phosphatase family, Non-receptor class CDC14 subfamily"
"Q9UNH6","Sorting nexin family"
"Q9UNH7","Sorting nexin family"
"Q9UNI1","Peptidase S1 family, Elastase subfamily"
"Q9UNI6","Protein-tyrosine phosphatase family, Non-receptor class dual specificity subfamily"
"Q9UNK0","Syntaxin family"
"Q9UNK4","Phospholipase A2 family"
"Q9UNL4","ING family"
"Q9UNM6","Proteasome subunit S11 family"
"Q9UNP4","Glycosyltransferase 29 family"
"Q9UNP9","Cyclophilin-type PPIase family, PPIase E subfamily"
"Q9UNQ0","ABC transporter superfamily, ABCG family, Eye pigment precursor importer (TC 3.A.1.204) subfamily"
"Q9UNQ2","Class I-like SAM-binding methyltransferase superfamily, rRNA adenine N(6)-methyltransferase family"
"Q9UNS1","Timeless family"
"Q9UNS2","CSN3 family"
"Q9UNT1","Small GTPase superfamily, Rab family"
"Q9UNU6","Cytochrome P450 family"
"Q9UNW1","Histidine acid phosphatase family, MINPP1 subfamily"
"Q9UNW8","G-protein coupled receptor 1 family"
"Q9UNX4","WD repeat WDR3/UTP12 family"
"Q9UNX9","Inward rectifier-type potassium channel (TC 1.A.2.1) family, KCNJ14 subfamily"
"Q9UNY4","SNF2/RAD54 helicase family"
"Q9UNY5","Krueppel C2H2-type zinc-finger protein family"
"Q9UNZ2","NSFL1C family"
"Q9UP38","G-protein coupled receptor Fz/Smo family"
"Q9UP52","Peptidase M28 family, M28B subfamily"
"Q9UP83","COG5 family"
"Q9UP95","SLC12A transporter family, K/Cl co-transporter subfamily"
"Q9UPE1","Protein kinase superfamily, CMGC Ser/Thr protein kinase family"
"Q9UPG8","Krueppel C2H2-type zinc-finger protein family"
"Q9UPI3","Major facilitator superfamily, Feline leukemia virus subgroup C receptor (TC 2.A.1.28.1) family"
"Q9UPM8","Adaptor complexes large subunit family"
"Q9UPM9","B9D family"
"Q9UPN3","Plakin or cytolinker family"
"Q9UPN4","CEP131 family"
"Q9UPN7","SAPS family"
"Q9UPN9","TRIM/RBCC family"
"Q9UPP1","JHDM1 histone demethylase family, JHDM1D subfamily"
"Q9UPP2","BRAG family"
"Q9UPQ0","LIMCH1 family"
"Q9UPQ3","Centaurin gamma-like family"
"Q9UPQ4","TRIM/RBCC family"
"Q9UPQ8","Polyprenol kinase family"
"Q9UPQ9","GW182 family"
"Q9UPR5","Ca(2+):cation antiporter (CaCA) (TC 2.A.19) family, SLC8 subfamily"
"Q9UPS6","Class V-like SAM-binding methyltransferase superfamily"
"Q9UPT5","EXO70 family"
"Q9UPT6","JIP scaffold family"
"Q9UPT8","Suppressor of sable family"
"Q9UPT9","Peptidase C19 family, UBP8 subfamily"
"Q9UPU3","VPS10-related sortilin family, SORCS subfamily"
"Q9UPU5","Peptidase C19 family"
"Q9UPU9","SMAUG family"
"Q9UPV9","Milton family"
"Q9UPW5","Peptidase M14 family"
"Q9UPW6","CUT homeobox family"
"Q9UPW8","Unc-13 family"
"Q9UPX6","MINAR family"
"Q9UPX8","SHANK family"
"Q9UPY3","Helicase family, Dicer subfamily"
"Q9UPY5","Amino acid-polyamine-organocation (APC) superfamily, L-type amino acid transporter (LAT) (TC 2.A.3.8) family"
"Q9UPY6","SCAR/WAVE family"
"Q9UPY8","MAPRE family"
"Q9UPZ3","HPS5 family"
"Q9UPZ9","Protein kinase superfamily, CMGC Ser/Thr protein kinase family, CDC2/CDKX subfamily"
"Q9UQ03","WD repeat coronin family"
"Q9UQ05","Potassium channel family, H (Eag) (TC 1.A.1.20) subfamily, Kv12.3/KCNH4 sub-subfamily"
"Q9UQ07","Protein kinase superfamily, CMGC Ser/Thr protein kinase family, CDC2/CDKX subfamily"
"Q9UQ13","SHOC2 family"
"Q9UQ16","TRAFAC class dynamin-like GTPase superfamily, Dynamin/Fzo/YdjA family"
"Q9UQ35","CWC21 family"
"Q9UQ49","Glycosyl hydrolase 33 family"
"Q9UQ52","Immunoglobulin superfamily, Contactin family"
"Q9UQ53","Glycosyltransferase 54 family"
"Q9UQ80","Peptidase M24 family"
"Q9UQ84","XPG/RAD2 endonuclease family, EXO1 subfamily"
"Q9UQ88","Protein kinase superfamily, CMGC Ser/Thr protein kinase family, CDC2/CDKX subfamily"
"Q9UQ90","AAA ATPase family"
"Q9UQ90"," Peptidase M41 family"
"Q9UQB3","Beta-catenin family"
"Q9UQB9","Protein kinase superfamily, Ser/Thr protein kinase family, Aurora subfamily"
"Q9UQC2","GAB family"
"Q9UQC9","CLCR family"
"Q9UQD0","Sodium channel (TC 1.A.1.10) family, Nav1.6/SCN8A subfamily"
"Q9UQE7","SMC family, SMC3 subfamily"
"Q9UQF0","Gamma type-C retroviral envelope protein family, HERV class-I W env subfamily"
"Q9UQF2","JIP scaffold family"
"Q9UQL6","Histone deacetylase family, HD type 2 subfamily"
"Q9UQM7","Protein kinase superfamily, CAMK Ser/Thr protein kinase family, CaMK subfamily"
"Q9UQN3","SNF7 family"
"Q9UQP3","Tenascin family"
"Q9UQQ1","Peptidase M28 family, M28B subfamily"
"Q9UQQ2","SH2B adapter family"
"Q9UQR0","SCM family"
"Q9UQR1","Krueppel C2H2-type zinc-finger protein family"
"Q9UQV4","LAMP family"
"Q9WJR5","Beta type-B retroviral polymerase family, HERV class-II K(HML-2) pol subfamily"
"Q9Y210","Transient receptor (TC 1.A.4) family, STrpC subfamily, TRPC6 sub-subfamily"
"Q9Y215","COLQ family"
"Q9Y216","Protein-tyrosine phosphatase family, Non-receptor class myotubularin subfamily"
"Q9Y217","Protein-tyrosine phosphatase family, Non-receptor class myotubularin subfamily"
"Q9Y221","NIP7 family"
"Q9Y222","DMTF1 family"
"Q9Y223","UDP-N-acetylglucosamine 2-epimerase family"
"Q9Y223"," ROK (NagC/XylR) family"
"Q9Y224","RTRAF family"
"Q9Y226","Major facilitator (TC 2.A.1) superfamily, Organic cation transporter (TC 2.A.1.19) family"
"Q9Y227","GDA1/CD39 NTPase family"
"Q9Y230","RuvB family"
"Q9Y231","Glycosyltransferase 10 family"
"Q9Y233","Cyclic nucleotide phosphodiesterase family"
"Q9Y234","LplA family"
"Q9Y235","Cytidine and deoxycytidylate deaminase family"
"Q9Y237","PpiC/parvulin rotamase family, PIN4 subfamily"
"Q9Y239","NOD1-NOD2 family"
"Q9Y243","Protein kinase superfamily, AGC Ser/Thr protein kinase family, RAC subfamily"
"Q9Y244","POMP/UMP1 family"
"Q9Y247","FAM50 family"
"Q9Y248","GINS2/PSF2 family"
"Q9Y250","LZTS family"
"Q9Y251","Glycosyl hydrolase 79 family"
"Q9Y252","RNF12 family"
"Q9Y253","DNA polymerase type-Y family"
"Q9Y256","Peptidase U48 family"
"Q9Y257","Two pore domain potassium channel (TC 1.A.1.8) family"
"Q9Y258","Intercrine beta (chemokine CC) family"
"Q9Y259","Choline/ethanolamine kinase family"
"Q9Y262","EIF-3 subunit L family"
"Q9Y263","WD repeat PLAP family"
"Q9Y265","RuvB family"
"Q9Y266","NudC family"
"Q9Y267","Major facilitator (TC 2.A.1) superfamily, Organic cation transporter (TC 2.A.1.19) family"
"Q9Y271","G-protein coupled receptor 1 family"
"Q9Y272","Small GTPase superfamily, RasD family"
"Q9Y274","Glycosyltransferase 29 family"
"Q9Y275","Tumor necrosis factor family"
"Q9Y276","AAA ATPase family, BCS1 subfamily"
"Q9Y277","Eukaryotic mitochondrial porin family"
"Q9Y278","Sulfotransferase 1 family"
"Q9Y281","Actin-binding proteins ADF family"
"Q9Y282","ERGIC family"
"Q9Y284","Asterix family"
"Q9Y285","Class-II aminoacyl-tRNA synthetase family, Phe-tRNA synthetase alpha subunit type 2 subfamily"
"Q9Y286","Immunoglobulin superfamily, SIGLEC (sialic acid binding Ig-like lectin) family"
"Q9Y287","ITM2 family"
"Q9Y289","Sodium:solute symporter (SSF) (TC 2.A.21) family"
"Q9Y294","ASF1 family"
"Q9Y295","TRAFAC class OBG-HflX-like GTPase superfamily, OBG GTPase family"
"Q9Y296","TRAPP small subunits family, TRAPPC4 subfamily"
"Q9Y2A7","HEM-1/HEM-2 family"
"Q9Y2A9","Glycosyltransferase 31 family"
"Q9Y2B0","Canopy family"
"Q9Y2B1","RXYLT1 family"
"Q9Y2B2","PIGL family"
"Q9Y2C2","Sulfotransferase 3 family"
"Q9Y2C3","Glycosyltransferase 31 family"
"Q9Y2C4","DNA/RNA non-specific endonuclease family"
"Q9Y2C5","Major facilitator superfamily, Sodium/anion cotransporter family"
"Q9Y2C9","Toll-like receptor family"
"Q9Y2D0","Alpha-carbonic anhydrase family"
"Q9Y2D1","BZIP family"
"Q9Y2D2","Nucleotide-sugar transporter family, SLC35A subfamily"
"Q9Y2D4","SEC15 family"
"Q9Y2D8","ADIP family"
"Q9Y2E5","Glycosyl hydrolase 38 family"
"Q9Y2E6","Deltex family"
"Q9Y2E8","Monovalent cation:proton antiporter 1 (CPA1) transporter (TC 2.A.36) family"
"Q9Y2F5","ICE1 family"
"Q9Y2G0","EFR3 family"
"Q9Y2G1","MRF family"
"Q9Y2G3","Cation transport ATPase (P-type) (TC 3.A.3) family, Type IV subfamily"
"Q9Y2G5","Glycosyltransferase 68 family"
"Q9Y2G9","SBNO family"
"Q9Y2H0","SAPAP family"
"Q9Y2H1","Protein kinase superfamily, AGC Ser/Thr protein kinase family"
"Q9Y2H6","FNDC3 family"
"Q9Y2H9","Protein kinase superfamily, AGC Ser/Thr protein kinase family"
"Q9Y2J4","Angiomotin family"
"Q9Y2J8","Protein arginine deiminase family"
"Q9Y2K2","Protein kinase superfamily, CAMK Ser/Thr protein kinase family, SNF1 subfamily"
"Q9Y2K3","TRAFAC class myosin-kinesin ATPase superfamily, Myosin family"
"Q9Y2K6","Peptidase C19 family, USP20/USP33 subfamily"
"Q9Y2K7","JHDM1 histone demethylase family"
"Q9Y2K9","WD repeat L(2)GL family"
"Q9Y2L1","RNR ribonuclease family"
"Q9Y2L5","TRS85 family"
"Q9Y2M0","FAN1 family"
"Q9Y2P0","Krueppel C2H2-type zinc-finger protein family"
"Q9Y2P4","ATP-dependent AMP-binding enzyme family"
"Q9Y2P5","ATP-dependent AMP-binding enzyme family"
"Q9Y2P7","Krueppel C2H2-type zinc-finger protein family"
"Q9Y2P8","RNA 3'-terminal cyclase family, Type 2 subfamily"
"Q9Y2Q0","Cation transport ATPase (P-type) (TC 3.A.3) family, Type IV subfamily"
"Q9Y2Q3","GST superfamily, Kappa family"
"Q9Y2Q5","GAMAD family"
"Q9Y2R0","COA3 family"
"Q9Y2R2","Protein-tyrosine phosphatase family, Non-receptor class 4 subfamily"
"Q9Y2R4","DEAD box helicase family, DDX52/ROK1 subfamily"
"Q9Y2R9","Universal ribosomal protein uS7 family"
"Q9Y2S2","3-hydroxyacyl-CoA dehydrogenase family"
"Q9Y2T2","Adaptor complexes medium subunit family"
"Q9Y2T3","Metallo-dependent hydrolases superfamily, ATZ/TRZ family"
"Q9Y2T6","G-protein coupled receptor 1 family"
"Q9Y2U5","Protein kinase superfamily, STE Ser/Thr protein kinase family, MAP kinase kinase kinase subfamily"
"Q9Y2V3","Paired homeobox family, Bicoid subfamily"
"Q9Y2V7","COG6 family"
"Q9Y2W1","BCLAF1/THRAP3 family"
"Q9Y2W3","Glycoside-pentoside-hexuronide (GPH) cation symporter transporter (TC 2.A.2) family"
"Q9Y2W6","Tdrkh family"
"Q9Y2W7","Recoverin family"
"Q9Y2X0","Mediator complex subunit 16 family"
"Q9Y2X3","NOP5/NOP56 family"
"Q9Y2X8","Ubiquitin-conjugating enzyme family"
"Q9Y2X9","Krueppel C2H2-type zinc-finger protein family"
"Q9Y2Y0","ARL2BP family"
"Q9Y2Y1","Archaeal RpoM/eukaryotic RPA12/RPB9/RPC11 RNA polymerase family"
"Q9Y2Y4","Krueppel C2H2-type zinc-finger protein family"
"Q9Y2Y6","TMEM98 family"
"Q9Y2Y9","Sp1 C2H2-type zinc-finger protein family"
"Q9Y2Z0","SGT1 family"
"Q9Y2Z2","MnmG family"
"Q9Y2Z4","Class-I aminoacyl-tRNA synthetase family"
"Q9Y2Z9","UbiH/COQ6 family"
"Q9Y303","Metallo-dependent hydrolases superfamily, NagA family"
"Q9Y305","Acyl coenzyme A hydrolase family"
"Q9Y314","NOSIP family"
"Q9Y315","DeoC/FbaB aldolase family, DeoC type 2 subfamily"
"Q9Y316","MEMO1 family"
"Q9Y324","UTP23/FCF1 family, FCF1 subfamily"
"Q9Y328","NSG family"
"Q9Y333","SnRNP Sm proteins family"
"Q9Y336","Immunoglobulin superfamily, SIGLEC (sialic acid binding Ig-like lectin) family"
"Q9Y337","Peptidase S1 family, Kallikrein subfamily"
"Q9Y342","MAL family"
"Q9Y345","Sodium:neurotransmitter symporter (SNF) (TC 2.A.22) family, SLC6A5 subfamily"
"Q9Y371","Endophilin family"
"Q9Y375","CIA30 family"
"Q9Y376","Mo25 family"
"Q9Y383","Luc7 family"
"Q9Y385","Ubiquitin-conjugating enzyme family"
"Q9Y388","IST3 family"
"Q9Y394","Short-chain dehydrogenases/reductases (SDR) family"
"Q9Y397","DHHC palmitoyltransferase family, ERF2/ZDHHC9 subfamily"
"Q9Y399","Universal ribosomal protein uS2 family"
"Q9Y3A0","COQ4 family"
"Q9Y3A2","UTP11 family"
"Q9Y3A3","MOB1/phocein family"
"Q9Y3A4","RRP7 family"
"Q9Y3A5","SDO1/SBDS family"
"Q9Y3A6","EMP24/GP25L family"
"Q9Y3B2","CSL4 family"
"Q9Y3B3","EMP24/GP25L family"
"Q9Y3B4","SF3B6 family"
"Q9Y3B7","Universal ribosomal protein uL11 family"
"Q9Y3B8","Oligoribonuclease family"
"Q9Y3C0","CCDC53 family"
"Q9Y3C4","CGI121/TPRKB family"
"Q9Y3C6","Cyclophilin-type PPIase family, PPIL1 subfamily"
"Q9Y3C7","Mediator complex subunit 31 family"
"Q9Y3C8","Ubiquitin-conjugating enzyme family, UFC1 subfamily"
"Q9Y3D0","MIP18 family"
"Q9Y3D2","MsrB Met sulfoxide reductase family"
"Q9Y3D3","Bacterial ribosomal protein bS16 family"
"Q9Y3D6","FIS1 family"
"Q9Y3D7","TIM16/PAM16 family"
"Q9Y3D8","Adenylate kinase family, AK6 subfamily"
"Q9Y3D9","Mitochondrion-specific ribosomal protein mS23 family"
"Q9Y3E0","GOT1 family"
"Q9Y3E2","BolA/IbaG family"
"Q9Y3E5","PTH2 family"
"Q9Y3E7","SNF7 family"
"Q9Y3F4","WD repeat STRAP family"
"Q9Y3I0","RtcB family"
"Q9Y3L5","Small GTPase superfamily, Ras family"
"Q9Y3M2","Chibby family"
"Q9Y3M9","Krueppel C2H2-type zinc-finger protein family"
"Q9Y3Q0","Peptidase M28 family, M28B subfamily"
"Q9Y3Q3","EMP24/GP25L family"
"Q9Y3Q4","Potassium channel HCN family"
"Q9Y3Q8","TSC-22/Dip/Bun family"
"Q9Y3R4","Glycosyl hydrolase 33 family"
"Q9Y3R5","DOP1 family"
"Q9Y3S1","Protein kinase superfamily, Ser/Thr protein kinase family, WNK subfamily"
"Q9Y3S2","NOA36 family"
"Q9Y3T9","NOC2 family"
"Q9Y3U8","Eukaryotic ribosomal protein eL36 family"
"Q9Y3Z3","SAMHD1 family"
"Q9Y446","Beta-catenin family"
"Q9Y450","TRAFAC class translation factor GTPase superfamily, Classic translation factor GTPase family"
"Q9Y462","Krueppel C2H2-type zinc-finger protein family"
"Q9Y463","Protein kinase superfamily, CMGC Ser/Thr protein kinase family, MNB/DYRK subfamily"
"Q9Y466","Nuclear hormone receptor family, NR2 subfamily"
"Q9Y467","Sal C2H2-type zinc-finger protein family"
"Q9Y473","Krueppel C2H2-type zinc-finger protein family"
"Q9Y478","5'-AMP-activated protein kinase beta subunit family"
"Q9Y483","Polycomblike family"
"Q9Y484","WD repeat PROPPIN family"
"Q9Y487","V-ATPase 116 kDa subunit family"
"Q9Y496","TRAFAC class myosin-kinesin ATPase superfamily, Kinesin family, Kinesin II subfamily"
"Q9Y4A5","PI3/PI4-kinase family, TRA1 subfamily"
"Q9Y4A8","BZIP family, CNC subfamily"
"Q9Y4B4","SNF2/RAD54 helicase family"
"Q9Y4B5","SOGA family"
"Q9Y4B6","VPRBP/DCAF1 family"
"Q9Y4C0","Neurexin family"
"Q9Y4C1","JHDM2 histone demethylase family"
"Q9Y4C2","TCAF family"
"Q9Y4C5","Sulfotransferase 1 family, Gal/GlcNAc/GalNAc subfamily"
"Q9Y4C8","RRM MRD1 family"
"Q9Y4D1","Formin homology family"
"Q9Y4D2","AB hydrolase superfamily, Lipase family"
"Q9Y4D7","Plexin family"
"Q9Y4E1","FAM21 family"
"Q9Y4E5","Krueppel C2H2-type zinc-finger protein family"
"Q9Y4E8","Peptidase C19 family"
"Q9Y4F4","Crescerin family"
"Q9Y4F9","RIPOR family"
"Q9Y4G8","RAPGEF2 family"
"Q9Y4I1","TRAFAC class myosin-kinesin ATPase superfamily, Myosin family"
"Q9Y4J8","Dystrophin family, Dystrobrevin subfamily"
"Q9Y4K0","Lysyl oxidase family"
"Q9Y4K3","TNF receptor-associated factor family, A subfamily"
"Q9Y4K4","Protein kinase superfamily, STE Ser/Thr protein kinase family, STE20 subfamily"
"Q9Y4L1","Heat shock protein 70 family"
"Q9Y4P1","Peptidase C54 family"
"Q9Y4P8","WD repeat PROPPIN family"
"Q9Y4R8","TEL2 family"
"Q9Y4U1","MMACHC family"
"Q9Y4W2","LAS1 family"
"Q9Y4W6","AAA ATPase family"
"Q9Y4W6"," Peptidase M41 family"
"Q9Y4X3","Intercrine beta (chemokine CC) family"
"Q9Y4X4","Sp1 C2H2-type zinc-finger protein family"
"Q9Y4X5","RBR family, Ariadne subfamily"
"Q9Y4Y9","SnRNP Sm proteins family"
"Q9Y4Z0","SnRNP Sm proteins family"
"Q9Y512","SAM50/omp85 family"
"Q9Y535","Eukaryotic RPB7/RPC8 RNA polymerase subunit family"
"Q9Y547","IFT25 family"
"Q9Y548","YIP1 family"
"Q9Y561","LDLR family"
"Q9Y566","SHANK family"
"Q9Y570","AB hydrolase superfamily"
"Q9Y572","Protein kinase superfamily, TKL Ser/Thr protein kinase family"
"Q9Y574","Ankyrin SOCS box (ASB) family"
"Q9Y575","Ankyrin SOCS box (ASB) family"
"Q9Y576","Ankyrin SOCS box (ASB) family"
"Q9Y577","TRIM/RBCC family"
"Q9Y584","Tim17/Tim22/Tim23 family"
"Q9Y586","Mab-21 family"
"Q9Y587","Adaptor complexes small subunit family"
"Q9Y592","CEP83 family"
"Q9Y5A6","Krueppel C2H2-type zinc-finger protein family"
"Q9Y5A9","YTHDF family, YTHDF2 subfamily"
"Q9Y5B6","GCF family"
"Q9Y5B8","NDK family"
"Q9Y5B9","Peptidase M24 family, SPT16 subfamily"
"Q9Y5I7","Claudin family"
"Q9Y5J1","WD repeat UTP18 family"
"Q9Y5J3","HEY family"
"Q9Y5J5","PHLDA3 family"
"Q9Y5J6","Small Tim family"
"Q9Y5J7","Small Tim family"
"Q9Y5K1","TOP6A family"
"Q9Y5K2","Peptidase S1 family, Kallikrein subfamily"
"Q9Y5K3","Cytidylyltransferase family"
"Q9Y5K5","Peptidase C12 family"
"Q9Y5K8","V-ATPase D subunit family"
"Q9Y5L3","GDA1/CD39 NTPase family"
"Q9Y5L4","Small Tim family"
"Q9Y5N1","G-protein coupled receptor 1 family"
"Q9Y5N5","Eukaryotic/archaeal PrmC-related family"
"Q9Y5N6","ORC6 family"
"Q9Y5P6","Transferase hexapeptide repeat family"
"Q9Y5Q0","Fatty acid desaturase type 1 family"
"Q9Y5Q3","BZIP family, Maf subfamily"
"Q9Y5Q5","Peptidase S1 family"
"Q9Y5Q6","Insulin family"
"Q9Y5Q8","TFIIIC subunit 5 family"
"Q9Y5R2","Peptidase M10A family"
"Q9Y5R4","Protein N5-glutamine methyltransferase family"
"Q9Y5R5","DMRT family"
"Q9Y5R6","DMRT family"
"Q9Y5R8","TRAPP small subunits family, BET5 subfamily"
"Q9Y5S1","Transient receptor (TC 1.A.4) family, TrpV subfamily, TRPV2 sub-subfamily"
"Q9Y5S2","Protein kinase superfamily, AGC Ser/Thr protein kinase family, DMPK subfamily"
"Q9Y5S9","RBM8A family"
"Q9Y5T5","Peptidase C19 family, USP16 subfamily"
"Q9Y5U2","TSSC4 family"
"Q9Y5U4","INSIG family"
"Q9Y5U8","Mitochondrial pyruvate carrier (MPC) (TC 2.A.105) family"
"Q9Y5U9","YOS1 family"
"Q9Y5W3","Krueppel C2H2-type zinc-finger protein family"
"Q9Y5W7","Sorting nexin family"
"Q9Y5W8","Sorting nexin family"
"Q9Y5W9","Sorting nexin family"
"Q9Y5X0","Sorting nexin family"
"Q9Y5X1","Sorting nexin family"
"Q9Y5X2","Sorting nexin family"
"Q9Y5X3","Sorting nexin family"
"Q9Y5X4","Nuclear hormone receptor family, NR2 subfamily"
"Q9Y5X5","G-protein coupled receptor 1 family"
"Q9Y5X9","AB hydrolase superfamily, Lipase family"
"Q9Y5Y0","Major facilitator superfamily, Feline leukemia virus subgroup C receptor (TC 2.A.1.28.1) family"
"Q9Y5Y2","Mrp/NBP35 ATP-binding proteins family, NUBP2/CFD1 subfamily"
"Q9Y5Y4","G-protein coupled receptor 1 family"
"Q9Y5Y5","Peroxin-16 family"
"Q9Y5Y6","Peptidase S1 family"
"Q9Y5Y9","Sodium channel (TC 1.A.1.10) family, Nav1.8/SCN10A subfamily"
"Q9Y5Z0","Peptidase A1 family"
"Q9Y5Z4","HEBP family"
"Q9Y5Z6","Glycosyltransferase 31 family"
"Q9Y5Z9","UbiA prenyltransferase family"
"Q9Y600","Group II decarboxylase family"
"Q9Y603","ETS family"
"Q9Y605","MORF4 family-associated protein family"
"Q9Y606","TRNA pseudouridine synthase TruA family"
"Q9Y608","LRRFIP family"
"Q9Y613","Formin homology family"
"Q9Y615","Actin family"
"Q9Y616","Protein kinase superfamily, TKL Ser/Thr protein kinase family, Pelle subfamily"
"Q9Y617","Class-V pyridoxal-phosphate-dependent aminotransferase family, SerC subfamily"
"Q9Y618","N-CoR nuclear receptor corepressors family"
"Q9Y619","Mitochondrial carrier (TC 2.A.29) family"
"Q9Y620","SNF2/RAD54 helicase family"
"Q9Y623","TRAFAC class myosin-kinesin ATPase superfamily, Myosin family"
"Q9Y624","Immunoglobulin superfamily"
"Q9Y625","Glypican family"
"Q9Y646","Peptidase M28 family"
"Q9Y653","G-protein coupled receptor 2 family, LN-TM7 subfamily"
"Q9Y657","SPIN/STSY family"
"Q9Y662","Sulfotransferase 1 family"
"Q9Y663","Sulfotransferase 1 family"
"Q9Y666","SLC12A transporter family, K/Cl co-transporter subfamily"
"Q9Y672","ALG6/ALG8 glucosyltransferase family"
"Q9Y673","Glycosyltransferase 2 family"
"Q9Y676","Bacterial ribosomal protein bS18 family, Mitochondrion-specific ribosomal protein mS40 subfamily"
"Q9Y678","COPG family"
"Q9Y679","AUP1 family"
"Q9Y691","KCNMB (TC 8.A.14.1) family, KCNMB2 subfamily"
"Q9Y694","Major facilitator (TC 2.A.1) superfamily, Organic cation transporter (TC 2.A.1.19) family"
"Q9Y696","Chloride channel CLIC family"
"Q9Y697","Class-V pyridoxal-phosphate-dependent aminotransferase family, NifS/IscS subfamily"
"Q9Y698","PMP-22/EMP/MP20 family, CACNG subfamily"
"Q9Y6A1","Glycosyltransferase 39 family"
"Q9Y6A2","Cytochrome P450 family"
"Q9Y6A4","CFAP20 family"
"Q9Y6A5","TACC family"
"Q9Y6A9","SPCS1 family"
"Q9Y6B6","Small GTPase superfamily, SAR1 family"
"Q9Y6B7","Adaptor complexes large subunit family"
"Q9Y6C5","Patched family"
"Q9Y6C9","Mitochondrial carrier (TC 2.A.29) family"
"Q9Y6D0","Selenoprotein K family"
"Q9Y6D9","MAD1 family"
"Q9Y6E0","Protein kinase superfamily, STE Ser/Thr protein kinase family, STE20 subfamily"
"Q9Y6E2","BZW family"
"Q9Y6E7","Sirtuin family, Class II subfamily"
"Q9Y6F1","ARTD/PARP family"
"Q9Y6F9","Wnt family"
"Q9Y6G1","TMEM14 family"
"Q9Y6G3","Mitochondrion-specific ribosomal protein mL42 family"
"Q9Y6G5","COMM domain-containing protein 10 family"
"Q9Y6G9","Dynein light intermediate chain family"
"Q9Y6H3","Peptidase M76 family"
"Q9Y6H6","Potassium channel KCNE family"
"Q9Y6H8","Connexin family, Alpha-type (group II) subfamily"
"Q9Y6I3","Epsin family"
"Q9Y6I4","Peptidase C19 family, USP3 subfamily"
"Q9Y6J6","Potassium channel KCNE family"
"Q9Y6J8","Protein-tyrosine phosphatase family, Non-receptor class subfamily"
"Q9Y6J9","TAF6 family"
"Q9Y6K0","CDP-alcohol phosphatidyltransferase class-I family"
"Q9Y6K1","Class I-like SAM-binding methyltransferase superfamily, C5-methyltransferase family"
"Q9Y6K5","2-5A synthase family"
"Q9Y6K8","Adenylate kinase family"
"Q9Y6L6","Organo anion transporter (TC 2.A.60) family"
"Q9Y6M0","Peptidase S1 family"
"Q9Y6M1","RRM IMP/VICKZ family"
"Q9Y6M4","Protein kinase superfamily, CK1 Ser/Thr protein kinase family, Casein kinase I subfamily"
"Q9Y6M5","Cation diffusion facilitator (CDF) transporter (TC 2.A.4) family, SLC30A subfamily"
"Q9Y6M7","Anion exchanger (TC 2.A.31) family"
"Q9Y6M9","Complex I LYR family"
"Q9Y6N1","COX11/CtaG family"
"Q9Y6N5","SQRD family"
"Q9Y6N7","Immunoglobulin superfamily, ROBO family"
"Q9Y6P5","Sestrin family"
"Q9Y6Q1","Peptidase C2 family"
"Q9Y6Q2","Stoned B family"
"Q9Y6Q5","Adaptor complexes medium subunit family"
"Q9Y6Q9","SRC/p160 nuclear receptor coactivator family"
"Q9Y6R1","Anion exchanger (TC 2.A.31) family"
"Q9Y6R4","Protein kinase superfamily, STE Ser/Thr protein kinase family, MAP kinase kinase kinase subfamily"
"Q9Y6R9","CCDC61 family"
"Q9Y6T7","Eukaryotic diacylglycerol kinase family"
"Q9Y6U3","Villin/gelsolin family"
"Q9Y6V7","DEAD box helicase family, DDX49/DBP8 subfamily"
"Q9Y6W3","Peptidase C2 family"
"Q9Y6W5","SCAR/WAVE family"
"Q9Y6W6","Protein-tyrosine phosphatase family, Non-receptor class dual specificity subfamily"
"Q9Y6X1","RAMP4 family"
"Q9Y6X2","PIAS family"
"Q9Y6X3","SCC4/mau-2 family"
"Q9Y6X5","Nucleotide pyrophosphatase/phosphodiesterase family"
"Q9Y6X6","TRAFAC class myosin-kinesin ATPase superfamily, Myosin family"
"Q9Y6X6"," NYAP family"
"Q9Y6X8","ZHX family"
"Q9Y6Y0","BTB-kelch protein family"
"Q9Y6Y1","CAMTA family"
"Q9Y6Y8","PA-PLA1 family"
"Q9Y6Z7","COLEC10/COLEC11 family"
"W5XKT8","SPACA6 family"
"A0A024RBG1","Nudix hydrolase family, DIPP subfamily"
"A0A096LP01","SMIM26 family"
"A0A1B0GTQ4","MYMX family"
"A0A7P0TBJ1","HAPSTR1 family"
"A0A8I5KQE6","Universal ribosomal protein uS2 family"
"A0PJW6","TMEM223 family"
"A0PJX4","Shisa family"
"A0PJZ3","Glycosyltransferase 8 family"
"A1A5D9","BICDR family"
"A2A3K4","Protein-tyrosine phosphatase family, Non-receptor class PTPDC1 subfamily"
"A2RRD8","Krueppel C2H2-type zinc-finger protein family"
"A2RU54","HMX homeobox family"
"A2VDF0","RbsD / FucU family"
"A3KN83","SBNO family"
"A4D1S5","Small GTPase superfamily, Rab family"
"A4D2G3","G-protein coupled receptor 1 family"
"A4FU01","Protein-tyrosine phosphatase family, Non-receptor class myotubularin subfamily"
"A5D6W6","FIT family, FIT1 subfamily"
"A5PLN9","TRAPPC13 family"
"A6NC51","DRAM/TMEM150 family"
"A6NCE7","ATG8 family"
"A6NCL1","GEMC1 family"
"A6NCW0","Peptidase C19 family, USP17 subfamily"
"A6ND48","G-protein coupled receptor 1 family"
"A6NDP7","MAL family"
"A6NDU8","RIMOC1 family"
"A6NF83","NUPR family"
"A6NFD8","HEY family"
"A6NFK2","GRXCR2 family"
"A6NFR6","SPATA31 family"
"A6NGB9","Verprolin family"
"A6NGC4","TLCD family"
"A6NGY5","G-protein coupled receptor 1 family"
"A6NH00","G-protein coupled receptor 1 family"
"A6NHC0","Peptidase C2 family"
"A6NHN0","OTOL1 family"
"A6NHT5","HMX homeobox family"
"A6NI79","CCDC69 family"
"A6NJT0","Paired homeobox family, Unc-4 subfamily"
"A6NK97","Major facilitator (TC 2.A.1) superfamily, Organic cation transporter (TC 2.A.1.19) family"
"A6NKD9","CCDC85 family"
"A6NKF1","SAC3 family"
"A6NL88","Shisa family"
"A6NLJ0","C2CD4 family"
"A6NLW8","Paired homeobox family"
"A6NLX3","Speedy/Ringo family"
"A6NM10","MIP/aquaporin (TC 1.A.8) family, AQP11/AQP12 subfamily"
"A6NMB1","Immunoglobulin superfamily, SIGLEC (sialic acid binding Ig-like lectin) family"
"A6NMB9","AAA ATPase family"
"A6NMN3","FAM170 family"
"A6NMY6","Annexin family"
"A6NNA5","Paired homeobox family"
"A6NND4","G-protein coupled receptor 1 family"
"A6NNS2","Short-chain dehydrogenases/reductases (SDR) family"
"A6NNW6","Enolase family"
"A6ZKI3","FAM127 family"
"A7E2F4","GOLGA8 family"
"A7MBM2","Dispatched family"
"A8K979","ERI2 family"
"A8MPP1","DEAD box helicase family, DEAH subfamily, DDX11/CHL1 sub-subfamily"
"A8MQT2","GOLGA8 family"
"A8MUK1","Peptidase C19 family, USP17 subfamily"
"A8MWX3","WASH1 family"
"A8MWY0","ELAPOR family"
"A8MYP8","CIMAP family"
"B1AL88","NALF family"
"B2RU33","POTE family"
"B2RXH8","RRM HNRPC family, RALY subfamily"
"B3EWG3","FAM25 family"
"B4DJY2","CD225/Dispanin family"
"B4DS77","Shisa family, SHISA9 subfamily"
"B8ZZ34","Shisa family"
"B9EJG8","DRAM/TMEM150 family"
"G3V0H7","Organo anion transporter (TC 2.A.60) family"
"G9CGD6","CNKSR family"
"H3BRN8","PIERCE2 family"
"O00230","Somatostatin family"
"O00295","TUB family"
"O00398","G-protein coupled receptor 1 family"
"O00458","IFRD family"
"O14599","VCX/VCY family"
"O14602","EIF-1A family"
"O14626","G-protein coupled receptor 1 family"
"O14709","Krueppel C2H2-type zinc-finger protein family"
"O14718","G-protein coupled receptor 1 family, Opsin subfamily"
"O14841","Oxoprolinase family"
"O14957","UQCR11/QCR10 family"
"O15034","RIMBP family"
"O15069","NAC-alpha family"
"O15090","Krueppel C2H2-type zinc-finger protein family"
"O15218","G-protein coupled receptor 1 family"
"O15235","Universal ribosomal protein uS12 family"
"O15321","Nonaspanin (TM9SF) (TC 9.A.2) family"
"O15335","Small leucine-rich proteoglycan (SLRP) family, SLRP class IV subfamily"
"O15375","Major facilitator superfamily, Monocarboxylate porter (TC 2.A.1.13) family"
"O15403","Major facilitator superfamily, Monocarboxylate porter (TC 2.A.1.13) family"
"O43301","Heat shock protein 70 family"
"O43345","Krueppel C2H2-type zinc-finger protein family"
"O43347","Musashi family"
"O43555","GnRH family"
"O43657","Tetraspanin (TM4SF) family"
"O43677","Complex I NDUFC1 subunit family"
"O43692","CRISP family"
"O43736","ITM2 family"
"O43812","Paired homeobox family"
"O43930","Protein kinase superfamily, AGC Ser/Thr protein kinase family, cAMP subfamily"
"O43934","Unc-93 family"
"O60224","SSX family"
"O60225","SSX family"
"O60234","Actin-binding proteins ADF family, GMF subfamily"
"O60262","G protein gamma family"
"O60299","LZTS3 family"
"O60361","NDK family"
"O60412","G-protein coupled receptor 1 family"
"O60422","CUT homeobox family"
"O60542","TGF-beta family, GDNF subfamily"
"O60676","Cystatin family"
"O60765","Krueppel C2H2-type zinc-finger protein family"
"O60774","FMO family"
"O60811","PRAME family"
"O71037","Beta type-B retroviral envelope protein family, HERV class-II K(HML-2) env subfamily"
"O75123","Krueppel C2H2-type zinc-finger protein family"
"O75153","CLU family"
"O75157","TSC-22/Dip/Bun family"
"O75310","UDP-glycosyltransferase family"
"O75335","Liprin family, Liprin-alpha subfamily"
"O75346","Krueppel C2H2-type zinc-finger protein family"
"O75352","MPDU1 (TC 2.A.43.3) family"
"O75388","G-protein coupled receptor 1 family"
"O75394","Bacterial ribosomal protein bL33 family"
"O75437","Krueppel C2H2-type zinc-finger protein family"
"O75459","GAGE family"
"O75493","Alpha-carbonic anhydrase family"
"O75541","Krueppel C2H2-type zinc-finger protein family"
"O75635","Serpin family, Ov-serpin subfamily"
"O75690","KRTAP type 5 family"
"O75711","SCRG1 family"
"O75715","Glutathione peroxidase family"
"O75764","TFS-II family"
"O75820","Krueppel C2H2-type zinc-finger protein family"
"O75830","Serpin family"
"O75954","Tetraspanin (TM4SF) family"
"O76001","G-protein coupled receptor 1 family"
"O76002","G-protein coupled receptor 1 family"
"O76009","Intermediate filament family"
"O76099","G-protein coupled receptor 1 family"
"O94903","Pyridoxal phosphate-binding protein YggS/PROSC family"
"O94988","FAM13 family"
"O95007","G-protein coupled receptor 1 family"
"O95025","Semaphorin family"
"O95076","Paired homeobox family"
"O95084","Peptidase S1 family"
"O95178","Complex I NDUFB2 subunit family"
"O95190","ODC antizyme family"
"O95222","G-protein coupled receptor 1 family"
"O95336","Glucosamine/galactosamine-6-phosphate isomerase family, 6-phosphogluconolactonase subfamily"
"O95371","G-protein coupled receptor 1 family"
"O95455","NAD(P)-dependent epimerase/dehydratase family, dTDP-glucose dehydratase subfamily"
"O95620","Dus family, Dus4 subfamily"
"O95661","Small GTPase superfamily, Di-Ras family"
"O95665","G-protein coupled receptor 1 family, Neurotensin receptor subfamily, NTSR2 sub-subfamily"
"O95755","Small GTPase superfamily, Rab family"
"O95757","Heat shock protein 70 family"
"O95780","Krueppel C2H2-type zinc-finger protein family"
"O95800","G-protein coupled receptor 1 family"
"O95838","G-protein coupled receptor 2 family"
"O95918","G-protein coupled receptor 1 family"
"P01566","Alpha/beta interferon family"
"P01569","Alpha/beta interferon family"
"P04808","Insulin family"
"P05013","Alpha/beta interferon family"
"P05015","Alpha/beta interferon family"
"P07311","Acylphosphatase family"
"P07316","Beta/gamma-crystallin family"
"P09001","Universal ribosomal protein uL3 family"
"P09093","Peptidase S1 family, Elastase subfamily"
"P09630","Antp homeobox family"
"P0C1H6","Histone H2B family"
"P0C645","G-protein coupled receptor 1 family"
"P0C7H8","KRTAP type 2 family"
"P0C7M4","Paired-like homeobox family, PEPP subfamily"
"P0C7M7","ATP-dependent AMP-binding enzyme family"
"P0C7U3","DHHC palmitoyltransferase family"
"P0C8F1","PATE family"
"P0CE72","Parvalbumin family"
"P0CG13","CTF8 family"
"P0CG29","GST superfamily, Theta family"
"P0CG38","POTE family"
"P0CG38"," Actin family"
"P0CG39","POTE family"
"P0CG39"," Actin family"
"P0CI25","TRIM/RBCC family"
"P0DJ07","PET100 family"
"P0DN77","G-protein coupled receptor 1 family, Opsin subfamily"
"P0DN78","G-protein coupled receptor 1 family, Opsin subfamily"
"P0DN87","Glycoprotein hormones subunit beta family"
"P0DTL6","ZFTRAF1 family"
"P0DUQ2","PRAME family"
"P10072","Krueppel C2H2-type zinc-finger protein family"
"P10266","Beta type-B retroviral polymerase family, HERV class-II K(HML-2) pol subfamily"
"P12872","Motilin family"
"P14621","Acylphosphatase family"
"P15088","Peptidase M14 family"
"P15621","Krueppel C2H2-type zinc-finger protein family"
"P16260","Mitochondrial carrier (TC 2.A.29) family"
"P17019","Krueppel C2H2-type zinc-finger protein family"
"P17025","Krueppel C2H2-type zinc-finger protein family"
"P17026","Krueppel C2H2-type zinc-finger protein family"
"P17029","Krueppel C2H2-type zinc-finger protein family"
"P17030","Krueppel C2H2-type zinc-finger protein family"
"P17031","Krueppel C2H2-type zinc-finger protein family"
"P17032","Krueppel C2H2-type zinc-finger protein family"
"P17035","Krueppel C2H2-type zinc-finger protein family"
"P17038","Krueppel C2H2-type zinc-finger protein family"
"P17039","Krueppel C2H2-type zinc-finger protein family"
"P17097","Krueppel C2H2-type zinc-finger protein family"
"P17098","Krueppel C2H2-type zinc-finger protein family"
"P17538","Peptidase S1 family"
"P19961","Glycosyl hydrolase 13 family"
"P20382","Melanin-concentrating hormone family"
"P21506","Krueppel C2H2-type zinc-finger protein family"
"P22090","Eukaryotic ribosomal protein eS4 family"
"P22531","Cornifin (SPRR) family"
"P22532","Cornifin (SPRR) family"
"P22676","Calbindin family"
"P29762","Calycin superfamily, Fatty-acid binding protein (FABP) family"
"P30408","L6 tetraspanin family"
"P30953","G-protein coupled receptor 1 family"
"P30954","G-protein coupled receptor 1 family"
"P31267","Antp homeobox family"
"P31277","Abd-B homeobox family"
"P33552","CKS family"
"P34820","TGF-beta family"
"P35325","Cornifin (SPRR) family"
"P35410","G-protein coupled receptor 1 family, Mas subfamily"
"P35542","SAA family"
"P36537","UDP-glycosyltransferase family"
"P36915","TRAFAC class YlqF/YawG GTPase family"
"P40313","Peptidase S1 family"
"P42357","PAL/histidase family"
"P42696","RRM RBM34 family"
"P43627","Immunoglobulin superfamily"
"P46095","G-protein coupled receptor 1 family"
"P47775","G-protein coupled receptor 1 family"
"P47874","Olfactory marker protein family"
"P47883","G-protein coupled receptor 1 family"
"P47887","G-protein coupled receptor 1 family"
"P47888","G-protein coupled receptor 1 family"
"P47890","G-protein coupled receptor 1 family"
"P47893","G-protein coupled receptor 1 family"
"P48060","CRISP family"
"P49406","Bacterial ribosomal protein bL19 family"
"P49441","Inositol monophosphatase superfamily"
"P50120","Calycin superfamily, Fatty-acid binding protein (FABP) family"
"P51504","Krueppel C2H2-type zinc-finger protein family"
"P51508","Krueppel C2H2-type zinc-finger protein family"
"P51522","Krueppel C2H2-type zinc-finger protein family"
"P51689","Sulfatase family"
"P51815","Krueppel C2H2-type zinc-finger protein family"
"P52737","Krueppel C2H2-type zinc-finger protein family"
"P52741","Krueppel C2H2-type zinc-finger protein family"
"P52746","Krueppel C2H2-type zinc-finger protein family"
"P54792","DSH family"
"P54793","Sulfatase family"
"P55103","TGF-beta family"
"P55808","CD99 family"
"P56277","CMC4 family"
"P56278","TCL1 family"
"P57058","Protein kinase superfamily, CAMK Ser/Thr protein kinase family, SNF1 subfamily"
"P57773","Connexin family, Alpha-type (group II) subfamily"
"P58166","TGF-beta family"
"P58173","G-protein coupled receptor 1 family"
"P58182","G-protein coupled receptor 1 family"
"P58294","AVIT (prokineticin) family"
"P58317","Krueppel C2H2-type zinc-finger protein family"
"P58549","FXYD family"
"P58557","Endoribonuclease YbeY family"
"P58658","EVA1 family"
"P58872","Peptidase S54 family"
"P59025","TMEM7 family"
"P59045","NLRP family"
"P59074","SNF7 family"
"P59282","TPPP family"
"P59533","G-protein coupled receptor T2R family"
"P59534","G-protein coupled receptor T2R family"
"P59535","G-protein coupled receptor T2R family"
"P59537","G-protein coupled receptor T2R family"
"P59538","G-protein coupled receptor T2R family"
"P59540","G-protein coupled receptor T2R family"
"P59543","G-protein coupled receptor T2R family"
"P59796","Glutathione peroxidase family"
"P59797","SelWTH family"
"P59826","BPI/LBP/Plunc superfamily, BPI/LBP family"
"P60153","Pancreatic ribonuclease family"
"P60331","KRTAP type 10 family"
"P60369","KRTAP type 10 family"
"P60413","KRTAP type 10 family"
"P60509","Gamma type-C retroviral envelope protein family, HERV class-I R(b) env subfamily"
"P60608","Gamma type-C retroviral envelope protein family, HERV class-I F(c)2 env subfamily"
"P60893","G-protein coupled receptor 1 family"
"P60983","Actin-binding proteins ADF family, GMF subfamily"
"P61366","Osteocrin family"
"P61550","Gamma type-C retroviral envelope protein family, HERV class-I T env subfamily"
"P61565","Beta type-B retroviral envelope protein family, HERV class-II K(HML-2) env subfamily"
"P61566","Beta type-B retroviral envelope protein family, HERV class-II K(HML-2) env subfamily"
"P61567","Beta type-B retroviral envelope protein family, HERV class-II K(HML-2) env subfamily"
"P62683","Beta type-B retroviral Gag protein family, HERV class-II K(HML-2) gag subfamily"
"P62684","Beta type-B retroviral Gag protein family, HERV class-II K(HML-2) gag subfamily"
"P63122","Peptidase A2 family, HERV class-II K(HML-2) subfamily"
"P63123","Peptidase A2 family, HERV class-II K(HML-2) subfamily"
"P63126","Beta type-B retroviral Gag protein family, HERV class-II K(HML-2) gag subfamily"
"P63129","Peptidase A2 family, HERV class-II K(HML-2) subfamily"
"P63130","Beta type-B retroviral Gag protein family, HERV class-II K(HML-2) gag subfamily"
"P63131","Peptidase A2 family, HERV class-II K(HML-2) subfamily"
"P63132","Beta type-B retroviral polymerase family, HERV class-II K(HML-2) pol subfamily"
"P63133","Beta type-B retroviral polymerase family, HERV class-II K(HML-2) pol subfamily"
"P63135","Beta type-B retroviral polymerase family, HERV class-II K(HML-2) pol subfamily"
"P63136","Beta type-B retroviral polymerase family, HERV class-II K(HML-2) pol subfamily"
"P63145","Beta type-B retroviral Gag protein family, HERV class-II K(HML-2) gag subfamily"
"P63215","G protein gamma family"
"P63313","Thymosin beta family"
"P78414","TALE/IRO homeobox family"
"P82663","Mitochondrion-specific ribosomal protein mS25 family"
"P82675","Universal ribosomal protein uS5 family"
"P82912","Universal ribosomal protein uS11 family"
"P82921","Bacterial ribosomal protein bS21 family"
"P82933","Universal ribosomal protein uS9 family"
"P82970","HMGN family"
"P82980","Calycin superfamily, Fatty-acid binding protein (FABP) family"
"P83859","RFamide neuropeptide family"
"P84101","SERF family"
"P86791","CCZ1 family"
"P87889","Beta type-B retroviral Gag protein family, HERV class-II K(HML-2) gag subfamily"
"P98169","ZXD family"
"Q00888","Immunoglobulin superfamily, CEA family"
"Q01459","Glycosyl hydrolase 18 family"
"Q01995","Calponin family"
"Q02338","Short-chain dehydrogenases/reductases (SDR) family"
"Q02386","Krueppel C2H2-type zinc-finger protein family"
"Q02509","Phospholipase A2 family"
"Q03169","SEC6 family"
"Q03828","Even-skipped homeobox family"
"Q03936","Krueppel C2H2-type zinc-finger protein family"
"Q05952","Nuclear transition protein 2 family"
"Q05D32","CTDSPL2 family"
"Q06732","Krueppel C2H2-type zinc-finger protein family"
"Q07507","Dermatopontin family"
"Q08ER8","Krueppel C2H2-type zinc-finger protein family"
"Q0D2J5","Krueppel C2H2-type zinc-finger protein family"
"Q0VDG4","Peptidase C69 family, Secernin subfamily"
"Q12796","PNRC family, PNRC1 subfamily"
"Q12901","Krueppel C2H2-type zinc-finger protein family"
"Q12926","RRM elav family"
"Q12988","Small heat shock protein (HSP20) family"
"Q12999","Tetraspanin (TM4SF) family"
"Q13103","SPP2 family"
"Q13106","Krueppel C2H2-type zinc-finger protein family"
"Q13203","Immunoglobulin superfamily, MyBP family"
"Q13398","Krueppel C2H2-type zinc-finger protein family"
"Q13401","DNA mismatch repair MutL/HexB family"
"Q13442","PDAP1 family"
"Q13606","G-protein coupled receptor 1 family"
"Q13607","G-protein coupled receptor 1 family"
"Q14094","Cyclin family"
"Q14201","BTG family"
"Q14206","RCAN family"
"Q14409","FGGY kinase family"
"Q14439","G-protein coupled receptor 1 family"
"Q14576","RRM elav family"
"Q14590","Krueppel C2H2-type zinc-finger protein family"
"Q14593","Krueppel C2H2-type zinc-finger protein family"
"Q14641","Insulin family"
"Q14952","Immunoglobulin superfamily"
"Q14C87","TMEM132 family"
"Q15035","TRAM family"
"Q15048","PRAME family, LRRC14 subfamily"
"Q15181","PPase family"
"Q15238","Immunoglobulin superfamily, CEA family"
"Q15390","MTFR1 family"
"Q15391","G-protein coupled receptor 1 family"
"Q15612","G-protein coupled receptor 1 family"
"Q15617","G-protein coupled receptor 1 family"
"Q15620","G-protein coupled receptor 1 family"
"Q15651","HMGN family"
"Q15760","G-protein coupled receptor 1 family"
"Q15773","MLF family"
"Q15935","Krueppel C2H2-type zinc-finger protein family"
"Q15937","Krueppel C2H2-type zinc-finger protein family"
"Q16538","G-protein coupled receptor 1 family"
"Q16557","Immunoglobulin superfamily, CEA family"
"Q16589","Cyclin family, Cyclin G subfamily"
"Q17RB0","FAM127 family"
"Q17RH7","Paired homeobox family"
"Q17RN3","FAM98 family"
"Q17RR3","AB hydrolase superfamily, Lipase family"
"Q1L6U9","Beta-microseminoprotein family"
"Q1ZZU3","SWI5/SAE3 family"
"Q24JQ0","Nucleotide-sugar transporter family, SLC35A subfamily"
"Q2KJY2","TRAFAC class myosin-kinesin ATPase superfamily, Kinesin family, KIF26 subfamily"
"Q2L4Q9","Peptidase S1 family"
"Q2M2H8","Glycosyl hydrolase 31 family"
"Q2M2I3","FAM83 family"
"Q2M3D2","SEC6 family"
"Q2M3G4","Shroom family"
"Q2M3X9","Krueppel C2H2-type zinc-finger protein family"
"Q2NKX9","UPF0561 family"
"Q2NL82","TRAFAC class translation factor GTPase superfamily, Bms1-like GTPase family, TSR1 subfamily"
"Q2PZI1","Dpy-19 family"
"Q2T9L4","INSYN1 family"
"Q2TAP0","ERF4 family"
"Q2TBC4","Prickle / espinas / testin family"
"Q2VIR3","TRAFAC class translation factor GTPase superfamily, Classic translation factor GTPase family, EIF2G subfamily"
"Q2VWP7","Immunoglobulin superfamily, DCC family"
"Q30KP8","Beta-defensin family"
"Q30KQ9","Beta-defensin family"
"Q32M78","Krueppel C2H2-type zinc-finger protein family"
"Q32MH5","ATOS family"
"Q32ZL2","PA-phosphatase related phosphoesterase family"
"Q3B726","Eukaryotic RPA43 RNA polymerase subunit family"
"Q3BBV0","NBPF family"
"Q3C1V8","Distal-less homeobox family"
"Q3I5F7","C/M/P thioester hydrolase family"
"Q3KNT7","Class I-like SAM-binding methyltransferase superfamily, RsmB/NOP family"
"Q3KPI0","Immunoglobulin superfamily, CEA family"
"Q3LI77","PMG family"
"Q3SY17","Mitochondrial carrier (TC 2.A.29) family"
"Q3SY52","Krueppel C2H2-type zinc-finger protein family"
"Q3SY77","UDP-glycosyltransferase family"
"Q3ZCN5","Otogelin family"
"Q3ZCQ3","FAM174 family"
"Q3ZCT1","Krueppel C2H2-type zinc-finger protein family"
"Q3ZCX4","Krueppel C2H2-type zinc-finger protein family"
"Q495N2","Amino acid/polyamine transporter 2 family"
"Q495X7","TRIM/RBCC family"
"Q49AH0","ARMET family"
"Q49SQ1","G-protein coupled receptor 1 family"
"Q4G0A6","MINDY deubiquitinase family, FAM188 subfamily"
"Q4G0F5","VPS26 family"
"Q4G112","HSF family"
"Q4G148","Glycosyltransferase 8 family"
"Q4G1C9","CRISP family"
"Q4U2R6","Mitochondrion-specific ribosomal protein mL51 family"
"Q4V339","SIMIBI class G3E GTPase family, ZNG1 subfamily"
"Q4VNC0","Cation transport ATPase (P-type) (TC 3.A.3) family, Type V subfamily"
"Q4ZIN3","Membralin family"
"Q50KZ9","G-protein coupled receptor T2R family"
"Q52LR7","Enhancer of polycomb family"
"Q52WX2","Protein kinase superfamily, Ser/Thr protein kinase family"
"Q53G44","IFI44 family"
"Q53GI3","Krueppel C2H2-type zinc-finger protein family"
"Q53RD9","Fibulin family"
"Q53S08","Small GTPase superfamily, Rab family"
"Q562R1","Actin family"
"Q567V2","Peroxisomal membrane protein PXMP2/4 family"
"Q58FF7","Heat shock protein 90 family"
"Q58FF8","Heat shock protein 90 family"
"Q58G82","Synaptotagmin family"
"Q5BIV9","SPRN family"
"Q5BKT4","ALG10 glucosyltransferase family"
"Q5FWF6","Krueppel C2H2-type zinc-finger protein family"
"Q5FYB0","Sulfatase family"
"Q5GAN6","Pancreatic ribonuclease family"
"Q5GH76","XK family"
"Q5GJ75","TNFAIP8 family"
"Q5H9U9","Helicase family"
"Q5HY92","AAA ATPase family"
"Q5HYI7","Metaxin family"
"Q5HYJ1","Steroid 5-alpha reductase family"
"Q5HYM0","ZC3H12 family"
"Q5J5C9","Beta-defensin family"
"Q5JR12","PP2C family"
"Q5JT82","Sp1 C2H2-type zinc-finger protein family"
"Q5JTH9","RRP12 family"
"Q5JU00","DRC5 family"
"Q5JU69","ClpA/ClpB family, Torsin subfamily"
"Q5JUX0","SPIN/STSY family"
"Q5M9Q1","NKAP family"
"Q5MAI5","Protein kinase superfamily, CMGC Ser/Thr protein kinase family, CDC2/CDKX subfamily"
"Q5MJ09","SPAN-X family"
"Q5MJ68","Speedy/Ringo family"
"Q5RIA9","SIMIBI class G3E GTPase family, ZNG1 subfamily"
"Q5SRI9","Glycosyl hydrolase 99 family"
"Q5SY80","CATSPERD family"
"Q5T013","Hyi family"
"Q5T0D9","TPRG1 family"
"Q5T1Q4","SLC35F solute transporter family"
"Q5T215","TRAPP small subunits family, BET3 subfamily"
"Q5T2E6","ARMH3 family"
"Q5T2L2","Aldo/keto reductase family"
"Q5T4T1","TMEM170 family"
"Q5T653","Universal ribosomal protein uL2 family"
"Q5T6V5","QNG1 protein family"
"Q5T7N2","Transposase 22 family"
"Q5T871","Cornifin (SPRR) family"
"Q5TAH2","Monovalent cation:proton antiporter 1 (CPA1) transporter (TC 2.A.36) family"
"Q5TC12","ATP11 family"
"Q5TDP6","Glutamine synthetase family"
"Q5TEA6","Sel-1 family"
"Q5TEC3","Krueppel C2H2-type zinc-finger protein family"
"Q5TEC6","Histone H3 family"
"Q5TH74","STPG1 family"
"Q5TID7","CCDC181 family"
"Q5TYM5","FAM72 family"
"Q5TYW1","Krueppel C2H2-type zinc-finger protein family"
"Q5U623","MCAF family"
"Q5VTE0","TRAFAC class translation factor GTPase superfamily, Classic translation factor GTPase family, EF-Tu/EF-1A subfamily"
"Q5VTE6","CCR4/nocturin family"
"Q5VTQ0","TTC39 family"
"Q5VU65","NUP210 family"
"Q5VU97","Calcium channel subunit alpha-2/delta family"
"Q5VUJ9","DRC8 family"
"Q5VV52","Krueppel C2H2-type zinc-finger protein family"
"Q5VVH5","IRAK1BP1 family"
"Q5VXH4","PRAME family"
"Q5VXJ0","AB hydrolase superfamily, Lipase family"
"Q5VXT5","Synaptophysin/synaptobrevin family"
"Q5VXU1","NKAIN family"
"Q5VYY2","AB hydrolase superfamily, Lipase family"
"Q5VZB9","DMRT family"
"Q5VZP5","Protein-tyrosine phosphatase family, Non-receptor class dual specificity subfamily"
"Q5XG92","Type-B carboxylesterase/lipase family"
"Q63HK3","Krueppel C2H2-type zinc-finger protein family"
"Q63HM1","Kynurenine formamidase family"
"Q641Q3","Meteorin family"
"Q658Y4","FAM91 family"
"Q66K66","TMEM198 family"
"Q66LE6","Phosphatase 2A regulatory subunit B family"
"Q67FW5","Glycosyltransferase 2 family"
"Q68DH5","LIMR family"
"Q68DY1","Krueppel C2H2-type zinc-finger protein family"
"Q69YU5","UQCC6 family"
"Q6A1A2","Protein kinase superfamily, AGC Ser/Thr protein kinase family, PDPK1 subfamily"
"Q6A555","Thioredoxin family"
"Q6AZW8","Krueppel C2H2-type zinc-finger protein family"
"Q6B0K9","Globin family"
"Q6DWJ6","G-protein coupled receptor 1 family"
"Q6GMV3","PTH2 family, PTRHD1 subfamily"
"Q6H9L7","Isthmin family"
"Q6IAN0","Short-chain dehydrogenases/reductases (SDR) family"
"Q6IEE7","TMEM132 family"
"Q6IFH4","G-protein coupled receptor 1 family"
"Q6IMI4","Sulfotransferase 1 family"
"Q6IPR1","Complex I LYR family"
"Q6IPR3","TYW3 family"
"Q6IPT4","Flavoprotein pyridine nucleotide cytochrome reductase family"
"Q6IQ32","Krueppel C2H2-type zinc-finger protein family"
"Q6IV72","Krueppel C2H2-type zinc-finger protein family"
"Q6J272","CIMIP2 family"
"Q6MZT1","RGS7BP/RGS9BP family"
"Q6N063","OGFOD2 family"
"Q6NSZ9","Krueppel C2H2-type zinc-finger protein family"
"Q6NT32","Type-B carboxylesterase/lipase family"
"Q6NUK4","DP1 family"
"Q6NUM6","TYW1 family"
"Q6NUM9","Carotenoid/retinoid oxidoreductase family, CrtISO subfamily"
"Q6NUS8","UDP-glycosyltransferase family"
"Q6NVV7","CDPF1 family"
"Q6NW34","Nepro family"
"Q6NXE6","ARMC6 family"
"Q6NXR4","TTI2 family"
"Q6P1K8","GTF2H2 family"
"Q6P1L8","Universal ribosomal protein uL14 family"
"Q6P2I3","FAH family"
"Q6P3R8","Protein kinase superfamily, NEK Ser/Thr protein kinase family, NIMA subfamily"
"Q6P444","MTFR1 family"
"Q6P499","NIPA family"
"Q6P4D5","FAM122 family"
"Q6P4E1","GOLM family"
"Q6P582","MOZART2 family"
"Q6P5S2","LEG1 family"
"Q6P996","Group II decarboxylase family"
"Q6P9H5","TRAFAC class TrmE-Era-EngA-EngB-Septin-like GTPase superfamily, AIG1/Toc34/Toc159-like paraseptin GTPase family, IAN subfamily"
"Q6PEY0","Connexin family, Beta-type (group I) subfamily"
"Q6PEZ8","Small leucine-rich proteoglycan (SLRP) family, SLRP class V subfamily"
"Q6PF04","Krueppel C2H2-type zinc-finger protein family"
"Q6PIS1","Nucleobase:cation symporter-2 (NCS2) (TC 2.A.40) family"
"Q6PK18","OGFOD3 family"
"Q6PKH6","Short-chain dehydrogenases/reductases (SDR) family"
"Q6Q8B3","CD200R family"
"Q6RSH7","VHL family"
"Q6SJ96","TBP family"
"Q6T310","Small GTPase superfamily, Ras family"
"Q6T4P5","PA-phosphatase related phosphoesterase family"
"Q6TDU7","DNAI7 family"
"Q6UW32","IGFL family"
"Q6UW49","SPESP1 family"
"Q6UWH4","GASK family"
"Q6UWJ1","Monovalent cation:proton antiporter 2 (CPA2) transporter (TC 2.A.37) family"
"Q6UWM5","CRISP family"
"Q6UWM7","Glycosyl hydrolase 1 family, Klotho subfamily"
"Q6UWQ7","IGFL family"
"Q6UWV2","Myelin P0 protein family"
"Q6UX07","Short-chain dehydrogenases/reductases (SDR) family"
"Q6UX73","UPF0764 family"
"Q6UXH9","Peptidase S1 family"
"Q6UXT9","AB hydrolase superfamily, AB hydrolase 4 family"
"Q6UXU4","GSG1 family"
"Q6UXX5","ITIH family"
"Q6VUC0","AP-2 family"
"Q6W3E5","Glycerophosphoryl diester phosphodiesterase family"
"Q6WBX8","Rad9 family"
"Q6X784","Zona pellucida-binding protein Sp38 family"
"Q6XPR3","S100-fused protein family"
"Q6YFQ2","Cytochrome c oxidase subunit 6B family"
"Q6YI46","TVP38/TMEM64 family"
"Q6ZMD2","Major facilitator superfamily, Spinster (TC 2.A.1.49) family"
"Q6ZMR3","LDH/MDH superfamily, LDH family"
"Q6ZMV9","TRAFAC class myosin-kinesin ATPase superfamily, Kinesin family"
"Q6ZN11","Krueppel C2H2-type zinc-finger protein family"
"Q6ZNB6","NFX1 family"
"Q6ZNW5","GDPGP1 family"
"Q6ZP65","BICDR family"
"Q6ZQR2","CFAP77 family"
"Q6ZRH7","CATSPERG family"
"Q6ZS27","Krueppel C2H2-type zinc-finger protein family"
"Q6ZS72","Protein kinase superfamily"
"Q6ZS82","RGS7BP/RGS9BP family"
"Q6ZS86","FGGY kinase family"
"Q6ZSG2","INSYN2 family"
"Q6ZTA4","TRIM/RBCC family"
"Q6ZTI6","Refilin family"
"Q6ZTR7","CIBAR family"
"Q6ZUB1","SPATA31 family"
"Q6ZUT9","RAB6IP1 family"
"Q6ZUX3","Crescerin family"
"Q6ZVX9","ADIPOR family"
"Q6ZW05","Patched family"
"Q6ZWK6","Peptidase S1 family"
"Q701N2","KRTAP type 5 family"
"Q71UM5","Eukaryotic ribosomal protein eS27 family"
"Q75VX8","GAREM family"
"Q76B58","BRINP family"
"Q76KP1","Chondroitin N-acetylgalactosaminyltransferase family"
"Q7L1V2","MON1/SAND family"
"Q7L3S4","Krueppel C2H2-type zinc-finger protein family"
"Q7L3T8","Class-II aminoacyl-tRNA synthetase family"
"Q7L8W6","Diphthine--ammonia ligase family"
"Q7LDI9","Beta type-B retroviral Gag protein family, HERV class-II K(HML-2) gag subfamily"
"Q7RTR8","G-protein coupled receptor T2R family"
"Q7RTS6","Otopetrin family"
"Q7RTU9","Stereocilin family"
"Q7RTV2","GST superfamily, Alpha family"
"Q7RTV3","Krueppel C2H2-type zinc-finger protein family"
"Q7RTY5","Peptidase S1 family"
"Q7RTY7","Peptidase S1 family"
"Q7RTY8","Peptidase S1 family"
"Q7RTY9","Peptidase S1 family"
"Q7RTZ2","Peptidase C19 family, USP17 subfamily"
"Q7Z2W9","Bacterial ribosomal protein bL21 family"
"Q7Z340","Krueppel C2H2-type zinc-finger protein family"
"Q7Z398","Krueppel C2H2-type zinc-finger protein family"
"Q7Z3G6","Prickle / espinas / testin family"
"Q7Z3T1","G-protein coupled receptor 1 family"
"Q7Z3Z3","Argonaute family, Piwi subfamily"
"Q7Z402","TMC family"
"Q7Z404","TMC family"
"Q7Z444","Small GTPase superfamily, Ras family"
"Q7Z4H3","HDDC2 family"
"Q7Z4J2","Glycosyltransferase 6 family"
"Q7Z4M0","REC114 family"
"Q7Z5A4","Peptidase S1 family"
"Q7Z5H4","G-protein coupled receptor 1 family"
"Q7Z5H5","G-protein coupled receptor 1 family"
"Q7Z5M8","Serine esterase family"
"Q7Z601","G-protein coupled receptor 1 family"
"Q7Z6K4","NRARP family"
"Q7Z6P3","Small GTPase superfamily, Rab family"
"Q7Z7B1","PIGW family"
"Q7Z7B7","Beta-defensin family"
"Q7Z7F7","Mitochondrion-specific ribosomal protein mL55 family"
"Q7Z7J7","LHFP family"
"Q7Z7L9","Krueppel C2H2-type zinc-finger protein family"
"Q7Z7M1","G-protein coupled receptor 2 family, Adhesion G-protein coupled receptor (ADGR) subfamily"
"Q86SG7","Glycosyl hydrolase 23 family"
"Q86SH2","ZAR1 family"
"Q86SP6","G-protein coupled receptor 1 family"
"Q86TA1","MOB1/phocein family"
"Q86TD4","TRAFAC class dynamin-like GTPase superfamily, Dynamin/Fzo/YdjA family"
"Q86TJ5","Krueppel C2H2-type zinc-finger protein family"
"Q86TN4","KptA/TPT1 family"
"Q86U38","NOP9 family"
"Q86UA1","PRP39 family"
"Q86UB2","BIVM family"
"Q86UE3","Krueppel C2H2-type zinc-finger protein family"
"Q86UP8","TFII-I family"
"Q86UW8","HAPLN family"
"Q86UY8","5'(3')-deoxyribonucleotidase family"
"Q86V21","ATP-dependent AMP-binding enzyme family"
"Q86VI1","SEC6 family"
"Q86VU5","Class I-like SAM-binding methyltransferase superfamily, Cation-dependent O-methyltransferase family"
"Q86VZ4","LDLR family"
"Q86W11","Krueppel C2H2-type zinc-finger protein family"
"Q86W33","UPF0359 family"
"Q86W67","FAM228 family"
"Q86WI0","LHFP family"
"Q86WK7","Immunoglobulin superfamily, AMIGO family"
"Q86WK9","ADIPOR family"
"Q86WN2","Alpha/beta interferon family"
"Q86WS3","PLAC1 family"
"Q86WW8","PET191 family"
"Q86X19","TMEM17 family"
"Q86X76","Carbon-nitrogen hydrolase superfamily, NIT1/NIT2 family"
"Q86X83","COMM domain-containing protein 2 family"
"Q86XD5","FAM131 family"
"Q86XH1","AAA ATPase family, DRC11 subfamily"
"Q86XR2","Niban family"
"Q86XW9","NDK family"
"Q86Y79","PTH family"
"Q86YE8","Krueppel C2H2-type zinc-finger protein family"
"Q86YV6","Protein kinase superfamily, CAMK Ser/Thr protein kinase family"
"Q8IUC0","PMG family"
"Q8IUE0","TALE/TGIF homeobox family"
"Q8IUE1","TALE/TGIF homeobox family"
"Q8IUR0","TRAPP small subunits family, BET3 subfamily"
"Q8IV01","Synaptotagmin family"
"Q8IV13","Cyclin family, Cyclin J subfamily"
"Q8IVN3","MUSTN1 family"
"Q8IVW1","Small GTPase superfamily, Arf family"
"Q8IW03","SINA (Seven in absentia) family"
"Q8IWF6","DENND6 family"
"Q8IWY8","Krueppel C2H2-type zinc-finger protein family"
"Q8IX06","REXO1/REXO3 family"
"Q8IX18","DEAD box helicase family, DEAH subfamily"
"Q8IXS8","Hyccin family"
"Q8IXT2","DMRT family"
"Q8IXY8","Cyclophilin-type PPIase family"
"Q8IXZ3","Sp1 C2H2-type zinc-finger protein family"
"Q8IY50","SLC35F solute transporter family"
"Q8IYK8","Small GTPase superfamily, RGK family"
"Q8IYL2","TRM44 family"
"Q8IYN2","TFS-II family, TFA subfamily"
"Q8IYW2","CFAP46 family"
"Q8IYX0","Krueppel C2H2-type zinc-finger protein family"
"Q8IZ26","Krueppel C2H2-type zinc-finger protein family"
"Q8IZ57","VMP family"
"Q8IZ73","Pseudouridine synthase RluA family"
"Q8IZ83","Aldehyde dehydrogenase family"
"Q8IZJ0","Lambda interferon family"
"Q8IZM9","Amino acid/polyamine transporter 2 family"
"Q8IZP7","Sulfotransferase 6 family"
"Q8IZS6","Dynein light chain Tctex-type family"
"Q8IZT9","XLR/SYCP3 family"
"Q8IZV2","Chemokine-like factor family"
"Q8N0Y7","Phosphoglycerate mutase family, BPG-dependent PGAM subfamily"
"Q8N0Z8","TRNA pseudouridine synthase TruA family"
"Q8N109","Immunoglobulin superfamily"
"Q8N111","CEND1 family"
"Q8N118","Cytochrome P450 family"
"Q8N128","FAM177 family"
"Q8N184","Krueppel C2H2-type zinc-finger protein family"
"Q8N1S5","ZIP transporter (TC 2.A.5) family"
"Q8N292","GAPT family"
"Q8N2H3","Carotenoid/retinoid oxidoreductase family"
"Q8N3J9","Krueppel C2H2-type zinc-finger protein family"
"Q8N436","Peptidase M14 family"
"Q8N442","TRAFAC class translation factor GTPase superfamily, Classic translation factor GTPase family, LepA subfamily"
"Q8N4G2","Small GTPase superfamily, Arf family"
"Q8N4H5","Tom5 family"
"Q8N4P2","TTC30/dfy-1/fleer family"
"Q8N4Q0","Zinc-containing alcohol dehydrogenase family, Quinone oxidoreductase subfamily"
"Q8N4U5","TCP11 family"
"Q8N5C7","TDD superfamily, DTWD1 family"
"Q8N5H3","FAM89 family"
"Q8N5L8","Histone-like Alba family"
"Q8N5M4","TTC9 family"
"Q8N5N7","Mitochondrion-specific ribosomal protein mL50 family"
"Q8N5S1","Mitochondrial carrier (TC 2.A.29) family"
"Q8N628","G-protein coupled receptor 1 family"
"Q8N690","Beta-defensin family"
"Q8N699","MYCT1 family"
"Q8N6S5","ARL6IP6 family"
"Q8N6T0","TOP6B-like family"
"Q8N7K0","Krueppel C2H2-type zinc-finger protein family"
"Q8N7M2","Krueppel C2H2-type zinc-finger protein family"
"Q8N7P3","Claudin family"
"Q8N7R7","Cyclin family, Cyclin Y subfamily"
"Q8N819","PP2C family"
"Q8N823","Krueppel C2H2-type zinc-finger protein family"
"Q8N831","Nucleosome assembly protein (NAP) family"
"Q8N859","Krueppel C2H2-type zinc-finger protein family"
"Q8N883","Krueppel C2H2-type zinc-finger protein family"
"Q8N8A6","DEAD box helicase family, DDX51/DBP6 subfamily"
"Q8N8F6","YIP1 family"
"Q8N8G2","Vestigial family"
"Q8N8J6","Krueppel C2H2-type zinc-finger protein family"
"Q8N8L2","Krueppel C2H2-type zinc-finger protein family"
"Q8N8Q9","NIPA family"
"Q8N8Y5","Krueppel C2H2-type zinc-finger protein family"
"Q8N8Z8","Krueppel C2H2-type zinc-finger protein family"
"Q8N954","GPATCH11 family"
"Q8N988","Krueppel C2H2-type zinc-finger protein family"
"Q8N9H8","Mut-7 family"
"Q8N9L1","GLI C2H2-type zinc-finger protein family"
"Q8N9S9","Sorting nexin family"
"Q8N9W4","GOLGA6 family"
"Q8N9Z0","Krueppel C2H2-type zinc-finger protein family"
"Q8N9Z9","Intermediate filament family"
"Q8NAA4","WD repeat ATG16 family"
"Q8NAF0","Krueppel C2H2-type zinc-finger protein family"
"Q8NAT2","TDRD5 family"
"Q8NB37","Peptidase C56 family"
"Q8NBF6","AVL9 family"
"Q8NBH2","Transglutaminase-like superfamily"
"Q8NBM8","Prenylcysteine oxidase family"
"Q8NBV4","PA-phosphatase related phosphoesterase family"
"Q8NBX0","Saccharopine dehydrogenase family"
"Q8NC96","NECAP family"
"Q8NCA9","Krueppel C2H2-type zinc-finger protein family"
"Q8NCK3","Krueppel C2H2-type zinc-finger protein family"
"Q8NCQ7","PROCA1 family"
"Q8NCV1","ADAD family"
"Q8ND07","BBOF1 family"
"Q8ND71","TRAFAC class TrmE-Era-EngA-EngB-Septin-like GTPase superfamily, AIG1/Toc34/Toc159-like paraseptin GTPase family, IAN subfamily"
"Q8NDV2","G-protein coupled receptor 1 family"
"Q8NDX6","Krueppel C2H2-type zinc-finger protein family"
"Q8NE28","Protein kinase superfamily, Ser/Thr protein kinase family, STKL subfamily"
"Q8NE62","GMC oxidoreductase family"
"Q8NEG0","GARIN family"
"Q8NEG4","FAM83 family"
"Q8NEP9","Krueppel C2H2-type zinc-finger protein family"
"Q8NET1","Beta-defensin family"
"Q8NF86","Peptidase S1 family"
"Q8NFI3","Glycosyl hydrolase 85 family"
"Q8NFK1","Connexin family, Gamma-type subfamily"
"Q8NFW1","Fibril-associated collagens with interrupted helices (FACIT) family"
"Q8NG04","SLC26A/SulP transporter (TC 2.A.53) family"
"Q8NG48","Protein lines family"
"Q8NG68","Tubulin--tyrosine ligase family"
"Q8NG84","G-protein coupled receptor 1 family"
"Q8NGA0","G-protein coupled receptor 1 family"
"Q8NGA4","G-protein coupled receptor 1 family"
"Q8NGC8","G-protein coupled receptor 1 family"
"Q8NGD0","G-protein coupled receptor 1 family"
"Q8NGE3","G-protein coupled receptor 1 family"
"Q8NGG2","G-protein coupled receptor 1 family"
"Q8NGH7","G-protein coupled receptor 1 family"
"Q8NGI2","G-protein coupled receptor 1 family"
"Q8NGK2","G-protein coupled receptor 1 family"
"Q8NGM9","G-protein coupled receptor 1 family"
"Q8NGN3","G-protein coupled receptor 1 family"
"Q8NGN6","G-protein coupled receptor 1 family"
"Q8NGQ1","G-protein coupled receptor 1 family"
"Q8NGR2","G-protein coupled receptor 1 family"
"Q8NGR6","G-protein coupled receptor 1 family"
"Q8NGS2","G-protein coupled receptor 1 family"
"Q8NGS8","G-protein coupled receptor 1 family"
"Q8NGT0","G-protein coupled receptor 1 family"
"Q8NGV6","G-protein coupled receptor 1 family"
"Q8NGW1","G-protein coupled receptor 1 family"
"Q8NGW6","G-protein coupled receptor 1 family"
"Q8NGX3","G-protein coupled receptor 1 family"
"Q8NGY0","G-protein coupled receptor 1 family"
"Q8NGY3","G-protein coupled receptor 1 family"
"Q8NH19","G-protein coupled receptor 1 family"
"Q8NH43","G-protein coupled receptor 1 family"
"Q8NH48","G-protein coupled receptor 1 family"
"Q8NH59","G-protein coupled receptor 1 family"
"Q8NH69","G-protein coupled receptor 1 family"
"Q8NH85","G-protein coupled receptor 1 family"
"Q8NH87","G-protein coupled receptor 1 family"
"Q8NH92","G-protein coupled receptor 1 family"
"Q8NH94","G-protein coupled receptor 1 family"
"Q8NHC8","G-protein coupled receptor 1 family"
"Q8NHK3","Immunoglobulin superfamily"
"Q8NHM4","Peptidase S1 family, Tryptase subfamily"
"Q8NHP7","EXD1 family"
"Q8NHR7","TERB2 family"
"Q8NHY6","Krueppel C2H2-type zinc-finger protein family"
"Q8TAA3","Peptidase T1A family"
"Q8TAA5","GrpE family"
"Q8TAE6","PP1 inhibitor family"
"Q8TAF7","Krueppel C2H2-type zinc-finger protein family"
"Q8TAG6","Vexin family"
"Q8TAL6","FIBIN family"
"Q8TAV4","Band 7/mec-2 family"
"Q8TB96","TIP family"
"Q8TBF5","PIGX family"
"Q8TBF8","FAM81 family"
"Q8TBH0","Arrestin family"
"Q8TBP6","Mitochondrial carrier (TC 2.A.29) family"
"Q8TBQ9","KISH family"
"Q8TBZ5","Krueppel C2H2-type zinc-finger protein family"
"Q8TC21","Krueppel C2H2-type zinc-finger protein family"
"Q8TC56","GARIN family"
"Q8TC76","FAM110 family"
"Q8TCB6","G-protein coupled receptor 1 family"
"Q8TCC3","Universal ribosomal protein uL30 family"
"Q8TCD1","UPF0729 family"
"Q8TCD6","HAD-like hydrolase superfamily, PHOSPHO family"
"Q8TCW9","G-protein coupled receptor 1 family"
"Q8TD20","Major facilitator superfamily, Sugar transporter (TC 2.A.1.1) family, Glucose transporter subfamily"
"Q8TD94","Sp1 C2H2-type zinc-finger protein family"
"Q8TDE3","Pancreatic ribonuclease family"
"Q8TDM0","Cappuccino family"
"Q8TDN6","BRX1 family"
"Q8TDS7","G-protein coupled receptor 1 family, Mas subfamily"
"Q8TDU9","G-protein coupled receptor 1 family"
"Q8TDV2","G-protein coupled receptor 1 family"
"Q8TDV5","G-protein coupled receptor 1 family"
"Q8TDW4","ST7 family"
"Q8TDY8","Immunoglobulin superfamily, DCC family"
"Q8TE69","EOLA family"
"Q8TET4","Glycosyl hydrolase 31 family"
"Q8TF39","Krueppel C2H2-type zinc-finger protein family"
"Q8TF45","Krueppel C2H2-type zinc-finger protein family"
"Q8TF64","GIPC family"
"Q8TF68","Krueppel C2H2-type zinc-finger protein family"
"Q8WUA2","Cyclophilin-type PPIase family, PPIL4 subfamily"
"Q8WUH1","Churchill family"
"Q8WUJ1","Cytochrome b5 family, MAPR subfamily"
"Q8WUX2","Gamma-glutamylcyclotransferase family, ChaC subfamily"
"Q8WUY8","Camello family"
"Q8WUZ0","BCL7 family"
"Q8WV07","LTO1 family"
"Q8WV60","PTCD2 family"
"Q8WVE0","Class I-like SAM-binding methyltransferase superfamily, EFM5 family"
"Q8WVH0","Complexin/synaphin family"
"Q8WVI0","UQCC5 family"
"Q8WW27","Cytidine and deoxycytidylate deaminase family"
"Q8WWG1","Neuregulin family"
"Q8WWW8","GAB family"
"Q8WXA2","PATE family"
"Q8WXB4","Krueppel C2H2-type zinc-finger protein family"
"Q8WXQ8","Peptidase M14 family"
"Q8WYN3","AXUD1 family"
"Q8WZ79","DNase II family"
"Q8WZ84","G-protein coupled receptor 1 family"
"Q8WZ94","G-protein coupled receptor 1 family"
"Q8WZA6","G-protein coupled receptor 1 family"
"Q902F8","Beta type-B retroviral envelope protein family, HERV class-II K(HML-2) env subfamily"
"Q902F9","Beta type-B retroviral envelope protein family, HERV class-II K(HML-2) env subfamily"
"Q92561","PHYHIP family"
"Q92610","Krueppel C2H2-type zinc-finger protein family"
"Q92617","NPIP family"
"Q92747","WD repeat ARPC1 family"
"Q92771","DEAD box helicase family, DEAH subfamily, DDX11/CHL1 sub-subfamily"
"Q92828","WD repeat coronin family"
"Q92914","Heparin-binding growth factors family"
"Q92928","Small GTPase superfamily, Rab family"
"Q93075","Metallo-dependent hydrolases superfamily, TatD-type hydrolase family"
"Q969I3","Glycine N-acyltransferase family"
"Q969M2","Connexin family, Alpha-type (group II) subfamily"
"Q969N4","G-protein coupled receptor 1 family"
"Q969Q0","Eukaryotic ribosomal protein eL42 family"
"Q969Q4","Small GTPase superfamily, Arf family"
"Q969T3","Sorting nexin family"
"Q969V1","G-protein coupled receptor 1 family"
"Q969W8","Krueppel C2H2-type zinc-finger protein family"
"Q96A00","PP1 inhibitor family"
"Q96A04","TSACC family"
"Q96A05","V-ATPase E subunit family"
"Q96A23","Copine family"
"Q96A35","Universal ribosomal protein uL24 family"
"Q96A46","Mitochondrial carrier (TC 2.A.29) family"
"Q96A73","P33MONOX family"
"Q96A98","Parathyroid hormone family"
"Q96AC6","TRAFAC class myosin-kinesin ATPase superfamily, Kinesin family"
"Q96AM1","G-protein coupled receptor 1 family, Mas subfamily"
"Q96B45","BORCS7 family"
"Q96B77","TMEM186 family"
"Q96BH3","Seminal plasma protein family"
"Q96BN6","FAM149 family"
"Q96BQ1","FAM3 family"
"Q96BQ3","TRIM/RBCC family"
"Q96BV0","Krueppel C2H2-type zinc-finger protein family"
"Q96C01","FAM136 family"
"Q96C28","Krueppel C2H2-type zinc-finger protein family"
"Q96CH1","G-protein coupled receptor 1 family"
"Q96CM4","Nucleoredoxin family"
"Q96CW6","IWR1/SLC7A6OS family"
"Q96CX3","Krueppel C2H2-type zinc-finger protein family"
"Q96DC8","Enoyl-CoA hydratase/isomerase family"
"Q96DD7","Shisa family"
"Q96DY2","DRC10 family"
"Q96DY7","MTBP family"
"Q96EK7","Constitutive coactivator of PPAR-gamma family"
"Q96ER3","SAAL1 family"
"Q96EY9","Cytidine and deoxycytidylate deaminase family, ADAT3 subfamily"
"Q96FC7","PHYHIP family"
"Q96FN5","TRAFAC class myosin-kinesin ATPase superfamily, Kinesin family"
"Q96FN9","DTD family"
"Q96FV2","Peptidase C69 family, Secernin subfamily"
"Q96GC5","Mitochondrion-specific ribosomal protein mL48 family"
"Q96GK7","FAH family"
"Q96GX2","SGF11 family"
"Q96GY0","ZC2HC1 family"
"Q96H78","Mitochondrial carrier (TC 2.A.29) family"
"Q96HJ9","FMC1 family"
"Q96HL8","SH3YL1 family"
"Q96HQ0","Krueppel C2H2-type zinc-finger protein family"
"Q96HQ2","CARF family"
"Q96I27","Krueppel C2H2-type zinc-finger protein family"
"Q96J77","TPD52 family"
"Q96J86","CYYR1 family"
"Q96JA4","MS4A family"
"Q96JC4","Krueppel C2H2-type zinc-finger protein family"
"Q96JK4","HHIP family"
"Q96JT2","Glycoside-pentoside-hexuronide (GPH) cation symporter transporter (TC 2.A.2) family"
"Q96K49","LU7TM family, TMEM87 subfamily"
"Q96K62","Krueppel C2H2-type zinc-finger protein family"
"Q96KC2","Small GTPase superfamily, Arf family"
"Q96KN1","LRATD family"
"Q96KS9","FAM167 (SEC) family"
"Q96KX0","Glycosyl hydrolase 22 family"
"Q96KX2","F-actin-capping protein alpha subunit family"
"Q96L14","CEP170 family"
"Q96L15","Arg-specific ADP-ribosyltransferase family"
"Q96L94","Sorting nexin family"
"Q96LA9","G-protein coupled receptor 1 family, Mas subfamily"
"Q96LD1","Sarcoglycan beta/delta/gamma/zeta family"
"Q96LR4","TAFA family"
"Q96LU7","MRF family"
"Q96LW2","Protein kinase superfamily, Ser/Thr protein kinase family"
"Q96LW9","Krueppel C2H2-type zinc-finger protein family"
"Q96M95","CFAP73 family"
"Q96MA1","DMRT family"
"Q96MI6","PP2C family"
"Q96MM6","Heat shock protein 70 family"
"Q96N23","CFAP54 family"
"Q96N28","Slowmo family"
"Q96N38","Krueppel C2H2-type zinc-finger protein family"
"Q96ND0","FAM210 family"
"Q96NL0","RUNDC3 family"
"Q96NL1","TMEM74 family"
"Q96NL3","Krueppel C2H2-type zinc-finger protein family"
"Q96NU0","Neurexin family"
"Q96NU7","Metallo-dependent hydrolases superfamily, HutI family"
"Q96NX9","DACH/dachshund family"
"Q96P69","G-protein coupled receptor 1 family"
"Q96PB8","LRRC3 family"
"Q96PE6","Krueppel C2H2-type zinc-finger protein family"
"Q96PL1","Secretoglobin family, UGRP subfamily"
"Q96PU9","CIMAP family"
"Q96QR1","Secretoglobin family, UGRP subfamily"
"Q96QS1","Tetraspanin (TM4SF) family"
"Q96QZ0","Pannexin family"
"Q96R48","G-protein coupled receptor 1 family"
"Q96RA2","G-protein coupled receptor 1 family"
"Q96RI9","G-protein coupled receptor 1 family"
"Q96RK1","CITED family"
"Q96RP8","Potassium channel family, A (Shaker) (TC 1.A.1.2) subfamily, Kv1.7/KCNA7 sub-subfamily"
"Q96RV3","Pecanex family"
"Q96S79","Small GTPase superfamily, Ras family"
"Q96S96","Phosphatidylethanolamine-binding protein family"
"Q96SC8","DMRT family"
"Q96SE0","AB hydrolase superfamily, AB hydrolase 4 family"
"Q96SE7","Krueppel C2H2-type zinc-finger protein family"
"Q96SJ8","Tetraspanin (TM4SF) family"
"Q96SK3","Krueppel C2H2-type zinc-finger protein family"
"Q96SM3","Peptidase M14 family"
"Q96SR6","Krueppel C2H2-type zinc-finger protein family"
"Q99218","Amelogenin family"
"Q99442","SEC62 family"
"Q99525","Histone H4 family"
"Q99678","G-protein coupled receptor 1 family"
"Q99727","Protease inhibitor I35 (TIMP) family"
"Q99805","Nonaspanin (TM9SF) (TC 9.A.2) family"
"Q99811","Paired homeobox family"
"Q99819","Rho GDI family"
"Q99865","SPIN/STSY family"
"Q99954","PROL1/PROL3 family"
"Q9BPW4","Apolipoprotein L family"
"Q9BPX5","ARPC5 family"
"Q9BPY3","FAM118 family"
"Q9BQ08","Resistin/FIZZ family"
"Q9BQC6","Mitochondrion-specific ribosomal protein mL63 family"
"Q9BQI7","PSD family"
"Q9BQN1","FAM83 family"
"Q9BQQ7","TMEM7 family"
"Q9BQR3","Peptidase S1 family"
"Q9BQS6","Small heat shock protein (HSP20) family"
"Q9BR84","Krueppel C2H2-type zinc-finger protein family"
"Q9BRN9","TM2 family"
"Q9BRQ4","CFAP300 family"
"Q9BRR8","GPATCH1 family"
"Q9BRT6","Learning-associated protein family"
"Q9BRU2","TFS-II family, TFA subfamily"
"Q9BRY0","ZIP transporter (TC 2.A.5) family"
"Q9BSG5","Folate receptor family"
"Q9BSK1","Krueppel C2H2-type zinc-finger protein family"
"Q9BT73","PSMG3 family"
"Q9BT76","Uroplakin-3 family"
"Q9BTM1","Histone H2A family"
"Q9BTV6","DPH7 family"
"Q9BU23","Lipase maturation factor family"
"Q9BU70","TRNA methyltransferase O family"
"Q9BUK0","CHCHD7 family"
"Q9BUT9","MCRIP family"
"Q9BVC5","Ashwin family"
"Q9BW30","TPPP family"
"Q9BWW8","Apolipoprotein L family"
"Q9BX82","Krueppel C2H2-type zinc-finger protein family"
"Q9BX93","Phospholipase A2 family"
"Q9BXA9","Sal C2H2-type zinc-finger protein family"
"Q9BXK1","Sp1 C2H2-type zinc-finger protein family"
"Q9BXT2","PMP-22/EMP/MP20 family, CACNG subfamily"
"Q9BXU3","TEX13 family"
"Q9BXU8","Ferritin family"
"Q9BY21","G-protein coupled receptor 1 family"
"Q9BYC2","3-oxoacid CoA-transferase family"
"Q9BYC9","Bacterial ribosomal protein bL20 family"
"Q9BYD1","Universal ribosomal protein uL13 family"
"Q9BYD2","Bacterial ribosomal protein bL9 family"
"Q9BYD3","Universal ribosomal protein uL4 family"
"Q9BYD6","Universal ribosomal protein uL1 family"
"Q9BYN8","Mitochondrion-specific ribosomal protein mS26 family"
"Q9BYQ8","KRTAP type 4 family"
"Q9BYQ9","KRTAP type 4 family"
"Q9BZ76","Neurexin family"
"Q9BZE1","Mitochondrion-specific ribosomal protein mL37 family"
"Q9BZI1","TALE/IRO homeobox family"
"Q9BZJ6","G-protein coupled receptor 1 family"
"Q9C075","Intermediate filament family"
"Q9C099","LRRCC1 family"
"Q9C0B6","BRINP family"
"Q9C0D7","ZC3H12 family"
"Q9C0E4","GRIP2 family"
"Q9GZK4","G-protein coupled receptor 1 family"
"Q9GZK6","G-protein coupled receptor 1 family"
"Q9GZM6","G-protein coupled receptor 1 family"
"Q9GZP1","VMP family"
"Q9GZP4","PITHD1 family"
"Q9GZP7","G-protein coupled receptor 1 family"
"Q9GZT6","CCDC90 family"
"Q9GZY4","COA1 family"
"Q9GZZ0","Antp homeobox family, Labial subfamily"
"Q9H009","NAC-alpha family"
"Q9H094","NBPF family"
"Q9H0C3","TMEM117 family"
"Q9H0I9","Transketolase family"
"Q9H0U9","Nucleosome assembly protein (NAP) family"
"Q9H0V1","TMEM168 family"
"Q9H0X4","FAM234 family"
"Q9H175","AXUD1 family"
"Q9H1A7","Archaeal Rpo11/eukaryotic RPB11/RPC19 RNA polymerase subunit family"
"Q9H1C0","G-protein coupled receptor 1 family"
"Q9H1Z8","Augurin family"
"Q9H1Z9","Tetraspanin (TM4SF) family"
"Q9H205","G-protein coupled receptor 1 family"
"Q9H207","G-protein coupled receptor 1 family"
"Q9H208","G-protein coupled receptor 1 family"
"Q9H209","G-protein coupled receptor 1 family"
"Q9H210","G-protein coupled receptor 1 family"
"Q9H2T7","Exportin family"
"Q9H2X8","IFI6/IFI27 family"
"Q9H2Y9","Organo anion transporter (TC 2.A.60) family"
"Q9H330","Autoinducer-2 exporter (AI-2E) (TC 2.A.86) family"
"Q9H336","CRISP family"
"Q9H339","G-protein coupled receptor 1 family"
"Q9H340","G-protein coupled receptor 1 family"
"Q9H341","G-protein coupled receptor 1 family"
"Q9H342","G-protein coupled receptor 1 family"
"Q9H3E2","Sorting nexin family"
"Q9H3G5","Peptidase S10 family"
"Q9H3Z7","AB hydrolase superfamily, ABHD16 family"
"Q9H446","RWDD1/GIR2 family"
"Q9H4A4","Peptidase M1 family"
"Q9H4B8","Metallo-dependent hydrolases superfamily, Peptidase M19 family"
"Q9H4G1","Cystatin family"
"Q9H4I8","AB hydrolase superfamily"
"Q9H4K1","RIB43A family"
"Q9H501","ESF1 family"
"Q9H568","Actin family"
"Q9H609","Krueppel C2H2-type zinc-finger protein family"
"Q9H6A9","Pecanex family"
"Q9H6F2","TMEM38 family"
"Q9H6X4","TMEM134/TMEM230 family"
"Q9H6Y2","WD repeat WDR55 family"
"Q9H720","PGAP2IP family"
"Q9H7C9","AAMDC family"
"Q9H7R0","Krueppel C2H2-type zinc-finger protein family"
"Q9H7U1","CCSER family"
"Q9H7X7","Small GTPase superfamily, Rab family"
"Q9H853","Tubulin family"
"Q9H857","5'(3')-deoxyribonucleotidase family"
"Q9H8Y1","Vertnin family"
"Q9H920","RNF121 family"
"Q9H967","WD repeat DDB2/WDR76 family"
"Q9H9H5","STOP family"
"Q9HA64","Fructosamine kinase family"
"Q9HA92","Anaerobic coproporphyrinogen-III oxidase family, HemW subfamily"
"Q9HB09","Bcl-2 family"
"Q9HB40","Peptidase S10 family"
"Q9HBA9","Peptidase M28 family, M28B subfamily"
"Q9HBQ8","GOLGA2 family"
"Q9HBR0","Amino acid/polyamine transporter 2 family"
"Q9HBU9","Popeye family"
"Q9HBV1","Popeye family"
"Q9HC38","Glyoxalase I family"
"Q9HCG1","Krueppel C2H2-type zinc-finger protein family"
"Q9HCT0","Heparin-binding growth factors family"
"Q9HD33","Universal ribosomal protein uL29 family"
"Q9HD64","GAGE family"
"Q9HDB9","Beta type-B retroviral Gag protein family, HERV class-II K(HML-2) gag subfamily"
"Q9N2J8","Gamma type-C retroviral envelope protein family, HERV class-I H env subfamily"
"Q9NP92","Mitochondrion-specific ribosomal protein mL65 family"
"Q9NPB8","Glycerophosphoryl diester phosphodiesterase family"
"Q9NPD7","Neuritin family"
"Q9NPH6","Calycin superfamily, Lipocalin family"
"Q9NQ03","Snail C2H2-type zinc-finger protein family"
"Q9NQA3","WASH1 family"
"Q9NQE7","Peptidase S28 family"
"Q9NQN1","G-protein coupled receptor 1 family"
"Q9NQT6","Fascin family"
"Q9NQX6","Krueppel C2H2-type zinc-finger protein family"
"Q9NR77","Peroxisomal membrane protein PXMP2/4 family"
"Q9NRG7","NAD(P)-dependent epimerase/dehydratase family, SDR39U1 subfamily"
"Q9NRJ5","Poly(A) polymerase family"
"Q9NRM2","ZNF277 family"
"Q9NRN5","OLFML3 family"
"Q9NRU3","ACDP family"
"Q9NRV9","HEBP family"
"Q9NRY5","FAM114 family"
"Q9NS25","SPAN-X family"
"Q9NS26","SPAN-X family"
"Q9NS66","G-protein coupled receptor 1 family"
"Q9NS98","Semaphorin family"
"Q9NSD7","G-protein coupled receptor 1 family"
"Q9NSI2","SLX9 family"
"Q9NSI5","Immunoglobulin superfamily"
"Q9NSY0","Protein kinase superfamily, Ser/Thr protein kinase family"
"Q9NTI7","INKA family"
"Q9NTX5","Enoyl-CoA hydratase/isomerase family"
"Q9NUA8","Krueppel C2H2-type zinc-finger protein family"
"Q9NUG6","Prefoldin subunit beta family"
"Q9NUP1","BLOC1S4 family"
"Q9NUP7","Methyltransferase TRM13 family"
"Q9NUQ6","SPATS2 family"
"Q9NUQ8","ABC transporter superfamily, ABCF family, EF3 subfamily"
"Q9NV66","TYW1 family"
"Q9NV72","Krueppel C2H2-type zinc-finger protein family"
"Q9NVQ4","FAIM1 family"
"Q9NVR7","TBCC family"
"Q9NVS2","Bacterial ribosomal protein bS18 family, Mitochondrion-specific ribosomal protein mL66 subfamily"
"Q9NVZ3","NECAP family"
"Q9NWA0","Mediator complex subunit 9 family"
"Q9NWC5","TMEM45 family"
"Q9NWV4","UPF0587 family"
"Q9NX20","Universal ribosomal protein uL16 family"
"Q9NX38","ABITRAM family"
"Q9NXH3","PP1 inhibitor family"
"Q9NXK6","ADIPOR family"
"Q9NXL6","SID1 family"
"Q9NXN4","GDAP2 family"
"Q9NY43","BAR homeobox family"
"Q9NY57","Protein kinase superfamily, Ser/Thr protein kinase family"
"Q9NYF5","FAM13 family"
"Q9NYJ1","COA4 family"
"Q9NYL4","FKBP-type PPIase family"
"Q9NYL9","Tropomodulin family"
"Q9NYN1","Small GTPase superfamily, Ras family"
"Q9NYR8","Short-chain dehydrogenases/reductases (SDR) family"
"Q9NYV9","G-protein coupled receptor T2R family"
"Q9NYW1","G-protein coupled receptor T2R family"
"Q9NYW2","G-protein coupled receptor T2R family"
"Q9NYW3","G-protein coupled receptor T2R family"
"Q9NYW6","G-protein coupled receptor T2R family"
"Q9NYW7","G-protein coupled receptor T2R family"
"Q9NZ32","Actin family"
"Q9NZH5","Securin family"
"Q9NZQ0","Small GTPase superfamily, Rab family"
"Q9NZQ9","Tropomodulin family"
"Q9NZT2","Opioid growth factor receptor family"
"Q9NZW5","MAGUK family"
"Q9P015","Universal ribosomal protein uL15 family"
"Q9P031","TAP26 family"
"Q9P0J6","Bacterial ribosomal protein bL36 family"
"Q9P0M4","IL-17 family"
"Q9P0M9","Bacterial ribosomal protein bL27 family"
"Q9P104","DOK family, Type B subfamily"
"Q9P1U1","Actin family, ARP3 subfamily"
"Q9P242","NYAP family"
"Q9P244","LRFN family"
"Q9P265","DIP2 family"
"Q9P291","Eutherian X-chromosome-specific Armcx family"
"Q9P299","Adaptor complexes small subunit family"
"Q9P2C4","TMEM181 family"
"Q9P2D8","Unc-79 family"
"Q9P2J8","Krueppel C2H2-type zinc-finger protein family"
"Q9QC07","Beta type-B retroviral polymerase family, HERV class-II K(HML-2) pol subfamily"
"Q9UBG7","Su(H) family"
"Q9UDV7","Krueppel C2H2-type zinc-finger protein family"
"Q9UDX5","MTFP1 family"
"Q9UH62","Eutherian X-chromosome-specific Armcx family"
"Q9UHA3","Eukaryotic ribosomal protein eL24 family"
"Q9UHF5","IL-17 family"
"Q9UHP9","SMPX family"
"Q9UHW5","GPN-loop GTPase family"
"Q9UI15","Calponin family"
"Q9UIF3","Tektin family"
"Q9UJ04","Nucleosome assembly protein (NAP) family"
"Q9UJ42","G-protein coupled receptor 1 family"
"Q9UJK0","TDD superfamily, TSR3 family"
"Q9UJU3","Krueppel C2H2-type zinc-finger protein family"
"Q9UJV8","PUR DNA-binding protein family"
"Q9UJW7","Krueppel C2H2-type zinc-finger protein family"
"Q9UK08","G protein gamma family"
"Q9UK11","Krueppel C2H2-type zinc-finger protein family"
"Q9UK13","Krueppel C2H2-type zinc-finger protein family"
"Q9UKD2","Universal ribosomal protein uL10 family"
"Q9UKH3","Beta type-B retroviral envelope protein family, HERV class-II K(HML-2) env subfamily"
"Q9UKL2","G-protein coupled receptor 1 family"
"Q9UKR3","Peptidase S1 family, Kallikrein subfamily"
"Q9UKR8","Tetraspanin (TM4SF) family"
"Q9UKY3","Type-B carboxylesterase/lipase family"
"Q9UL36","Krueppel C2H2-type zinc-finger protein family"
"Q9UL58","Krueppel C2H2-type zinc-finger protein family"
"Q9ULR5","PAIP2 family"
"Q9ULS5","TEX28 family"
"Q9ULS6","Potassium channel family, S (TC 1.A.1.2) subfamily, Kv9.2/KCNS2 sub-subfamily"
"Q9UN30","SCM family"
"Q9UNK9","CCR4/nocturin family"
"Q9UNL2","TRAP-gamma family"
"Q9UNN4","TFIIA subunit 1 family"
"Q9UPC5","G-protein coupled receptor 1 family"
"Q9UPX0","Immunoglobulin superfamily, Turtle family"
"Q9UQ10","Gfo/Idh/MocA family"
"Q9UQ72","Immunoglobulin superfamily, CEA family"
"Q9UQG0","Beta type-B retroviral polymerase family, HERV class-II K(HML-2) pol subfamily"
"Q9Y2A4","Krueppel C2H2-type zinc-finger protein family"
"Q9Y2D9","Krueppel C2H2-type zinc-finger protein family"
"Q9Y2H8","Krueppel C2H2-type zinc-finger protein family"
"Q9Y2L8","Krueppel C2H2-type zinc-finger protein family"
"Q9Y2Q1","Krueppel C2H2-type zinc-finger protein family"
"Q9Y2Q9","Bacterial ribosomal protein bS1 family"
"Q9Y2R5","Universal ribosomal protein uS17 family"
"Q9Y2T4","Phosphatase 2A regulatory subunit B family"
"Q9Y2T5","G-protein coupled receptor 1 family"
"Q9Y2U2","Two pore domain potassium channel (TC 1.A.1.8) family"
"Q9Y3B6","EMC8/EMC9 family"
"Q9Y3D5","Bacterial ribosomal protein bS18 family"
"Q9Y3E1","HDGF family"
"Q9Y421","FAM32 family"
"Q9Y471","CMP-Neu5Ac hydroxylase family"
"Q9Y4F5","CEP170 family"
"Q9Y4I5","Lin-54 family"
"Q9Y4K1","Beta/gamma-crystallin family"
"Q9Y585","G-protein coupled receptor 1 family"
"Q9Y597","KCTD3 family"
"Q9Y5J9","Small Tim family"
"Q9Y5M8","SRP receptor beta subunit family"
"Q9Y5P1","G-protein coupled receptor 1 family"
"Q9Y5Y3","G-protein coupled receptor 1 family"
"Q9Y644","Glycosyltransferase 31 family"
"Q9Y661","Sulfotransferase 1 family"
"Q9Y689","Small GTPase superfamily, Arf family"
"Q9Y6I0","Peptidase A2 family, HERV class-II K(HML-2) subfamily"
"Q9Y6I8","Peroxisomal membrane protein PXMP2/4 family"
"Q9Y6Q3","Krueppel C2H2-type zinc-finger protein family"
"Q9Y6S9","Protein kinase superfamily, Ser/Thr protein kinase family, S6 kinase subfamily"
"Q9YNA8","Beta type-B retroviral Gag protein family, HERV class-II K(HML-2) gag subfamily"
"U3KPV4","Glycosyltransferase 6 family"
"A0A075B734","MIP/aquaporin (TC 1.A.8) family"
"A0A075B767","Cyclophilin-type PPIase family, PPIase A subfamily"
"A0A096LP55","UQCRH/QCR6 family"
"A0A0A6YYL3","POTE family"
"A0A1B0GUS4","Ubiquitin-conjugating enzyme family"
"A0A1W2PPD8","JHDM3 histone demethylase family"
"A0A1W2PR19","GST superfamily, Theta family"
"A0A2R8Y619","Histone H2B family"
"A0A2R8YED5","G-protein coupled receptor 1 family"
"A0A3B3IT45","G-protein coupled receptor 1 family"
"A0A3B3IU63","Histone H2A family"
"A0A494C1R9","Nucleosome assembly protein (NAP) family"
"A0A804HLA8","G protein gamma family"
"A0AVI2","Ferlin family"
"A0PJE2","Short-chain dehydrogenases/reductases (SDR) family"
"A1L3X4","Metallothionein superfamily, Type 1 family"
"A1L453","Peptidase S1 family"
"A2AJT9","BCLAF1/THRAP3 family"
"A2RUR9","CCDC144 family"
"A2RUU4","Colipase family"
"A3KFT3","G-protein coupled receptor 1 family"
"A4D0V7","PC-esterase family"
"A4D1U4","DENND11 family"
"A4D2H0","CTAGE family"
"A4QPH2","PI3/PI4-kinase family, Type III PI4K subfamily"
"A5PLN7","FAM149 family"
"A6NC42","KHDC1 family"
"A6NC78","GOLGA8 family"
"A6NC86","CNF-like-inhibitor family"
"A6NCC3","GOLGA6 family"
"A6NCN2","Intermediate filament family"
"A6NCV1","G-protein coupled receptor 1 family"
"A6NCW7","Peptidase C19 family, USP17 subfamily"
"A6NDD5","CD225/Dispanin family"
"A6NDH6","G-protein coupled receptor 1 family"
"A6NDI0","TRIM/RBCC family"
"A6NDL8","G-protein coupled receptor 1 family"
"A6NDN3","GOLGA6 family"
"A6NDR6","TALE/MEIS homeobox family"
"A6NDX5","Krueppel C2H2-type zinc-finger protein family"
"A6NEC2","Peptidase M1 family"
"A6NEK1","Arrestin family"
"A6NEL2","SOWAH family"
"A6NET4","G-protein coupled receptor 1 family"
"A6NF34","ATR family"
"A6NF89","G-protein coupled receptor 1 family"
"A6NFC5","PMP-22/EMP/MP20 family"
"A6NFC9","G-protein coupled receptor 1 family"
"A6NFI3","Krueppel C2H2-type zinc-finger protein family"
"A6NFQ7","Paired homeobox family"
"A6NG13","Glycosyltransferase 54 family"
"A6NGE7","OHCU decarboxylase family"
"A6NGJ6","TRIM/RBCC family"
"A6NH21","TDE1 family"
"A6NH52","TVP23 family"
"A6NH57","Small GTPase superfamily, Arf family"
"A6NHA9","G-protein coupled receptor 1 family"
"A6NHG9","G-protein coupled receptor 1 family"
"A6NHJ4","Krueppel C2H2-type zinc-finger protein family"
"A6NHM9","Copper type II ascorbate-dependent monooxygenase family"
"A6NI87","Chibby family"
"A6NIE9","Peptidase S1 family"
"A6NIJ9","G-protein coupled receptor 1 family"
"A6NIM6","Major facilitator superfamily, Proton-dependent oligopeptide transporter (POT/PTR) (TC 2.A.17) family"
"A6NIR3","Centaurin gamma-like family"
"A6NIZ1","Small GTPase superfamily, Ras family"
"A6NJG6","Paired homeobox family"
"A6NJV1","CIMIP2 family"
"A6NJW4","LRRC3 family"
"A6NJZ3","G-protein coupled receptor 1 family"
"A6NJZ7","RIMBP family"
"A6NK02","TRIM/RBCC family"
"A6NK53","Krueppel C2H2-type zinc-finger protein family"
"A6NK59","Ankyrin SOCS box (ASB) family"
"A6NK75","Krueppel C2H2-type zinc-finger protein family"
"A6NKD2","Nucleosome assembly protein (NAP) family"
"A6NKK0","G-protein coupled receptor 1 family"
"A6NKQ9","Glycoprotein hormones subunit beta family"
"A6NKX4","Major facilitator (TC 2.A.1) superfamily, Organic cation transporter (TC 2.A.1.19) family"
"A6NL08","G-protein coupled receptor 1 family"
"A6NL26","G-protein coupled receptor 1 family"
"A6NL82","CFAP144 family"
"A6NLP5","TTC36 family"
"A6NM03","G-protein coupled receptor 1 family"
"A6NM11","LRRC37A family"
"A6NM28","Krueppel C2H2-type zinc-finger protein family"
"A6NM43","TCP-1 chaperonin family"
"A6NM45","Claudin family"
"A6NM76","G-protein coupled receptor 1 family"
"A6NMS3","G-protein coupled receptor 1 family"
"A6NMS7","LRRC37A family"
"A6NMT0","H2.0 homeobox family"
"A6NMU1","G-protein coupled receptor 1 family"
"A6NMX2","Eukaryotic initiation factor 4E family"
"A6NMZ2","S-100 family"
"A6NMZ5","G-protein coupled receptor 1 family"
"A6NN14","Krueppel C2H2-type zinc-finger protein family"
"A6NN92","Connexin family, Beta-type (group I) subfamily"
"A6NNF4","Krueppel C2H2-type zinc-finger protein family"
"A6NNM3","RIMBP family"
"A6NNP5","CCDC169 family"
"A6NP11","Krueppel C2H2-type zinc-finger protein family"
"A6NP61","ZAR1 family"
"A6QL64","ANKRD36 family"
"A7E2U8","CFAP96 family"
"A8K0S8","TALE/MEIS homeobox family"
"A8MPS7","YdjC deacetylase family"
"A8MPX8","PP2C family"
"A8MTI9","Peptidase S1 family"
"A8MTL9","Serpin family"
"A8MTY7","KRTAP type 9 family"
"A8MUH7","NHER family"
"A8MV23","Serpin family"
"A8MVA2","KRTAP type 9 family"
"A8MVW0","FAM171 family"
"A8MVZ5","Immunoglobulin superfamily, BTN/MOG family"
"A8MWA4","Krueppel C2H2-type zinc-finger protein family"
"A8MWD9","SnRNP Sm proteins family"
"A8MWK0","Fatty acid desaturase type 1 family"
"A8MX76","Peptidase C2 family"
"A8MXE2","Glycosyltransferase 31 family"
"A8MXU0","Beta-defensin family"
"A8MXY4","Krueppel C2H2-type zinc-finger protein family"
"A8MXZ3","KRTAP type 9 family"
"B1AKI9","Isthmin family"
"B1APH4","Krueppel C2H2-type zinc-finger protein family"
"B2RN74","G-protein coupled receptor 1 family"
"B2RPK0","HMGB family"
"B3SHH9","PMP-22/EMP/MP20 family"
"B4DH59","NBPF family"
"B4DU55","Krueppel C2H2-type zinc-finger protein family"
"B5ME19","EIF-3 subunit C family"
"B7ZC32","TRAFAC class myosin-kinesin ATPase superfamily, Kinesin family"
"C9J1S8","TRIM/RBCC family"
"C9J2P7","Peptidase C19 family, USP17 subfamily"
"C9JCN9","HSBP1 family"
"C9JDP6","Claudin family"
"C9JJH3","Peptidase C19 family, USP17 subfamily"
"C9JLJ4","Peptidase C19 family, USP17 subfamily"
"C9JPN9","Peptidase C19 family, USP17 subfamily"
"C9JQL5","CD225/Dispanin family"
"C9JUS6","Adrenomedullin family"
"C9JVI0","Peptidase C19 family, USP17 subfamily"
"D6R901","Peptidase C19 family, USP17 subfamily"
"D6R9N7","Peptidase C19 family, USP17 subfamily"
"D6RA61","Peptidase C19 family, USP17 subfamily"
"D6RBQ6","Peptidase C19 family, USP17 subfamily"
"D6RCP7","Peptidase C19 family, USP17 subfamily"
"D6RJB6","Peptidase C19 family, USP17 subfamily"
"E7ETH6","Krueppel C2H2-type zinc-finger protein family"
"E9PB15","P23/wos2 family"
"E9PQ53","Complex I NDUFC2 subunit family"
"G5E9R7","KRTAP type 4 family"
"H3BSY2","GOLGA8 family"
"O00110","Krueppel C2H2-type zinc-finger protein family"
"O00479","HMGN family"
"O14581","G-protein coupled receptor 1 family"
"O14598","VCX/VCY family"
"O14604","Thymosin beta family"
"O14990","Protein phosphatase inhibitor 2 family"
"O15037","N4BP1 family"
"O15442","UPF0046 family"
"O15482","TEX28 family"
"O43246","Amino acid-polyamine-organocation (APC) superfamily, Cationic amino acid transporter (CAT) (TC 2.A.3.3) family"
"O43325","Complex I LYR family"
"O43361","Krueppel C2H2-type zinc-finger protein family"
"O43423","ANP32 family"
"O43824","TRAFAC class OBG-HflX-like GTPase superfamily, HflX GTPase family"
"O43869","G-protein coupled receptor 1 family"
"O60309","LRRC37A family"
"O60320","ENTREP family"
"O60403","G-protein coupled receptor 1 family"
"O60404","G-protein coupled receptor 1 family"
"O60431","G-protein coupled receptor 1 family"
"O60518","Importin beta family"
"O60637","Tetraspanin (TM4SF) family"
"O60739","SUI1 family"
"O60809","PRAME family"
"O60810","PRAME family"
"O75290","Krueppel C2H2-type zinc-finger protein family"
"O75373","Krueppel C2H2-type zinc-finger protein family"
"O75467","Krueppel C2H2-type zinc-finger protein family"
"O75474","GSK-3-binding protein family"
"O75949","NALF family"
"O76000","G-protein coupled receptor 1 family"
"O76087","GAGE family"
"O76100","G-protein coupled receptor 1 family"
"O95006","G-protein coupled receptor 1 family"
"O95013","G-protein coupled receptor 1 family"
"O95156","Neurexophilin family"
"O95157","Neurexophilin family"
"O95158","Neurexophilin family"
"O95221","G-protein coupled receptor 1 family"
"O95424","DEXI family"
"O95478","Eukaryotic ribosomal protein eS8 family, Ribosome biogenesis protein NSA2 subfamily"
"O95521","PRAME family"
"O95522","PRAME family"
"O95744","DNA mismatch repair MutL/HexB family"
"O95857","Tetraspanin (TM4SF) family"
"O95969","Secretoglobin family, Lipophilin subfamily"
"P09131","Bile acid:sodium symporter (BASS) (TC 2.A.28) family"
"P0C025","Nudix hydrolase family"
"P0C091","FRAS1 family"
"P0C263","Protein kinase superfamily, Ser/Thr protein kinase family, STKL subfamily"
"P0C5J1","Class I-like SAM-binding methyltransferase superfamily, EEF2KMT family"
"P0C5Y4","KRTAP type 1 family"
"P0C604","G-protein coupled receptor 1 family"
"P0C617","G-protein coupled receptor 1 family"
"P0C623","G-protein coupled receptor 1 family"
"P0C626","G-protein coupled receptor 1 family"
"P0C628","G-protein coupled receptor 1 family"
"P0C629","G-protein coupled receptor 1 family"
"P0C646","G-protein coupled receptor 1 family"
"P0C7A2","FAM153 family"
"P0C7H9","Peptidase C19 family, USP17 subfamily"
"P0C7I0","Peptidase C19 family, USP17 subfamily"
"P0C7N1","G-protein coupled receptor 1 family"
"P0C7P4","Rieske iron-sulfur protein family"
"P0C7Q6","SLC35G solute transporter family"
"P0C7T2","G-protein coupled receptor 1 family"
"P0C7T3","G-protein coupled receptor 1 family"
"P0C7U1","Neutral ceramidase family"
"P0C7V7","Peptidase S26B family"
"P0CB38","Polyadenylate-binding protein type-1 family"
"P0CG01","Gastrokine family"
"P0CG12","DERPC family"
"P0CG22","Short-chain dehydrogenases/reductases (SDR) family"
"P0CG31","Krueppel C2H2-type zinc-finger protein family"
"P0CG34","Thymosin beta family"
"P0CG35","Thymosin beta family"
"P0CG36","EGF-CFC (Cripto-1/FRL1/Cryptic) family"
"P0CG40","Sp1 C2H2-type zinc-finger protein family"
"P0CH99","Krueppel C2H2-type zinc-finger protein family"
"P0CJ72","Humanin family"
"P0CJ78","Krueppel C2H2-type zinc-finger protein family"
"P0CJ79","Krueppel C2H2-type zinc-finger protein family"
"P0CK96","TPT transporter family, SLC35E subfamily"
"P0CK97","TPT transporter family, SLC35E subfamily"
"P0CL82","GAGE family"
"P0CV98","Nucleosome assembly protein (NAP) family"
"P0CV99","Nucleosome assembly protein (NAP) family"
"P0CW00","Nucleosome assembly protein (NAP) family"
"P0CW01","Nucleosome assembly protein (NAP) family"
"P0DKB6","Mitochondrial pyruvate carrier (MPC) (TC 2.A.105) family"
"P0DKV0","SPATA31 family"
"P0DM35","Metallothionein superfamily, Type 1 family"
"P0DMU2","G-protein coupled receptor 1 family"
"P0DMU9","CT45 family"
"P0DN37","Cyclophilin-type PPIase family, PPIase A subfamily"
"P0DN80","G-protein coupled receptor 1 family"
"P0DN81","G-protein coupled receptor 1 family"
"P0DN82","G-protein coupled receptor 1 family"
"P0DP73","Beta-defensin family"
"P0DP74","Beta-defensin family"
"P0DPF3","NBPF family"
"P0DPI2","GATD3 family"
"P0DQD5","G-protein coupled receptor 1 family"
"P0DSO2","KRTAP type 28 family"
"P0DTW1","GAGE family"
"P0DV77","Paired homeobox family"
"P0DX53","GOLGA8 family"
"P10075","Krueppel C2H2-type zinc-finger protein family"
"P11465","Immunoglobulin superfamily, CEA family"
"P11844","Beta/gamma-crystallin family"
"P15421","Glycophorin-A family"
"P16415","Krueppel C2H2-type zinc-finger protein family"
"P16562","CRISP family"
"P17017","Krueppel C2H2-type zinc-finger protein family"
"P20962","Pro/parathymosin family"
"P29377","S-100 family"
"P31275","Abd-B homeobox family"
"P47881","G-protein coupled receptor 1 family"
"P47884","G-protein coupled receptor 1 family"
"P47944","Metallothionein superfamily, Type 1 family"
"P48741","Heat shock protein 70 family"
"P51523","Krueppel C2H2-type zinc-finger protein family"
"P51786","Krueppel C2H2-type zinc-finger protein family"
"P52740","Krueppel C2H2-type zinc-finger protein family"
"P52743","Krueppel C2H2-type zinc-finger protein family"
"P55822","SH3BGR family"
"P56749","Claudin family"
"P58170","G-protein coupled receptor 1 family"
"P58180","G-protein coupled receptor 1 family"
"P58181","G-protein coupled receptor 1 family"
"P58417","Neurexophilin family"
"P59536","G-protein coupled receptor T2R family"
"P59539","G-protein coupled receptor T2R family"
"P59541","G-protein coupled receptor T2R family"
"P59544","G-protein coupled receptor T2R family"
"P59551","G-protein coupled receptor T2R family"
"P59646","FXYD family"
"P59861","Beta-defensin family"
"P59922","G-protein coupled receptor 1 family"
"P60673","Profilin family"
"P61236","Yippee family"
"P61570","Beta type-B retroviral envelope protein family, HERV class-II K(HML-2) env subfamily"
"P62502","Calycin superfamily, Lipocalin family"
"P62685","Beta type-B retroviral Gag protein family, HERV class-II K(HML-2) gag subfamily"
"P63119","Peptidase A2 family, HERV class-II K(HML-2) subfamily"
"P63120","Peptidase A2 family, HERV class-II K(HML-2) subfamily"
"P63121","Peptidase A2 family, HERV class-II K(HML-2) subfamily"
"P63124","Peptidase A2 family, HERV class-II K(HML-2) subfamily"
"P63125","Peptidase A2 family, HERV class-II K(HML-2) subfamily"
"P63127","Peptidase A2 family, HERV class-II K(HML-2) subfamily"
"P63302","SelWTH family, Selenoprotein W subfamily"
"P78312","FAM193 family"
"P82664","Universal ribosomal protein uS10 family"
"P82909","Alpha-ketoglutarate dehydrogenase component 4 family"
"P86790","CCZ1 family"
"Q03924","Krueppel C2H2-type zinc-finger protein family"
"Q03938","Krueppel C2H2-type zinc-finger protein family"
"Q05BV3","WD repeat EMAP family"
"Q05DH4","FHIP family"
"Q075Z2","Seminal plasma protein family"
"Q08AF3","Schlafen family, Subgroup III subfamily"
"Q08AI6","Amino acid/polyamine transporter 2 family"
"Q08AN1","Krueppel C2H2-type zinc-finger protein family"
"Q0P651","AB hydrolase superfamily"
"Q0P6D2","DIPK family"
"Q0VDE8","Adipogenin family"
"Q0VGE8","Krueppel C2H2-type zinc-finger protein family"
"Q13046","Immunoglobulin superfamily, CEA family"
"Q13066","GAGE family"
"Q13069","GAGE family"
"Q13072","BAGE family"
"Q13296","Secretoglobin family, Lipophilin subfamily"
"Q14390","Gamma-glutamyltransferase family"
"Q14586","Krueppel C2H2-type zinc-finger protein family"
"Q14588","Krueppel C2H2-type zinc-finger protein family"
"Q147U1","Krueppel C2H2-type zinc-finger protein family"
"Q14DG7","TMEM132 family"
"Q15270","NK-1 homeobox family"
"Q15486","Glycosyl hydrolase 2 family"
"Q15527","SURF2 family"
"Q15615","G-protein coupled receptor 1 family"
"Q15619","G-protein coupled receptor 1 family"
"Q15622","G-protein coupled receptor 1 family"
"Q16048","Melanin-concentrating hormone family"
"Q16517","Neuronatin family"
"Q17R55","FAM187 family"
"Q17RC7","SEC6 family"
"Q1XH10","DACH/dachshund family"
"Q1ZYL8","Izumo family"
"Q2M218","Krueppel C2H2-type zinc-finger protein family"
"Q2M2W7","UPF0450 family"
"Q2M329","CFAP184 family"
"Q2M3V2","SOWAH family"
"Q2M3W8","Krueppel C2H2-type zinc-finger protein family"
"Q2QD12","Ribulose-phosphate 3-epimerase family"
"Q2TAA2","'GDSL' lipolytic enzyme family, IAH1 subfamily"
"Q2TAL5","Smoothelin family"
"Q2TB10","Krueppel C2H2-type zinc-finger protein family"
"Q2TBF2","WSCD family"
"Q2TV78","Peptidase S1 family, Plasminogen subfamily"
"Q2VPJ9","LRRC75 family"
"Q2VY69","Krueppel C2H2-type zinc-finger protein family"
"Q2WGJ9","Ferlin family"
"Q2WGN9","GAB family"
"Q309B1","TRIM/RBCC family"
"Q30KQ1","Beta-defensin family"
"Q30KQ4","Beta-defensin family"
"Q30KQ5","Beta-defensin family"
"Q30KQ8","Beta-defensin family"
"Q30KR1","Beta-defensin family"
"Q3B7J2","Gfo/Idh/MocA family"
"Q3B8N5","Prospero homeodomain family"
"Q3BBV2","NBPF family"
"Q3KNW1","Snail C2H2-type zinc-finger protein family"
"Q3KP31","Krueppel C2H2-type zinc-finger protein family"
"Q3KQV9","UDPGP type 1 family"
"Q3KQZ1","Mitochondrial carrier (TC 2.A.29) family"
"Q3LI61","KRTAP type 20 family"
"Q3LI73","KRTAP type 19 family"
"Q3LI81","PMG family"
"Q3LI83","PMG family"
"Q3MIS6","Krueppel C2H2-type zinc-finger protein family"
"Q3MIX3","Protein kinase superfamily, ADCK protein kinase family"
"Q400G9","Peptidase M54 family"
"Q494W8","Ligand-gated ion channel (TC 1.A.9) family"
"Q494X3","Krueppel C2H2-type zinc-finger protein family"
"Q496H8","Neuritin family"
"Q499Z3","Schlafen family, Subgroup I subfamily"
"Q499Z4","Krueppel C2H2-type zinc-finger protein family"
"Q49AA0","Krueppel C2H2-type zinc-finger protein family"
"Q49AR2","UPF0489 family"
"Q4G0I0","UQCC4 family"
"Q4KMZ8","NKAIN family"
"Q4VXA5","KHDC1 family"
"Q52LA3","Lin-52 family"
"Q52LD8","Raftlin family"
"Q52M93","Krueppel C2H2-type zinc-finger protein family"
"Q53EQ6","Tigger transposable element derived protein family"
"Q53RY4","TMEM54 family"
"Q53S58","TMEM177 family"
"Q53S99","Reduced folate carrier (RFC) transporter (TC 2.A.48) family"
"Q587I9","SFT2 family"
"Q58FF3","Heat shock protein 90 family"
"Q58FF6","Heat shock protein 90 family"
"Q58FG0","Heat shock protein 90 family"
"Q58FG1","Heat shock protein 90 family"
"Q5BKX6","Glycoside-pentoside-hexuronide (GPH) cation symporter transporter (TC 2.A.2) family"
"Q5BLP8","NICOL family"
"Q5CZA5","Krueppel C2H2-type zinc-finger protein family"
"Q5EBM4","Krueppel C2H2-type zinc-finger protein family"
"Q5FYA8","Sulfatase family"
"Q5GH70","XK family"
"Q5GH73","XK family"
"Q5GH77","XK family"
"Q5H913","Small GTPase superfamily, Arf family"
"Q5H9M0","PWWP3A family"
"Q5H9R4","Eutherian X-chromosome-specific Armcx family"
"Q5HY98","Krueppel C2H2-type zinc-finger protein family"
"Q5HYK9","Krueppel C2H2-type zinc-finger protein family"
"Q5HYR2","DMRT family"
"Q5I0G3","LDH/MDH superfamily, MDH type 2 family"
"Q5JNZ3","Krueppel C2H2-type zinc-finger protein family"
"Q5JPF3","ANKRD36 family"
"Q5JQS5","G-protein coupled receptor 1 family"
"Q5JRC9","FAM47 family"
"Q5JRS4","G-protein coupled receptor 1 family"
"Q5JRV8","TMEM255 family"
"Q5JS54","PSMG4 family"
"Q5JSS6","MEIG1 family"
"Q5JU67","CFAP157 family"
"Q5JUK9","GAGE family"
"Q5JVG2","Krueppel C2H2-type zinc-finger protein family"
"Q5JVG8","Krueppel C2H2-type zinc-finger protein family"
"Q5JWR5","DOP1 family"
"Q5JX69","FAM209 family"
"Q5JXM2","Methyltransferase superfamily"
"Q5MCW4","Krueppel C2H2-type zinc-finger protein family"
"Q5PT55","Bile acid:sodium symporter (BASS) (TC 2.A.28) family"
"Q5R387","Phospholipase A2 family"
"Q5SRH9","TTC39 family"
"Q5SV17","TMEM240 family"
"Q5SWX8","ODR-4 family"
"Q5SXM1","Krueppel C2H2-type zinc-finger protein family"
"Q5SY68","S-100 family"
"Q5SYE7","NHS family"
"Q5SZD4","Glycine N-acyltransferase family"
"Q5SZI1","LDLR family"
"Q5T0B9","Krueppel C2H2-type zinc-finger protein family"
"Q5T1N1","AKNA family"
"Q5T5D7","Krueppel C2H2-type zinc-finger protein family"
"Q5T5J6","SWT1 family"
"Q5T5M9","Cyclin family"
"Q5T6J7","Gluconokinase GntK/GntV family"
"Q5T764","IFIT family"
"Q5T7M9","DIPK family"
"Q5TAG4","NBPF family"
"Q5TF21","MTCL family"
"Q5TF39","Major facilitator superfamily"
"Q5TFE4","5'(3')-deoxyribonucleotidase family"
"Q5TFG8","ZC2HC1 family"
"Q5TGI0","FAX family"
"Q5TGY1","TMCO4 family"
"Q5TI25","NBPF family"
"Q5TYX0","PRAME family"
"Q5TZ20","G-protein coupled receptor 1 family"
"Q5TZJ5","SPATA31 family"
"Q5U3C3","TMEM164 family"
"Q5UAW9","G-protein coupled receptor 2 family"
"Q5VIY5","Krueppel C2H2-type zinc-finger protein family"
"Q5VSG8","Glycosyl hydrolase 99 family"
"Q5VT79","Annexin family"
"Q5VTL8","PRP38 family"
"Q5VTM2","Centaurin gamma-like family"
"Q5VTU8","Eukaryotic ATPase epsilon family"
"Q5VUD6","DIPK family"
"Q5VUJ5","Centaurin gamma-like family"
"Q5VUY0","'GDXG' lipolytic enzyme family"
"Q5VVM6","Prefoldin subunit beta family"
"Q5VVW2","GARNL3 family"
"Q5VW22","Centaurin gamma-like family"
"Q5VWK0","NBPF family"
"Q5VWQ0","Round spermatid basic protein 1 family"
"Q5VXU3","CHIC family"
"Q5VYV7","SLX4IP family"
"Q5VZ03","Nucleoredoxin family"
"Q5VZ66","JAKMIP family"
"Q5VZ72","Izumo family"
"Q5W0A0","ERICH6 family"
"Q5W0B7","TMEM236 family"
"Q5W0V3","FHIP family"
"Q5W186","Cystatin family"
"Q5W5W9","RESP18 family"
"Q5XKK7","FAM219 family"
"Q5XKR9","VCF family"
"Q63HM2","Pecanex family"
"Q63ZE4","Major facilitator (TC 2.A.1) superfamily, Organic cation transporter (TC 2.A.1.19) family"
"Q64ET8","FRG2 family"
"Q658K8","EF-1-beta/EF-1-delta family"
"Q658L1","FAM154 family"
"Q658N2","WSCD family"
"Q68CQ7","Glycosyltransferase 8 family"
"Q68DI1","Krueppel C2H2-type zinc-finger protein family"
"Q68DY9","Krueppel C2H2-type zinc-finger protein family"
"Q69YN2","CWF19 family"
"Q69YU3","ANKRD34 family"
"Q6AHZ1","Krueppel C2H2-type zinc-finger protein family"
"Q6AW86","Krueppel C2H2-type zinc-finger protein family"
"Q6B0B8","Tigger transposable element derived protein family"
"Q6BEB4","Sp1 C2H2-type zinc-finger protein family"
"Q6DD87","Krueppel C2H2-type zinc-finger protein family"
"Q6DKI1","Universal ribosomal protein uL30 family"
"Q6EKJ0","TFII-I family"
"Q6GPI1","Peptidase S1 family"
"Q6ICC9","LDOC1 family"
"Q6ICH7","Aspartyl/asparaginyl beta-hydroxylase family"
"Q6IEE8","Schlafen family"
"Q6IEU7","G-protein coupled receptor 1 family"
"Q6IEV9","G-protein coupled receptor 1 family"
"Q6IEY1","G-protein coupled receptor 1 family"
"Q6IEZ7","G-protein coupled receptor 1 family"
"Q6IF00","G-protein coupled receptor 1 family"
"Q6IF36","G-protein coupled receptor 1 family"
"Q6IF42","G-protein coupled receptor 1 family"
"Q6IF63","G-protein coupled receptor 1 family"
"Q6IF82","G-protein coupled receptor 1 family"
"Q6IF99","G-protein coupled receptor 1 family"
"Q6IFG1","G-protein coupled receptor 1 family"
"Q6IFN5","G-protein coupled receptor 1 family"
"Q6IPT2","GARIN family"
"Q6IPX3","TFS-II family, TFA subfamily"
"Q6IQ21","Krueppel C2H2-type zinc-finger protein family"
"Q6IS14","EIF-5A family"
"Q6JVE6","Calycin superfamily, Lipocalin family"
"Q6JVE9","Calycin superfamily, Lipocalin family"
"Q6L8G5","KRTAP type 5 family"
"Q6L9T8","FAM72 family"
"Q6MZZ7","Peptidase C2 family"
"Q6NSI8","KIAA1841 family"
"Q6NSW5","DENND10 family"
"Q6NT04","Tigger transposable element derived protein family"
"Q6NT52","Glycoprotein hormones subunit beta family"
"Q6NV75","G-protein coupled receptor 1 family"
"Q6NVV3","NIPA family"
"Q6NX49","Krueppel C2H2-type zinc-finger protein family"
"Q6NXP2","GARIN family"
"Q6NZ63","STEAP family"
"Q6P093","'GDXG' lipolytic enzyme family"
"Q6P161","Mitochondrion-specific ribosomal protein mL54 family"
"Q6P1N9","Metallo-dependent hydrolases superfamily, TatD-type hydrolase family"
"Q6P280","Krueppel C2H2-type zinc-finger protein family"
"Q6P3V2","Krueppel C2H2-type zinc-finger protein family"
"Q6P474","Group II decarboxylase family"
"Q6P5X7","TMEM71 family"
"Q6P995","FAM171 family"
"Q6P9A1","Krueppel C2H2-type zinc-finger protein family"
"Q6P9A3","Krueppel C2H2-type zinc-finger protein family"
"Q6P9G0","Cytochrome b5 family"
"Q6PCB5","Round spermatid basic protein 1 family"
"Q6PDA7","SPAG11 family"
"Q6PEW0","Peptidase S1 family, Plasma kallikrein subfamily"
"Q6PG37","Krueppel C2H2-type zinc-finger protein family"
"Q6PH81","UPF0547 family"
"Q6PI97","HOATZ family"
"Q6PII5","Metallo-beta-lactamase superfamily, Glyoxalase II family"
"Q6PIV7","Mitochondrial carrier (TC 2.A.29) family"
"Q6PK81","Krueppel C2H2-type zinc-finger protein family"
"Q6PP77","XK family"
"Q6S545","POTE family"
"Q6S5H5","POTE family"
"Q6S8J7","POTE family"
"Q6T423","Major facilitator (TC 2.A.1) superfamily, Organic cation transporter (TC 2.A.1.19) family"
"Q6UW02","Cytochrome P450 family"
"Q6UWE3","Colipase family"
"Q6UWF7","NXPE family"
"Q6UWI4","Shisa family"
"Q6UWJ8","CD164 family"
"Q6UWM9","UDP-glycosyltransferase family"
"Q6UWQ5","Glycosyl hydrolase 22 family"
"Q6UWS5","PET117 family"
"Q6UWU2","Glycosyl hydrolase 35 family"
"Q6UWV7","Shisa family"
"Q6UWX4","HHIP family"
"Q6UX68","XK family"
"Q6UX72","Glycosyltransferase 31 family"
"Q6UX82","CNF-like-inhibitor family"
"Q6UXB1","IGFL family"
"Q6UXD7","Major facilitator superfamily"
"Q6UXE8","Immunoglobulin superfamily, BTN/MOG family"
"Q6UXN7","Tom20 family"
"Q6UXT6","G-protein coupled receptor 1 family"
"Q6UXV1","Izumo family"
"Q6UXY8","TMC family"
"Q6UY27","PATE family"
"Q6V9R5","Krueppel C2H2-type zinc-finger protein family"
"Q6XE38","Secretoglobin family, Lipophilin subfamily"
"Q6ZMB5","TMEM184 family"
"Q6ZMN8","Cyclin family"
"Q6ZMS4","Krueppel C2H2-type zinc-finger protein family"
"Q6ZMV5","SMEK family"
"Q6ZMW2","Krueppel C2H2-type zinc-finger protein family"
"Q6ZMW3","WD repeat EMAP family"
"Q6ZMY9","Krueppel C2H2-type zinc-finger protein family"
"Q6ZN06","Krueppel C2H2-type zinc-finger protein family"
"Q6ZN19","Krueppel C2H2-type zinc-finger protein family"
"Q6ZN32","ETS family"
"Q6ZN68","Dpy-19 family"
"Q6ZN79","Krueppel C2H2-type zinc-finger protein family"
"Q6ZNA1","Krueppel C2H2-type zinc-finger protein family"
"Q6ZNA5","FRRS1 family"
"Q6ZNF0","Metallophosphoesterase superfamily, Purple acid phosphatase family"
"Q6ZNG1","Krueppel C2H2-type zinc-finger protein family"
"Q6ZNG2","H2.0 homeobox family"
"Q6ZNI0","Glycosyltransferase 14 family"
"Q6ZNR0","CD225/Dispanin family"
"Q6ZRF7","Krueppel C2H2-type zinc-finger protein family"
"Q6ZRR5","TLCD5 family"
"Q6ZS30","WD repeat neurobeachin family"
"Q6ZSI9","Peptidase C2 family"
"Q6ZSS3","Krueppel C2H2-type zinc-finger protein family"
"Q6ZU65","Ubinuclein family"
"Q6ZU69","SPATA31 family"
"Q6ZUS6","CCDC149 family"
"Q6ZV50","RFX family"
"Q6ZVC0","NYAP family"
"Q6ZVL6","UPF0606 family"
"Q6ZVZ8","Ankyrin SOCS box (ASB) family"
"Q719I0","AHA1 family"
"Q765I0","Urotensin-2 family"
"Q76KD6","Speriolin family"
"Q76KX8","Krueppel C2H2-type zinc-finger protein family"
"Q7L0X2","ERICH6 family"
"Q7L211","Serine esterase family"
"Q7L311","Eutherian X-chromosome-specific Armcx family"
"Q7L945","Krueppel C2H2-type zinc-finger protein family"
"Q7RTT3","SSX family"
"Q7RTT4","SSX family"
"Q7RTT5","SSX family"
"Q7RTT6","SSX family"
"Q7RTV5","Peroxiredoxin-like PRXL2 family, PRXL2C subfamily"
"Q7RTX9","Major facilitator superfamily, Monocarboxylate porter (TC 2.A.1.13) family"
"Q7RTY3","Peptidase S1 family"
"Q7Z2Y8","TRAFAC class dynamin-like GTPase superfamily, Very large inducible GTPase (VLIG) family"
"Q7Z309","FAM122 family"
"Q7Z388","Dpy-19 family"
"Q7Z3V5","Krueppel C2H2-type zinc-finger protein family"
"Q7Z422","SZRD1 family"
"Q7Z4L0","Cytochrome c oxidase VIII family"
"Q7Z4R8","UPF0669 family"
"Q7Z4W2","Glycosyl hydrolase 22 family"
"Q7Z4Y8","ATPase g subunit family"
"Q7Z5A8","TAFA family"
"Q7Z5A9","TAFA family"
"Q7Z5L0","VMO1 family"
"Q7Z5M5","TMC family"
"Q7Z5S9","TMEM144 family"
"Q7Z692","Immunoglobulin superfamily, CEA family"
"Q7Z7B8","Beta-defensin family"
"Q7Z7J9","CAMK2N family"
"Q7Z7K0","CMC family"
"Q7Z7K2","Krueppel C2H2-type zinc-finger protein family"
"Q86SM5","G-protein coupled receptor 1 family, Mas subfamily"
"Q86SM8","G-protein coupled receptor 1 family, Mas subfamily"
"Q86T29","Krueppel C2H2-type zinc-finger protein family"
"Q86T75","NBPF family"
"Q86UF2","CTAGE family"
"Q86UV7","TRIM/RBCC family"
"Q86V87","FHIP family"
"Q86V88","HAD-like hydrolase superfamily"
"Q86VE3","Acetyltransferase family"
"Q86VH4","LRRTM family"
"Q86VR8","FJX1/FJ family"
"Q86VY9","TMEM200 family"
"Q86W25","NLRP family"
"Q86W34","Peptidase M54 family"
"Q86WT1","TTC30/dfy-1/fleer family"
"Q86WZ6","Krueppel C2H2-type zinc-finger protein family"
"Q86X60","FAM72 family"
"Q86XA9","HEATR5 family"
"Q86XG9","NBPF family"
"Q86XN6","Krueppel C2H2-type zinc-finger protein family"
"Q86XU0","Krueppel C2H2-type zinc-finger protein family"
"Q86XZ4","SPATS2 family"
"Q86YB7","Enoyl-CoA hydratase/isomerase family"
"Q86YN1","Dolichyldiphosphatase family"
"Q86YQ2","BPI/LBP/Plunc superfamily, Plunc family"
"Q86YQ8","Copine family"
"Q86YR6","POTE family"
"Q8IUF1","SIMIBI class G3E GTPase family, ZNG1 subfamily"
"Q8IUH2","CREG family"
"Q8IUS5","AB hydrolase superfamily, Epoxide hydrolase family"
"Q8IV35","CFAP337 family"
"Q8IV42","L-seryl-tRNA(Sec) kinase family"
"Q8IVC4","Krueppel C2H2-type zinc-finger protein family"
"Q8IVN8","Thrombospondin family"
"Q8IVU1","Immunoglobulin superfamily, DCC family"
"Q8IVV8","NKAIN family"
"Q8IW50","FAM219 family"
"Q8IW70","TMEM151 family"
"Q8IW92","Glycosyl hydrolase 35 family"
"Q8IWB4","SPATA31 family"
"Q8IX94","CTAGE family"
"Q8IXE1","G-protein coupled receptor 1 family"
"Q8IXF9","MIP/aquaporin (TC 1.A.8) family, AQP11/AQP12 subfamily"
"Q8IXM7","CIMAP family"
"Q8IXU6","SLC35F solute transporter family"
"Q8IXX5","TMEM183 family"
"Q8IY51","Tigger transposable element derived protein family"
"Q8IYA7","TALE/IRO homeobox family"
"Q8IYB9","Krueppel C2H2-type zinc-finger protein family"
"Q8IYL3","UPF0688 family"
"Q8IYM0","FAM186 family"
"Q8IYN0","Krueppel C2H2-type zinc-finger protein family"
"Q8IYP2","Peptidase S1 family"
"Q8IYS8","BOD1 family"
"Q8IZ40","CoREST family"
"Q8IZJ6","NAD(P)-dependent epimerase/dehydratase family"
"Q8IZM8","Krueppel C2H2-type zinc-finger protein family"
"Q8IZN7","Beta-defensin family"
"Q8IZP2","FAM10 family"
"Q8IZU8","Dermatan-sulfate isomerase family"
"Q8N0Y3","G-protein coupled receptor 1 family"
"Q8N0Y5","G-protein coupled receptor 1 family"
"Q8N127","G-protein coupled receptor 1 family"
"Q8N129","Canopy family"
"Q8N141","Krueppel C2H2-type zinc-finger protein family"
"Q8N146","G-protein coupled receptor 1 family"
"Q8N148","G-protein coupled receptor 1 family"
"Q8N162","G-protein coupled receptor 1 family"
"Q8N1A6","UPF0462 family"
"Q8N1E2","Glycosyl hydrolase 23 family"
"Q8N1L4","Cytochrome P450 family"
"Q8N1W2","Krueppel C2H2-type zinc-finger protein family"
"Q8N228","SCM family"
"Q8N2I2","Krueppel C2H2-type zinc-finger protein family"
"Q8N323","NXPE family"
"Q8N349","G-protein coupled receptor 1 family"
"Q8N3F9","GPR137 family"
"Q8N3H0","TAFA family"
"Q8N3T6","TMEM132 family"
"Q8N3Z0","Peptidase S1 family"
"Q8N3Z3","TRAFAC class TrmE-Era-EngA-EngB-Septin-like GTPase superfamily, EngB GTPase family"
"Q8N413","Mitochondrial carrier (TC 2.A.29) family"
"Q8N434","Major facilitator superfamily"
"Q8N468","Major facilitator superfamily"
"Q8N4E4","Phosducin family"
"Q8N4H0","SPATA6 family"
"Q8N4V2","Major facilitator superfamily"
"Q8N4Z0","Small GTPase superfamily, Rab family"
"Q8N584","TTC39 family"
"Q8N587","Krueppel C2H2-type zinc-finger protein family"
"Q8N5J4","ETS family"
"Q8N5U1","MS4A family"
"Q8N5W9","Refilin family"
"Q8N5X7","Eukaryotic initiation factor 4E family"
"Q8N660","NBPF family"
"Q8N687","Beta-defensin family"
"Q8N688","Beta-defensin family"
"Q8N6M5","Allantoicase family"
"Q8N6N3","UPF0690 family"
"Q8N6N6","NATD1 family"
"Q8N6N7","ACBD7 family"
"Q8N6Q1","TMCO5 family"
"Q8N782","Krueppel C2H2-type zinc-finger protein family"
"Q8N7G0","POU transcription factor family, Class-5 subfamily"
"Q8N7M0","Dynein light chain Tctex-type family"
"Q8N7N1","Class I-like SAM-binding methyltransferase superfamily, EEF2KMT family"
"Q8N7P1","Phospholipase D family"
"Q8N7Q3","Krueppel C2H2-type zinc-finger protein family"
"Q8N7R0","Nanog homeobox family"
"Q8N8C0","Krueppel C2H2-type zinc-finger protein family"
"Q8N8R5","C2orf69 family"
"Q8N944","Amer family"
"Q8N972","Krueppel C2H2-type zinc-finger protein family"
"Q8N998","CCDC89 family"
"Q8N9F8","Krueppel C2H2-type zinc-finger protein family"
"Q8N9K5","Krueppel C2H2-type zinc-finger protein family"
"Q8N9T8","KRI1 family"
"Q8N9W8","GARIN family"
"Q8N9Y4","FAM181 family"
"Q8NA03","FSIP1 family"
"Q8NAA5","LRRC75 family"
"Q8NB42","Krueppel C2H2-type zinc-finger protein family"
"Q8NB50","Krueppel C2H2-type zinc-finger protein family"
"Q8NBL3","TMEM178 family"
"Q8NBP5","Major facilitator superfamily"
"Q8NCI6","Glycosyl hydrolase 35 family"
"Q8NCN5","GcvT family"
"Q8NCR9","Clarin family"
"Q8NDW4","Krueppel C2H2-type zinc-finger protein family"
"Q8NDY3","ADP-ribosylglycohydrolase family"
"Q8NDZ6","TMEM161 family"
"Q8NE00","TMEM104 family"
"Q8NE18","Class I-like SAM-binding methyltransferase superfamily, RsmB/NOP family"
"Q8NE22","Class V-like SAM-binding methyltransferase superfamily"
"Q8NEC7","GSTCD family"
"Q8NEG7","DENND6 family"
"Q8NEK5","Krueppel C2H2-type zinc-finger protein family"
"Q8NEM1","Krueppel C2H2-type zinc-finger protein family"
"Q8NES8","Beta-defensin family"
"Q8NFI4","FAM10 family"
"Q8NFQ5","BPI/LBP/Plunc superfamily, BPI/LBP family"
"Q8NFQ6","BPI/LBP/Plunc superfamily, BPI/LBP family"
"Q8NFV5","Speedy/Ringo family"
"Q8NFZ6","G-protein coupled receptor 1 family"
"Q8NG35","Beta-defensin family"
"Q8NG41","Neuropeptide B/W family"
"Q8NG75","G-protein coupled receptor 1 family"
"Q8NG76","G-protein coupled receptor 1 family"
"Q8NG77","G-protein coupled receptor 1 family"
"Q8NG78","G-protein coupled receptor 1 family"
"Q8NG80","G-protein coupled receptor 1 family"
"Q8NG81","G-protein coupled receptor 1 family"
"Q8NG83","G-protein coupled receptor 1 family"
"Q8NG85","G-protein coupled receptor 1 family"
"Q8NG92","G-protein coupled receptor 1 family"
"Q8NG94","G-protein coupled receptor 1 family"
"Q8NG95","G-protein coupled receptor 1 family"
"Q8NG97","G-protein coupled receptor 1 family"
"Q8NG99","G-protein coupled receptor 1 family"
"Q8NGA1","G-protein coupled receptor 1 family"
"Q8NGA2","G-protein coupled receptor 1 family"
"Q8NGA5","G-protein coupled receptor 1 family"
"Q8NGA6","G-protein coupled receptor 1 family"
"Q8NGA8","G-protein coupled receptor 1 family"
"Q8NGB2","G-protein coupled receptor 1 family"
"Q8NGB4","G-protein coupled receptor 1 family"
"Q8NGB6","G-protein coupled receptor 1 family"
"Q8NGB8","G-protein coupled receptor 1 family"
"Q8NGB9","G-protein coupled receptor 1 family"
"Q8NGC0","G-protein coupled receptor 1 family"
"Q8NGC1","G-protein coupled receptor 1 family"
"Q8NGC2","G-protein coupled receptor 1 family"
"Q8NGC3","G-protein coupled receptor 1 family"
"Q8NGC4","G-protein coupled receptor 1 family"
"Q8NGC5","G-protein coupled receptor 1 family"
"Q8NGC6","G-protein coupled receptor 1 family"
"Q8NGC7","G-protein coupled receptor 1 family"
"Q8NGC9","G-protein coupled receptor 1 family"
"Q8NGD1","G-protein coupled receptor 1 family"
"Q8NGD2","G-protein coupled receptor 1 family"
"Q8NGD3","G-protein coupled receptor 1 family"
"Q8NGD4","G-protein coupled receptor 1 family"
"Q8NGD5","G-protein coupled receptor 1 family"
"Q8NGE0","G-protein coupled receptor 1 family"
"Q8NGE1","G-protein coupled receptor 1 family"
"Q8NGE2","G-protein coupled receptor 1 family"
"Q8NGE5","G-protein coupled receptor 1 family"
"Q8NGE7","G-protein coupled receptor 1 family"
"Q8NGE8","G-protein coupled receptor 1 family"
"Q8NGE9","G-protein coupled receptor 1 family"
"Q8NGF0","G-protein coupled receptor 1 family"
"Q8NGF1","G-protein coupled receptor 1 family"
"Q8NGF3","G-protein coupled receptor 1 family"
"Q8NGF4","G-protein coupled receptor 1 family"
"Q8NGF6","G-protein coupled receptor 1 family"
"Q8NGF7","G-protein coupled receptor 1 family"
"Q8NGF8","G-protein coupled receptor 1 family"
"Q8NGF9","G-protein coupled receptor 1 family"
"Q8NGG0","G-protein coupled receptor 1 family"
"Q8NGG1","G-protein coupled receptor 1 family"
"Q8NGG3","G-protein coupled receptor 1 family"
"Q8NGG4","G-protein coupled receptor 1 family"
"Q8NGG5","G-protein coupled receptor 1 family"
"Q8NGG6","G-protein coupled receptor 1 family"
"Q8NGG7","G-protein coupled receptor 1 family"
"Q8NGG8","G-protein coupled receptor 1 family"
"Q8NGH3","G-protein coupled receptor 1 family"
"Q8NGH5","G-protein coupled receptor 1 family"
"Q8NGH6","G-protein coupled receptor 1 family"
"Q8NGH8","G-protein coupled receptor 1 family"
"Q8NGH9","G-protein coupled receptor 1 family"
"Q8NGI0","G-protein coupled receptor 1 family"
"Q8NGI1","G-protein coupled receptor 1 family"
"Q8NGI3","G-protein coupled receptor 1 family"
"Q8NGI4","G-protein coupled receptor 1 family"
"Q8NGI6","G-protein coupled receptor 1 family"
"Q8NGI7","G-protein coupled receptor 1 family"
"Q8NGI9","G-protein coupled receptor 1 family"
"Q8NGJ0","G-protein coupled receptor 1 family"
"Q8NGJ1","G-protein coupled receptor 1 family"
"Q8NGJ2","G-protein coupled receptor 1 family"
"Q8NGJ3","G-protein coupled receptor 1 family"
"Q8NGJ4","G-protein coupled receptor 1 family"
"Q8NGJ5","G-protein coupled receptor 1 family"
"Q8NGJ6","G-protein coupled receptor 1 family"
"Q8NGJ7","G-protein coupled receptor 1 family"
"Q8NGJ8","G-protein coupled receptor 1 family"
"Q8NGJ9","G-protein coupled receptor 1 family"
"Q8NGK0","G-protein coupled receptor 1 family"
"Q8NGK1","G-protein coupled receptor 1 family"
"Q8NGK3","G-protein coupled receptor 1 family"
"Q8NGK4","G-protein coupled receptor 1 family"
"Q8NGK5","G-protein coupled receptor 1 family"
"Q8NGK6","G-protein coupled receptor 1 family"
"Q8NGK9","G-protein coupled receptor 1 family"
"Q8NGL0","G-protein coupled receptor 1 family"
"Q8NGL1","G-protein coupled receptor 1 family"
"Q8NGL2","G-protein coupled receptor 1 family"
"Q8NGL3","G-protein coupled receptor 1 family"
"Q8NGL4","G-protein coupled receptor 1 family"
"Q8NGL6","G-protein coupled receptor 1 family"
"Q8NGL7","G-protein coupled receptor 1 family"
"Q8NGL9","G-protein coupled receptor 1 family"
"Q8NGM1","G-protein coupled receptor 1 family"
"Q8NGM8","G-protein coupled receptor 1 family"
"Q8NGN0","G-protein coupled receptor 1 family"
"Q8NGN1","G-protein coupled receptor 1 family"
"Q8NGN2","G-protein coupled receptor 1 family"
"Q8NGN4","G-protein coupled receptor 1 family"
"Q8NGN5","G-protein coupled receptor 1 family"
"Q8NGN7","G-protein coupled receptor 1 family"
"Q8NGN8","G-protein coupled receptor 1 family"
"Q8NGP0","G-protein coupled receptor 1 family"
"Q8NGP2","G-protein coupled receptor 1 family"
"Q8NGP3","G-protein coupled receptor 1 family"
"Q8NGP4","G-protein coupled receptor 1 family"
"Q8NGP6","G-protein coupled receptor 1 family"
"Q8NGP8","G-protein coupled receptor 1 family"
"Q8NGP9","G-protein coupled receptor 1 family"
"Q8NGQ2","G-protein coupled receptor 1 family"
"Q8NGQ3","G-protein coupled receptor 1 family"
"Q8NGQ4","G-protein coupled receptor 1 family"
"Q8NGQ5","G-protein coupled receptor 1 family"
"Q8NGQ6","G-protein coupled receptor 1 family"
"Q8NGR1","G-protein coupled receptor 1 family"
"Q8NGR3","G-protein coupled receptor 1 family"
"Q8NGR4","G-protein coupled receptor 1 family"
"Q8NGR5","G-protein coupled receptor 1 family"
"Q8NGR8","G-protein coupled receptor 1 family"
"Q8NGR9","G-protein coupled receptor 1 family"
"Q8NGS0","G-protein coupled receptor 1 family"
"Q8NGS1","G-protein coupled receptor 1 family"
"Q8NGS3","G-protein coupled receptor 1 family"
"Q8NGS4","G-protein coupled receptor 1 family"
"Q8NGS5","G-protein coupled receptor 1 family"
"Q8NGS6","G-protein coupled receptor 1 family"
"Q8NGS7","G-protein coupled receptor 1 family"
"Q8NGS9","G-protein coupled receptor 1 family"
"Q8NGT1","G-protein coupled receptor 1 family"
"Q8NGT2","G-protein coupled receptor 1 family"
"Q8NGT5","G-protein coupled receptor 1 family"
"Q8NGT7","G-protein coupled receptor 1 family"
"Q8NGT9","G-protein coupled receptor 1 family"
"Q8NGU1","G-protein coupled receptor 1 family"
"Q8NGU2","G-protein coupled receptor 1 family"
"Q8NGU4","G-protein coupled receptor 1 family"
"Q8NGU9","G-protein coupled receptor 1 family"
"Q8NGV0","G-protein coupled receptor 1 family"
"Q8NGV5","G-protein coupled receptor 1 family"
"Q8NGV7","G-protein coupled receptor 1 family"
"Q8NGX0","G-protein coupled receptor 1 family"
"Q8NGX1","G-protein coupled receptor 1 family"
"Q8NGX2","G-protein coupled receptor 1 family"
"Q8NGX5","G-protein coupled receptor 1 family"
"Q8NGX6","G-protein coupled receptor 1 family"
"Q8NGX8","G-protein coupled receptor 1 family"
"Q8NGX9","G-protein coupled receptor 1 family"
"Q8NGY1","G-protein coupled receptor 1 family"
"Q8NGY2","G-protein coupled receptor 1 family"
"Q8NGY5","G-protein coupled receptor 1 family"
"Q8NGY6","G-protein coupled receptor 1 family"
"Q8NGY7","G-protein coupled receptor 1 family"
"Q8NGY9","G-protein coupled receptor 1 family"
"Q8NGZ0","G-protein coupled receptor 1 family"
"Q8NGZ2","G-protein coupled receptor 1 family"
"Q8NGZ3","G-protein coupled receptor 1 family"
"Q8NGZ4","G-protein coupled receptor 1 family"
"Q8NGZ5","G-protein coupled receptor 1 family"
"Q8NGZ6","G-protein coupled receptor 1 family"
"Q8NGZ9","G-protein coupled receptor 1 family"
"Q8NH00","G-protein coupled receptor 1 family"
"Q8NH01","G-protein coupled receptor 1 family"
"Q8NH02","G-protein coupled receptor 1 family"
"Q8NH03","G-protein coupled receptor 1 family"
"Q8NH04","G-protein coupled receptor 1 family"
"Q8NH05","G-protein coupled receptor 1 family"
"Q8NH06","G-protein coupled receptor 1 family"
"Q8NH07","G-protein coupled receptor 1 family"
"Q8NH08","G-protein coupled receptor 1 family"
"Q8NH09","G-protein coupled receptor 1 family"
"Q8NH10","G-protein coupled receptor 1 family"
"Q8NH16","G-protein coupled receptor 1 family"
"Q8NH18","G-protein coupled receptor 1 family"
"Q8NH37","G-protein coupled receptor 1 family"
"Q8NH40","G-protein coupled receptor 1 family"
"Q8NH41","G-protein coupled receptor 1 family"
"Q8NH42","G-protein coupled receptor 1 family"
"Q8NH49","G-protein coupled receptor 1 family"
"Q8NH50","G-protein coupled receptor 1 family"
"Q8NH51","G-protein coupled receptor 1 family"
"Q8NH53","G-protein coupled receptor 1 family"
"Q8NH54","G-protein coupled receptor 1 family"
"Q8NH55","G-protein coupled receptor 1 family"
"Q8NH56","G-protein coupled receptor 1 family"
"Q8NH57","G-protein coupled receptor 1 family"
"Q8NH60","G-protein coupled receptor 1 family"
"Q8NH61","G-protein coupled receptor 1 family"
"Q8NH63","G-protein coupled receptor 1 family"
"Q8NH64","G-protein coupled receptor 1 family"
"Q8NH67","G-protein coupled receptor 1 family"
"Q8NH70","G-protein coupled receptor 1 family"
"Q8NH72","G-protein coupled receptor 1 family"
"Q8NH73","G-protein coupled receptor 1 family"
"Q8NH74","G-protein coupled receptor 1 family"
"Q8NH76","G-protein coupled receptor 1 family"
"Q8NH79","G-protein coupled receptor 1 family"
"Q8NH80","G-protein coupled receptor 1 family"
"Q8NH81","G-protein coupled receptor 1 family"
"Q8NH83","G-protein coupled receptor 1 family"
"Q8NH89","G-protein coupled receptor 1 family"
"Q8NH90","G-protein coupled receptor 1 family"
"Q8NH93","G-protein coupled receptor 1 family"
"Q8NH95","G-protein coupled receptor 1 family"
"Q8NHA4","G-protein coupled receptor 1 family"
"Q8NHA6","G-protein coupled receptor 1 family"
"Q8NHA8","G-protein coupled receptor 1 family"
"Q8NHB1","G-protein coupled receptor 1 family"
"Q8NHB7","G-protein coupled receptor 1 family"
"Q8NHB8","G-protein coupled receptor 1 family"
"Q8NHC5","G-protein coupled receptor 1 family"
"Q8NHC6","G-protein coupled receptor 1 family"
"Q8NHC7","G-protein coupled receptor 1 family"
"Q8NHR9","Profilin family"
"Q8NHS2","Class-I pyridoxal-phosphate-dependent aminotransferase family"
"Q8NHU0","CT45 family"
"Q8NHW5","Universal ribosomal protein uL10 family"
"Q8NHW6","Otospiralin family"
"Q8NHY5","HUS1 family"
"Q8TA94","Krueppel C2H2-type zinc-finger protein family"
"Q8TAA1","Pancreatic ribonuclease family"
"Q8TAV0","FAM76 family"
"Q8TAW3","Krueppel C2H2-type zinc-finger protein family"
"Q8TB69","Krueppel C2H2-type zinc-finger protein family"
"Q8TC17","GRB2/sem-5/DRK family"
"Q8TCB0","IFI44 family"
"Q8TCN5","Krueppel C2H2-type zinc-finger protein family"
"Q8TD86","Calmodulin family, Calglandulin subfamily"
"Q8TDU5","G-protein coupled receptor 1 family"
"Q8TEQ0","Sorting nexin family"
"Q8TF08","Cytochrome c oxidase VIIb family"
"Q8TF20","Krueppel C2H2-type zinc-finger protein family"
"Q8TF27","Centaurin gamma-like family"
"Q8TF32","Krueppel C2H2-type zinc-finger protein family"
"Q8TF44","C2CD4 family"
"Q8WTP9","GAGE family"
"Q8WU76","STXBP/unc-18/SEC1 family"
"Q8WUH6","TMEM263 family"
"Q8WUR7","UPF0235 family"
"Q8WUS8","3-beta-HSD family"
"Q8WUT9","Mitochondrial carrier (TC 2.A.29) family"
"Q8WV15","TMEM255 family"
"Q8WV83","SLC35F solute transporter family"
"Q8WVC6","CoaE family"
"Q8WVF2","UCMA family"
"Q8WVI7","Protein phosphatase inhibitor 1 family"
"Q8WW32","HMGB family"
"Q8WW33","UPF0224 (FAM112) family"
"Q8WW52","Menorin family"
"Q8WW62","EMP24/GP25L family"
"Q8WWX0","Ankyrin SOCS box (ASB) family"
"Q8WX39","Calycin superfamily, Lipocalin family"
"Q8WXF5","Beta/gamma-crystallin family"
"Q8WXJ9","Ankyrin SOCS box (ASB) family"
"Q8WYK1","Neurexin family"
"Q8WZ33","Tektin family"
"Q8WZ71","TMEM158 family"
"Q8WZ92","G-protein coupled receptor 1 family"
"Q8WZA0","CTNNBIP1 family"
"Q92670","Krueppel C2H2-type zinc-finger protein family"
"Q93083","Metallothionein superfamily, Type 1 family"
"Q969E1","LEAP2 family"
"Q969M1","Tom40 family"
"Q969W3","VCF family"
"Q969Y0","NXPE family"
"Q96AB3","Isochorismatase family"
"Q96AQ9","FAM131 family"
"Q96B33","Claudin family"
"Q96BM0","IFI6/IFI27 family"
"Q96BX8","MOB1/phocein family"
"Q96C57","CUSTOS family"
"Q96C90","PP1 inhibitor family"
"Q96CS4","Krueppel C2H2-type zinc-finger protein family"
"Q96DL1","NXPE family"
"Q96DS6","MS4A family"
"Q96E16","SMIM19 family"
"Q96EH5","Eukaryotic ribosomal protein eL39 family"
"Q96EI5","TFS-II family, TFA subfamily"
"Q96EL2","Universal ribosomal protein uS3 family"
"Q96ES6","Major facilitator superfamily"
"Q96ET8","TVP23 family"
"Q96FB5","METTL25 family"
"Q96GE5","Krueppel C2H2-type zinc-finger protein family"
"Q96GT9","GAGE family"
"Q96GU1","GAGE family"
"Q96H12","MSANTD3 family"
"Q96H40","Krueppel C2H2-type zinc-finger protein family"
"Q96HV5","TMEM41 family"
"Q96JF6","Krueppel C2H2-type zinc-finger protein family"
"Q96K17","NAC-beta family"
"Q96K37","TPT transporter family, SLC35E subfamily"
"Q96K75","Krueppel C2H2-type zinc-finger protein family"
"Q96KD3","GARIN family"
"Q96KJ4","Mesothelin family"
"Q96KN9","Connexin family, Delta-type subfamily"
"Q96KT7","SLC35G solute transporter family"
"Q96KV6","Immunoglobulin superfamily, BTN/MOG family"
"Q96LB0","G-protein coupled receptor 1 family, Mas subfamily"
"Q96LP2","FAM81 family"
"Q96LT6","UPF0739 family"
"Q96LU5","Peptidase S26 family, IMP1 subfamily"
"Q96LW1","Krueppel C2H2-type zinc-finger protein family"
"Q96M43","NBPF family"
"Q96M53","TBATA family"
"Q96M93","ADAD family"
"Q96MC6","Major facilitator superfamily"
"Q96ME7","Krueppel C2H2-type zinc-finger protein family"
"Q96MF6","COQ10 family"
"Q96MK2","RIPOR family"
"Q96MN5","TCEANC2 family"
"Q96MR9","Krueppel C2H2-type zinc-finger protein family"
"Q96MS3","Glycosyltransferase group 1 family, Glycosyltransferase 4 subfamily"
"Q96MU6","Krueppel C2H2-type zinc-finger protein family"
"Q96MW1","CCDC43 family"
"Q96N20","Krueppel C2H2-type zinc-finger protein family"
"Q96N22","Krueppel C2H2-type zinc-finger protein family"
"Q96N46","TTC14 family"
"Q96ND8","Krueppel C2H2-type zinc-finger protein family"
"Q96NG8","Krueppel C2H2-type zinc-finger protein family"
"Q96NI8","Krueppel C2H2-type zinc-finger protein family"
"Q96NJ3","Krueppel C2H2-type zinc-finger protein family"
"Q96NJ6","Krueppel C2H2-type zinc-finger protein family"
"Q96NS1","Yippee family"
"Q96NS5","Ankyrin SOCS box (ASB) family"
"Q96NT1","Nucleosome assembly protein (NAP) family"
"Q96P64","Centaurin gamma-like family"
"Q96P67","G-protein coupled receptor 1 family"
"Q96P88","G-protein coupled receptor 1 family"
"Q96PG2","MS4A family"
"Q96PI1","Cornifin (SPRR) family"
"Q96PT3","Paired homeobox family"
"Q96PT4","Paired homeobox family"
"Q96PX6","CCDC85 family"
"Q96QA6","Yippee family"
"Q96QD5","DEPDC7 family"
"Q96QH8","Glycosyl hydrolase 22 family"
"Q96R05","Calycin superfamily, Fatty-acid binding protein (FABP) family"
"Q96R08","G-protein coupled receptor 1 family"
"Q96R09","G-protein coupled receptor 1 family"
"Q96R27","G-protein coupled receptor 1 family"
"Q96R28","G-protein coupled receptor 1 family"
"Q96R30","G-protein coupled receptor 1 family"
"Q96R45","G-protein coupled receptor 1 family"
"Q96R47","G-protein coupled receptor 1 family"
"Q96R54","G-protein coupled receptor 1 family"
"Q96R67","G-protein coupled receptor 1 family"
"Q96R69","G-protein coupled receptor 1 family"
"Q96R72","G-protein coupled receptor 1 family"
"Q96R84","G-protein coupled receptor 1 family"
"Q96RB7","G-protein coupled receptor 1 family"
"Q96RC9","G-protein coupled receptor 1 family"
"Q96RD0","G-protein coupled receptor 1 family"
"Q96RD1","G-protein coupled receptor 1 family"
"Q96RD2","G-protein coupled receptor 1 family"
"Q96RD3","G-protein coupled receptor 1 family"
"Q96RM1","Cornifin (SPRR) family"
"Q96RT6","CTAGE family"
"Q96RY5","Cramped family"
"Q96S19","UPF0585 family"
"Q96S86","HAPLN family"
"Q96S95","CAMK2N family"
"Q96SF2","TCP-1 chaperonin family"
"Q96T25","GLI C2H2-type zinc-finger protein family"
"Q99457","Nucleosome assembly protein (NAP) family"
"Q99463","G-protein coupled receptor 1 family"
"Q99676","Krueppel C2H2-type zinc-finger protein family"
"Q99679","G-protein coupled receptor 1 family"
"Q99680","G-protein coupled receptor 1 family"
"Q9BPW5","Small GTPase superfamily, Ras family"
"Q9BQ48","Bacterial ribosomal protein bL34 family"
"Q9BQ75","CMS1 family"
"Q9BQD1","Melanin-concentrating hormone family"
"Q9BQP9","BPI/LBP/Plunc superfamily, Plunc family"
"Q9BR10","SPATA25 family"
"Q9BRH9","Krueppel C2H2-type zinc-finger protein family"
"Q9BSC4","WD repeat NOL10/ENP2 family"
"Q9BSJ1","TRIM/RBCC family"
"Q9BTE0","Acetyltransferase family, GNAT subfamily"
"Q9BTV7","Cyclin family"
"Q9BTY7","HGH1 family"
"Q9BUJ0","AB hydrolase superfamily, ABHD14 family"
"Q9BV87","CNPPD1 family"
"Q9BVM2","DPCD family"
"Q9BVV8","FAM174 family"
"Q9BWD3","FAM127 family"
"Q9BWM5","Krueppel C2H2-type zinc-finger protein family"
"Q9BWT6","MND1 family"
"Q9BWW9","Apolipoprotein L family"
"Q9BX51","Gamma-glutamyltransferase family"
"Q9BX73","TM2 family"
"Q9BXE9","G-protein coupled receptor 1 family"
"Q9BXN6","SPAN-X family"
"Q9BXW7","HAD-like hydrolase superfamily"
"Q9BXY0","MAK16 family"
"Q9BY19","MS4A family"
"Q9BY31","Krueppel C2H2-type zinc-finger protein family"
"Q9BY60","ATG8 family"
"Q9BY71","LRRC3 family"
"Q9BYD9","Actin family"
"Q9BYE4","Cornifin (SPRR) family"
"Q9BYJ0","Fibroblast growth factor-binding protein family"
"Q9BYT5","KRTAP type 2 family"
"Q9BYU5","KRTAP type 2 family"
"Q9BZE3","BAR homeobox family"
"Q9BZK3","NAC-alpha family"
"Q9BZW5","TM6SF family"
"Q9C002","Complex I NDUFA4 subunit family"
"Q9C010","PKI family"
"Q9C0B7","Tango6 family"
"Q9C0D4","Krueppel C2H2-type zinc-finger protein family"
"Q9C0I3","CCSER family"
"Q9C0K3","Actin family"
"Q9GIP4","Amino acid-polyamine-organocation (APC) superfamily, L-type amino acid transporter (LAT) (TC 2.A.3.8) family"
"Q9GZK3","G-protein coupled receptor 1 family"
"Q9GZK7","G-protein coupled receptor 1 family"
"Q9GZM3","Archaeal Rpo11/eukaryotic RPB11/RPC19 RNA polymerase subunit family"
"Q9GZN6","Sodium:neurotransmitter symporter (SNF) (TC 2.A.22) family, SLC6A16 subfamily"
"Q9GZN8","ADISSP family"
"Q9GZU3","TMEM39 family"
"Q9H0K4","Flagellar radial spoke RSP4/6 family"
"Q9H0M5","Krueppel C2H2-type zinc-finger protein family"
"Q9H0R4","HAD-like hydrolase superfamily"
"Q9H114","Cystatin family"
"Q9H1C3","Glycosyltransferase 8 family"
"Q9H1C7","CYSTM1 family"
"Q9H1H1","UPF0224 (FAM112) family"
"Q9H1M0","Nucleoporin NSP1/NUP62 family"
"Q9H1M3","Beta-defensin family"
"Q9H1Q7","PC-esterase family"
"Q9H2C5","G-protein coupled receptor 1 family"
"Q9H2C8","G-protein coupled receptor 1 family"
"Q9H2Z4","NK-2 homeobox family"
"Q9H321","VCX/VCY family"
"Q9H322","VCX/VCY family"
"Q9H343","G-protein coupled receptor 1 family"
"Q9H344","G-protein coupled receptor 1 family"
"Q9H346","G-protein coupled receptor 1 family"
"Q9H3H9","TFS-II family, TFA subfamily"
"Q9H3V2","MS4A family"
"Q9H3Y0","CRISP family"
"Q9H3Y8","PPDPF family"
"Q9H4I0","Rad21 family"
"Q9H628","Small GTPase superfamily, Ras family"
"Q9H7R5","Krueppel C2H2-type zinc-finger protein family"
"Q9H7Y0","DIPK family"
"Q9H841","NIPA family"
"Q9H8G1","Krueppel C2H2-type zinc-finger protein family"
"Q9H8M1","COQ10 family"
"Q9H963","Krueppel C2H2-type zinc-finger protein family"
"Q9H9S3","SecY/SEC61-alpha family"
"Q9H9S4","Mo25 family"
"Q9H9Y4","GPN-loop GTPase family"
"Q9HAH1","Krueppel C2H2-type zinc-finger protein family"
"Q9HB31","Paired homeobox family"
"Q9HBJ0","PLAC1 family"
"Q9HBT7","Krueppel C2H2-type zinc-finger protein family"
"Q9HC44","Vasculin family"
"Q9HCE3","Krueppel C2H2-type zinc-finger protein family"
"Q9HCJ6","Zinc-containing alcohol dehydrogenase family, Quinone oxidoreductase subfamily"
"Q9HCL3","Krueppel C2H2-type zinc-finger protein family"
"Q9HCM7","AUTS2 family"
"Q9HCZ1","Krueppel C2H2-type zinc-finger protein family"
"Q9HD45","Nonaspanin (TM9SF) (TC 9.A.2) family"
"Q9HDB8","Beta type-B retroviral envelope protein family, HERV class-II K(HML-2) env subfamily"
"Q9NNX9","VCX/VCY family"
"Q9NNZ6","Protamine P3 family"
"Q9NQF3","AB hydrolase superfamily"
"Q9NRC9","MIA/OTOR family"
"Q9NRP2","CMC family"
"Q9NRP4","Complex I LYR family, SDHAF3 subfamily"
"Q9NS67","G-protein coupled receptor 1 family"
"Q9NS85","Alpha-carbonic anhydrase family"
"Q9NSJ1","Krueppel C2H2-type zinc-finger protein family"
"Q9NU23","Complex I LYR family"
"Q9NUG4","CCM2 family"
"Q9NUZ1","Acyl-CoA oxidase family"
"Q9NVA4","TMEM184 family"
"Q9NVE4","CCDC87 family"
"Q9NVM1","EVA1 family"
"Q9NW07","Krueppel C2H2-type zinc-finger protein family"
"Q9NW82","WD repeat GAD-1 family"
"Q9NX00","TMEM160 family"
"Q9NX05","Constitutive coactivator of PPAR-gamma family"
"Q9NX77","Beta type-B retroviral envelope protein family, HERV class-II K(HML-4) env subfamily"
"Q9NXD2","Protein-tyrosine phosphatase family, Non-receptor class myotubularin subfamily"
"Q9NXH8","ClpA/ClpB family, Torsin subfamily"
"Q9NXJ0","MS4A family"
"Q9NXT0","Krueppel C2H2-type zinc-finger protein family"
"Q9NXU5","Small GTPase superfamily, Arf family"
"Q9NY87","SPAN-X family"
"Q9NYF3","FAM53 family"
"Q9NYT6","Krueppel C2H2-type zinc-finger protein family"
"Q9NZF1","Cornifelin family"
"Q9NZH4","Securin family"
"Q9NZP0","G-protein coupled receptor 1 family"
"Q9NZP2","G-protein coupled receptor 1 family"
"Q9NZP5","G-protein coupled receptor 1 family"
"Q9P1P4","G-protein coupled receptor 1 family"
"Q9P1P5","G-protein coupled receptor 1 family"
"Q9P1Q5","G-protein coupled receptor 1 family"
"Q9P255","Krueppel C2H2-type zinc-finger protein family"
"Q9P2B7","CFAP97 family"
"Q9P2D6","FAM135 family"
"Q9P2J9","PP2C family"
"Q9UBK7","Small GTPase superfamily, Rab family"
"Q9UC06","Krueppel C2H2-type zinc-finger protein family"
"Q9UD57","NK-1 homeobox family"
"Q9UF02","PMP-22/EMP/MP20 family, CACNG subfamily"
"Q9UFN0","NipSnap family"
"Q9UG63","ABC transporter superfamily, ABCF family, EF3 subfamily"
"Q9UGF5","G-protein coupled receptor 1 family"
"Q9UGF6","G-protein coupled receptor 1 family"
"Q9UGF7","G-protein coupled receptor 1 family"
"Q9UGV2","NDRG family"
"Q9UH36","SRR1 family"
"Q9UII5","Krueppel C2H2-type zinc-finger protein family"
"Q9UJ72","Annexin family"
"Q9UJC5","SH3BGR family"
"Q9UJH8","Meteorin family"
"Q9UJJ7","Pseudouridine synthase RluA family"
"Q9UJN7","Krueppel C2H2-type zinc-finger protein family"
"Q9UJT0","Tubulin family"
"Q9UK10","Krueppel C2H2-type zinc-finger protein family"
"Q9UK12","Krueppel C2H2-type zinc-finger protein family"
"Q9UK28","TMEM59 family"
"Q9UKI3","Immunoglobulin superfamily"
"Q9UKQ9","Peptidase S1 family, Kallikrein subfamily"
"Q9UKY7","CDV3 family"
"Q9UL59","Krueppel C2H2-type zinc-finger protein family"
"Q9UND3","NPIP family"
"Q9UNX3","Universal ribosomal protein uL24 family"
"Q9UQ74","Immunoglobulin superfamily, CEA family"
"Q9Y236","OKL38 family"
"Q9Y291","Mitochondrion-specific ribosomal protein mS33 family"
"Q9Y2B9","PKI family"
"Q9Y2E4","DIP2 family"
"Q9Y2G7","Krueppel C2H2-type zinc-finger protein family"
"Q9Y2S6","TMA7 family"
"Q9Y312","AAR2 family"
"Q9Y343","Sorting nexin family"
"Q9Y3B1","Slowmo family"
"Q9Y3B9","RRP15 family"
"Q9Y3C1","NOP16 family"
"Q9Y3N9","G-protein coupled receptor 1 family"
"Q9Y4A0","Tigger transposable element derived protein family"
"Q9Y4A9","G-protein coupled receptor 1 family"
"Q9Y519","TMEM184 family"
"Q9Y536","Cyclophilin-type PPIase family, PPIase A subfamily"
"Q9Y581","Insulin family"
"Q9Y5P0","G-protein coupled receptor 1 family"
"Q9Y614","Actin family"
"Q9Y693","LHFP family"
"Q9Y6R6","Krueppel C2H2-type zinc-finger protein family"
"Q9Y6X4","FAM169 family"
"A0A024R1R8","TMA7 family"
"A0A075B759","Cyclophilin-type PPIase family, PPIase A subfamily"
"A0A087WTH1","CD225/Dispanin family"
"A0A087WUL8","NBPF family"
"A0A087WUV0","Krueppel C2H2-type zinc-finger protein family"
"A0A096LNP1","Beta-defensin family"
"A0A096LNW5","NOTCH family"
"A0A096LPK9","G-protein coupled receptor 1 family"
"A0A0B4J2A2","Cyclophilin-type PPIase family, PPIase A subfamily"
"A0A0G2JMD5","PRAME family"
"A0A0J9YWL9","TEX13 family"
"A0A0J9YY54","TEX13 family"
"A0A0U1RQE8","Glycine N-acyltransferase family"
"A0A0U1RQI7","Krueppel C2H2-type zinc-finger protein family"
"A0A0U1RR11","Gfa family"
"A0A0U1RRI6","Gfa family"
"A0A0X1KG70","G-protein coupled receptor 1 family"
"A0A183","LCE family"
"A0A1B0GTS1","HSF family"
"A0A1B0GUJ8","PNMA family"
"A0A1B0GV03","GOLGA6 family"
"A0A1B0GVH4","Peptidase S1 family"
"A0A1B0GVK7","FAM240 family"
"A0A1B0GVS7","MDFI family"
"A0A1B0GVX0","CDIP1/LITAF family"
"A0A1B0GVZ6","MBD3L family"
"A0A1B0GWB2","CD225/Dispanin family"
"A0A1B0GWH4","HSF family"
"A0A1B0GWK0","Parvalbumin family"
"A0A1W2PP81","TAF11 family"
"A0A1W2PPE2","TAF11 family"
"A0A1W2PPF3","Paired homeobox family"
"A0A1W2PPG7","G protein gamma family"
"A0A1W2PPH5","TAF11 family"
"A0A1W2PPL8","TAF11 family"
"A0A1W2PPW3","TAF11 family"
"A0A1W2PQ09","TAF11 family"
"A0A1W2PQ27","SSU72 phosphatase family"
"A0A1W2PQ64","SSU72 phosphatase family"
"A0A1W2PQ73","ETS family"
"A0A1W2PQC6","SSU72 phosphatase family"
"A0A1W2PQD8","SSU72 phosphatase family"
"A0A1W2PQJ5","SSU72 phosphatase family"
"A0A1W2PQL4","Krueppel C2H2-type zinc-finger protein family"
"A0A1W2PR48","WD repeat Groucho/TLE family"
"A0A1W2PR64","TAF11 family"
"A0A1W2PR75","SSU72 phosphatase family"
"A0A1W2PR95","IGBP1/TAP42 family"
"A0A1W2PRV1","TAF11 family"
"A0A1W2PS18","CD225/Dispanin family"
"A0A286YEV6","KRTAP type 28 family"
"A0A286YEX9","KRTAP type 28 family"
"A0A286YEY9","KRTAP type 28 family"
"A0A286YF01","KRTAP type 28 family"
"A0A286YF46","KRTAP type 28 family"
"A0A286YF60","KRTAP type 28 family"
"A0A286YF77","KRTAP type 28 family"
"A0A286YFB4","KRTAP type 28 family"
"A0A286YFG1","KRTAP type 28 family"
"A0A2R8Y4Y8","PLAC1 family"
"A0A2R8YFL7","PLAC1 family"
"A0A2R8YFM6","PLAC1 family"
"A0A3B3IRV3","MCTS1 family"
"A0A3B3IT33","TRIM/RBCC family"
"A0A3B3IU46","RAM family"
"A0A494C071","PWWP3A family"
"A0A494C086","Speedy/Ringo family"
"A0A494C0Z2","Speedy/Ringo family"
"A0A494C191","Speedy/Ringo family"
"A0A5F9ZHS7","BZIP family, NFIL3 subfamily"
"A0A8V8TMC4","Cyclin family, Cyclin Y subfamily"
"A0A8V8TNH8","FAM90 family"
"A0A8V8TPE2","FAM90 family"
"A0PG75","Phospholipid scramblase family"
"A0PJX2","OXR1 family"
"A0PJX8","TMEM82 family"
"A0ZSE6","CDC50/LEM3 family"
"A1L157","Tetraspanin (TM4SF) family"
"A1L429","GAGE family"
"A1L443","NUT family"
"A2RU67","FAM234 family"
"A3QJZ6","PRAME family"
"A3QJZ7","PRAME family"
"A4FU28","CTAGE family"
"A4IF30","SLC35F solute transporter family"
"A5PLL1","ANKRD34 family"
"A6NC05","Glutaredoxin family, YDR286C subfamily"
"A6NC97","ARB2 family"
"A6NCK2","TRIM/RBCC family"
"A6NCM1","AAA ATPase family"
"A6ND91","L-aspartate dehydrogenase family"
"A6NDE8","GAGE family"
"A6NDK9","GOLGA6 family"
"A6NDL7","Methyltransferase superfamily, METTL21 family"
"A6NDY2","FAM90 family"
"A6NDZ8","MBD3L family"
"A6NE01","FAM186 family"
"A6NE82","MBD3L family"
"A6NEE1","PLEKHD1 family"
"A6NEF3","GOLGA6 family"
"A6NEL3","Class I-like SAM-binding methyltransferase superfamily, EEF2KMT family"
"A6NEQ2","FAM181 family"
"A6NER3","GAGE family"
"A6NEV1","PRR23 family"
"A6NEY8","PRORSD1 family"
"A6NF01","POM121 family"
"A6NFA0","SPATA31 family"
"A6NFF2","Nucleosome assembly protein (NAP) family"
"A6NFH5","Calycin superfamily, Fatty-acid binding protein (FABP) family"
"A6NFT4","CFAP73 family"
"A6NFU0","FAM187 family"
"A6NFU8","Peptidase C15 family"
"A6NFY4","NEMP family"
"A6NFZ4","FAM24 family"
"A6NGB0","TMEM191 family"
"A6NGE4","WD repeat DCAF8 family"
"A6NGH7","CCDC160 family"
"A6NGK3","GAGE family"
"A6NGN4","PRAME family"
"A6NGN9","Immunoglobulin superfamily, IgLON family"
"A6NGW2","Stereocilin family"
"A6NGY1","FRG2 family"
"A6NH11","GLTP family"
"A6NHG4","MIF family"
"A6NHN6","NPIP family"
"A6NHP3","Speedy/Ringo family"
"A6NHZ5","PRAME family, LRRC14 subfamily"
"A6NI03","TRIM/RBCC family"
"A6NI47","POTE family"
"A6NI86","GOLGA6 family"
"A6NIE6","RRN3 family"
"A6NIJ5","FAM90 family"
"A6NIY4","Speedy/Ringo family"
"A6NJ08","MBD3L family"
"A6NJ64","NPIP family"
"A6NJG2","SOWAH family"
"A6NJJ6","UPF0575 family"
"A6NJQ4","FAM90 family"
"A6NJR5","Speedy/Ringo family"
"A6NJU9","NPIP family"
"A6NJY1","Monovalent cation:proton antiporter 1 (CPA1) transporter (TC 2.A.36) family"
"A6NK44","Glyoxalase I family"
"A6NKC0","FAM90 family"
"A6NKF7","TMEM88 family"
"A6NKH3","Eukaryotic ribosomal protein eL43 family"
"A6NKL6","TMEM200 family"
"A6NKN8","PCP4 family"
"A6NKP2","3-beta-HSD family"
"A6NKU9","Speedy/Ringo family"
"A6NKW6","Shisa family"
"A6NLC5","UPF0524 family"
"A6NLC8","TAF11 family"
"A6NLI5","TRIM/RBCC family"
"A6NMD0","CD225/Dispanin family"
"A6NMD2","GOLGA8 family"
"A6NMK7","CPSF4/YTH1 family"
"A6NMK8","INSYN2 family"
"A6NN73","GOLGA8 family"
"A6NNA2","CWC21 family"
"A6NNC1","POM121 family"
"A6NNJ1","FAM90 family"
"A6NNL0","NUT family"
"A6NNV3","Speedy/Ringo family"
"A6PVI3","RRM NCBP2 family"
"A6PVY3","FAM177 family"
"A8MQ11","DNA mismatch repair MutL/HexB family"
"A8MQ14","Krueppel C2H2-type zinc-finger protein family"
"A8MRT5","NPIP family"
"A8MSI8","Complex I LYR family, LYRM9 subfamily"
"A8MT33","SYCE family"
"A8MT65","Krueppel C2H2-type zinc-finger protein family"
"A8MTB9","Immunoglobulin superfamily, CEA family"
"A8MTY0","Krueppel C2H2-type zinc-finger protein family"
"A8MUP6","GSG1 family"
"A8MUU1","Calycin superfamily, Fatty-acid binding protein (FABP) family"
"A8MUV8","Krueppel C2H2-type zinc-finger protein family"
"A8MUX0","KRTAP type 16 family"
"A8MUZ8","Krueppel C2H2-type zinc-finger protein family"
"A8MV57","Pentraxin family"
"A8MVJ9","HPF1 family"
"A8MWA6","FAM90 family"
"A8MWL6","Synaptogyrin family"
"A8MWL7","TMEM14 family"
"A8MX19","FAM90 family"
"A8MX34","KRTAP type 10 family"
"A8MXJ8","FAM90 family"
"A8MXZ1","FAM90 family"
"A8MYB1","TMCO5 family"
"A8MYZ0","MINDY deubiquitinase family, FAM188 subfamily"
"A8MZ36","Plakin or cytolinker family"
"A8MZA4","GOLGA6 family"
"A8MZH6","PLAC1 family"
"B0FP48","Uroplakin-3 family"
"B1AK76","SNURF family"
"B1AL46","NUT family"
"B2RBV5","MORF4 family-associated protein family"
"B2RV13","CFAP97 family"
"B2RXF0","TMEM229 family"
"B3GLJ2","PATE family"
"B4DX44","Krueppel C2H2-type zinc-finger protein family"
"B4DXR9","Krueppel C2H2-type zinc-finger protein family"
"B4DYI2","SPATA31 family"
"B4DZS4","TCP11 family"
"B5MD39","Gamma-glutamyltransferase family"
"B6SEH8","Gamma type-C retroviral envelope protein family"
"B6SEH9","Gamma type-C retroviral envelope protein family"
"B7ZW38","RRM HNRPC family, RALY subfamily"
"C9J202","Glycosyltransferase group 1 family"
"C9JG80","NPIP family"
"C9JN71","Krueppel C2H2-type zinc-finger protein family"
"D6RBM5","Peptidase C19 family, USP17 subfamily"
"D6REC4","CFAP99 family"
"D6RF30","GOLGA8 family"
"D6RGX4","FAM90 family"
"E5RG02","Peptidase S1 family"
"E5RHQ5","NPIP family"
"E5RIL1","Uroplakin-3 family"
"E5RQL4","Formiminotransferase family"
"E9PI22","PRR23 family"
"E9PJ23","NPIP family"
"E9PJI5","NPIP family"
"E9PKD4","NPIP family"
"E9PQR5","NPIP family"
"F5H284","Cyclophilin-type PPIase family, PPIase A subfamily"
"F5H4B4","FAM227 family"
"F8W0I5","NPIP family"
"F8W1W9","NPIP family"
"F8WBI6","GOLGA8 family"
"H0Y354","FAM72 family"
"H0Y7S4","PRAME family"
"H0YKK7","GOLGA6 family"
"H0YM25","GOLGA6 family"
"H3BPF8","GOLGA8 family"
"H3BQL2","GOLGA8 family"
"H3BQW9","FAM229 family"
"H3BS89","TMEM178 family"
"H3BUK9","POTE family"
"H3BV12","GOLGA8 family"
"H7BZ55","Rootletin family"
"H7C241","Claudin family"
"I1YAP6","TRIM/RBCC family"
"I6L899","GOLGA8 family"
"O00193","SMAP family"
"O14609","XK family"
"O15172","HAD-like hydrolase superfamily, SerB family"
"O60397","Cytochrome c oxidase VIIa family"
"O60688","Yippee family"
"O60813","PRAME family"
"O75200","NPIP family"
"O75264","PDZK1-interacting protein 1/SMIM24 family"
"O95473","Synaptogyrin family"
"O95626","ANP32 family"
"P0C2L3","FAM163 family"
"P0C2S0","Cortexin family"
"P0C2W7","CT47 family"
"P0C2Y1","NBPF family"
"P0C672","Tetraspanin (TM4SF) family"
"P0C6C1","ANKRD34 family"
"P0C7N4","TMEM191 family"
"P0C7N5","G-protein coupled receptor 1 family"
"P0C7N8","G-protein coupled receptor 1 family"
"P0C7Q5","SLC35G solute transporter family"
"P0C7V4","FAM90 family"
"P0C7V6","SPT20 family"
"P0C7V8","WD repeat DCAF8 family"
"P0C7V9","Methyltransferase superfamily, RsmH family"
"P0C7W8","FAM90 family"
"P0C7W9","FAM90 family"
"P0C7X0","FAM90 family"
"P0C7X3","Cyclin family, Cyclin Y subfamily"
"P0C7X4","Ferritin family"
"P0C866","FAM91 family"
"P0C874","SPATA31 family"
"P0CB33","Krueppel C2H2-type zinc-finger protein family"
"P0CE71","Parvalbumin family"
"P0CG24","Krueppel C2H2-type zinc-finger protein family"
"P0CG32","ZCCHC12 family"
"P0CG33","GOLGA6 family"
"P0CG41","CTAGE family"
"P0CI00","Krueppel C2H2-type zinc-finger protein family"
"P0CI01","Speedy/Ringo family"
"P0CJ68","Humanin family"
"P0CJ69","Humanin family"
"P0CJ70","Humanin family"
"P0CJ71","Humanin family"
"P0CJ73","Humanin family"
"P0CJ74","Humanin family"
"P0CJ75","Humanin family"
"P0CJ76","Humanin family"
"P0CJ77","Humanin family"
"P0CJ92","GOLGA8 family"
"P0CL80","GAGE family"
"P0CL81","GAGE family"
"P0CL83","SCC3 family"
"P0CL84","SCC3 family"
"P0CL85","SCC3 family"
"P0CW24","PNMA family"
"P0DJ93","SMIM13 family"
"P0DJR0","TRAFAC class TrmE-Era-EngA-EngB-Septin-like GTPase superfamily, AIG1/Toc34/Toc159-like paraseptin GTPase family, IAN subfamily"
"P0DMB1","PRR23 family"
"P0DMP1","Humanin family"
"P0DMR1","RRM HNRPC family, RALY subfamily"
"P0DMR2","Secretoglobin family"
"P0DMU7","CT45 family"
"P0DMU8","CT45 family"
"P0DMV0","CT45 family"
"P0DN25","Glycosyltransferase 31 family, Beta3-Gal-T subfamily"
"P0DN26","Cyclophilin-type PPIase family, PPIase A subfamily"
"P0DPD5","Krueppel C2H2-type zinc-finger protein family"
"P0DPF2","NBPF family"
"P0DPI3","Gfa family"
"P0DSN6","G-protein coupled receptor T2R family"
"P0DSO1","FAM246 family"
"P0DSO3","GAGE family"
"P0DTA3","Speedy/Ringo family"
"P0DTE0","G-protein coupled receptor T2R family"
"P0DUD1","Speedy/Ringo family"
"P0DUD2","Speedy/Ringo family"
"P0DUD3","Speedy/Ringo family"
"P0DUD4","Speedy/Ringo family"
"P0DUQ1","PRAME family"
"P0DUX0","Speedy/Ringo family"
"P0DUX1","Speedy/Ringo family"
"P0DV73","FAM90 family"
"P0DV74","FAM90 family"
"P0DV75","FAM90 family"
"P0DV76","FAM90 family"
"P0DV79","Speedy/Ringo family"
"P0DW11","TAF11 family"
"P0DW12","TAF11 family"
"P0DW13","TAF11 family"
"P0DW14","TAF11 family"
"P0DW85","Histone H2B family"
"P0DX00","GOLGA6 family"
"P0DX01","GOLGA6 family"
"P0DX02","GOLGA6 family"
"P0DX04","Thymosin beta family"
"P0DX52","GOLGA8 family"
"P0DY26","Beta-defensin family"
"P0DY27","Beta-defensin family"
"P58550","FXYD family"
"P60606","Cortexin family"
"P61568","Beta type-B retroviral envelope protein family, HERV class-II K(HML-8) env subfamily"
"P86478","PRR20 family"
"P86481","PRR20 family"
"P86496","PRR20 family"
"Q08E93","FAM27 family"
"Q0Z7S8","Calycin superfamily, Fatty-acid binding protein (FABP) family"
"Q13070","GAGE family"
"Q13670","DNA mismatch repair MutL/HexB family"
"Q15846","Clusterin family"
"Q17RP2","Tigger transposable element derived protein family"
"Q1AE95","TMEM183 family"
"Q2M238","RRN3 family"
"Q30KP9","Beta-defensin family"
"Q30KQ7","Beta-defensin family"
"Q32NC0","UPF0711 family"
"Q3C1V0","MS4A family"
"Q3KRA6","UPF0538 family"
"Q3LHN0","PMG family"
"Q3LI54","KRTAP type 19 family"
"Q3LI60","KRTAP type 20 family"
"Q3LI62","KRTAP type 20 family"
"Q3LI63","KRTAP type 20 family"
"Q3LI68","KRTAP type 20 family"
"Q3MIP1","ITPRIP family"
"Q3MJ40","CCDC144 family"
"Q3SYA9","POM121 family"
"Q3ZLR7","SPT20 family"
"Q495Y7","Speedy/Ringo family"
"Q495Y8","Speedy/Ringo family"
"Q49A33","Krueppel C2H2-type zinc-finger protein family"
"Q4AC99","Class-I pyridoxal-phosphate-dependent aminotransferase family"
"Q4G0G5","Secretoglobin family"
"Q4G0N0","Glycosyltransferase 6 family"
"Q4G0N7","FAM229 family"
"Q4QY38","Beta-defensin family"
"Q4V321","GAGE family"
"Q4V326","GAGE family"
"Q4V348","Krueppel C2H2-type zinc-finger protein family"
"Q4VC31","MIX23 family"
"Q4W5G0","Tigger transposable element derived protein family"
"Q52LC2","Vacuolar ATPase subunit S1 family"
"Q537H7","SPATA45 family"
"Q53LP3","SOWAH family"
"Q53RE8","ANKRD39 family"
"Q59GN2","Eukaryotic ribosomal protein eL39 family"
"Q5BKY9","FAM133 family"
"Q5DJT8","CT45 family"
"Q5GAN3","Pancreatic ribonuclease family"
"Q5GAN4","Pancreatic ribonuclease family"
"Q5GH72","XK family"
"Q5H8A3","NmU family"
"Q5H9E4","Mitochondrial carrier (TC 2.A.29) family"
"Q5H9J9","TCP11 family"
"Q5H9L2","TFS-II family, TFA subfamily"
"Q5HY64","FAM47 family"
"Q5JNZ5","Eukaryotic ribosomal protein eS26 family"
"Q5JQD4","NPY family"
"Q5JRK9","GAGE family"
"Q5JSQ8","KHDC1 family"
"Q5JTB6","PLAC9 family"
"Q5JUQ0","FAM78 family"
"Q5JWF8","Actin family"
"Q5JXB2","Ubiquitin-conjugating enzyme family"
"Q5MJ07","SPAN-X family"
"Q5MJ08","SPAN-X family"
"Q5NE16","Peptidase C1 family"
"Q5QJ38","S-100 family"
"Q5R3I4","TTC38 family"
"Q5SRD1","Tim17/Tim22/Tim23 family"
"Q5SWL7","PRAME family"
"Q5SWL8","PRAME family"
"Q5T2N8","AAA ATPase family"
"Q5T2Q4","Cyclin family, Cyclin Y subfamily"
"Q5T6X4","UPF0389 family"
"Q5T8I3","EEIG family"
"Q5T953","IER family"
"Q5T9Z0","TMEM45 family"
"Q5TC84","Opioid growth factor receptor family"
"Q5TF58","Intermediate filament family"
"Q5TGJ6","HDGF family"
"Q5U4P2","Aspartyl/asparaginyl beta-hydroxylase family"
"Q5U5X8","FAM222 family"
"Q5VSP4","Calycin superfamily, Lipocalin family"
"Q5VSR9","SPAN-X family"
"Q5VT03","NUT family"
"Q5VT28","FAM27 family"
"Q5VT98","PRAME family"
"Q5VTA0","PRAME family"
"Q5VU36","SPATA31 family"
"Q5VU92","WD repeat DCAF12 family"
"Q5VUY2","'GDXG' lipolytic enzyme family"
"Q5VVH2","FKBP-type PPIase family, FKBP1 subfamily"
"Q5VVP1","SPATA31 family"
"Q5VW00","WD repeat DCAF12 family"
"Q5VWM3","PRAME family"
"Q5VWM4","PRAME family"
"Q5VWM6","PRAME family"
"Q5VXH5","PRAME family"
"Q5VYP0","SPATA31 family"
"Q5VZR2","NUT family"
"Q5VZR4","Major facilitator superfamily"
"Q5W064","AB hydrolase superfamily, Lipase family"
"Q5W188","Cystatin family"
"Q629K1","TRIQK family"
"Q63HN1","SPATA31 family"
"Q658T7","FAM90 family"
"Q68D20","DNA mismatch repair MutL/HexB family"
"Q69YW2","SPEC3 family, Stum subfamily"
"Q69YZ2","TMEM200 family"
"Q6B9Z1","IGFL family"
"Q6ICI0","TMEM211 family"
"Q6IE37","Protease inhibitor I39 (alpha-2-macroglobulin) family"
"Q6JVE5","Calycin superfamily, Lipocalin family"
"Q6NSI3","FAM53 family"
"Q6NT46","GAGE family"
"Q6NUI1","CCDC144 family"
"Q6NVV1","Universal ribosomal protein uL13 family"
"Q6NXN4","Dpy-19 family"
"Q6NXP6","Pyrroline-5-carboxylate reductase family"
"Q6P0A1","FAM180 family"
"Q6P1M9","Eutherian X-chromosome-specific Armcx family"
"Q6P1X6","UPF0598 family"
"Q6P3W6","NBPF family"
"Q6P3X3","TTC27 family"
"Q6P575","Glycosyl hydrolase 2 family"
"Q6P5R6","Eukaryotic ribosomal protein eL22 family"
"Q6PEV8","FAM199 family"
"Q6T311","Small GTPase superfamily, Arf family"
"Q6UWF9","FAM180 family"
"Q6UWH6","SVP26 family"
"Q6UWW0","Calycin superfamily, Lipocalin family"
"Q6UXB0","FAM131 family"
"Q6UXP3","TMEM14 family"
"Q6UXP7","Menorin family"
"Q6UXR4","Serpin family"
"Q6WRX3","Zyg-11 family"
"Q6ZMV8","Krueppel C2H2-type zinc-finger protein family"
"Q6ZN08","Krueppel C2H2-type zinc-finger protein family"
"Q6ZN92","DUTPase family"
"Q6ZNQ3","LRRC69 family"
"Q6ZQQ2","SPATA31 family"
"Q6ZRP0","PRR23 family"
"Q6ZRT6","PRR23 family"
"Q6ZST4","Calycin superfamily, Lipocalin family"
"Q6ZSU1","Cytochrome P450 family"
"Q6ZT52","FAM43 family"
"Q6ZUB0","SPATA31 family"
"Q6ZV70","LanC-like protein family"
"Q6ZVK1","TMEM179 family"
"Q6ZVS7","CFAP144 family"
"Q7L4S7","Eutherian X-chromosome-specific Armcx family"
"Q7Z2X7","GAGE family"
"Q7Z3B0","SMIM15 family"
"Q7Z5U6","WD repeat WDR53 family"
"Q7Z6I8","UPF0461 family"
"Q7Z6K3","Protein prenyltransferase subunit alpha family"
"Q86T23","Rootletin family"
"Q86U17","Serpin family"
"Q86UD1","OAF family"
"Q86UP9","LHFP family"
"Q86V59","PNMA family"
"Q86VZ2","WD repeat WDR5/wds family"
"Q86Y27","BAGE family"
"Q86Y28","BAGE family"
"Q86Y29","BAGE family"
"Q86Y30","BAGE family"
"Q86YG4","5'(3')-deoxyribonucleotidase family"
"Q8IUI4","Sorting nexin family"
"Q8IV56","PRR15 family"
"Q8IVB5","LIX1 family"
"Q8IVE0","Rootletin family"
"Q8IVF1","NUT family"
"Q8IVK1","PP3/GlyCAM-1 family"
"Q8IWD5","Major facilitator superfamily, MFSD6 family"
"Q8IWF7","Ubiquitin-conjugating enzyme family"
"Q8IWN6","FAM223 family"
"Q8IX95","CTAGE family"
"Q8IXR5","FAM178 family"
"Q8IXS0","FAM217 family"
"Q8IY45","AMN1 family"
"Q8IYA2","CCDC144 family"
"Q8IYN6","UBALD family"
"Q8IYQ7","Threonine synthase family"
"Q8IZQ5","SelWTH family"
"Q8MH63","Amino acid-polyamine-organocation (APC) superfamily, L-type amino acid transporter (LAT) (TC 2.A.3.8) family"
"Q8N1P7","Beta/gamma-crystallin family"
"Q8N2R8","FAM43 family"
"Q8N2U0","TMEM256 family"
"Q8N485","LIX1 family"
"Q8N4K4","Reprimo family"
"Q8N5Q1","GARIN family"
"Q8N5W8","FAM24 family"
"Q8N6N2","TTC9 family"
"Q8N6V4","UPF0728 family"
"Q8N7L0","FAM216 family"
"Q8N7R1","POM121 family"
"Q8N7Z2","GOLGA6 family"
"Q8N808","SLC35G solute transporter family"
"Q8N813","PRR23 family"
"Q8N888","BCOR family"
"Q8N8A8","FAM169 family"
"Q8N8D7","NKAIN family"
"Q8N8J7","FAM241 family"
"Q8N8L6","Small GTPase superfamily, Arf family"
"Q8NA70","FAM47 family"
"Q8NAP1","GATS family"
"Q8NCS4","DoxX family"
"Q8NH21","G-protein coupled receptor 1 family"
"Q8TAD7","OCC1 family"
"Q8TAY7","FAM110 family"
"Q8TB05","UBALD family"
"Q8TBR4","SCC3 family"
"Q8TCP9","FAM200 family"
"Q8TD33","Secretoglobin family"
"Q8TD47","Eukaryotic ribosomal protein eS4 family"
"Q8TDY3","Actin family"
"Q8WTZ4","Alpha-carbonic anhydrase family"
"Q8WUB2","FAM216 family"
"Q8WUY1","THEM6 family"
"Q8WWM1","GAGE family"
"Q8WWR9","PPDPF family"
"Q8WXS4","PMP-22/EMP/MP20 family, CACNG subfamily"
"Q92623","TTC9 family"
"Q969E4","TFS-II family, TFA subfamily"
"Q96CN7","Isochorismatase family"
"Q96DE9","EOLA family"
"Q96EK9","KTI12 family"
"Q96EX1","SMIM12 family"
"Q96FF7","MISP family"
"Q96GI7","FAM89 family"
"Q96HM7","PC-esterase family"
"Q96I45","TMEM141 family"
"Q96IM9","Dpy-30 family"
"Q96IR2","Krueppel C2H2-type zinc-finger protein family"
"Q96KF7","SMIM8 family"
"Q96KW2","POM121 family"
"Q96M60","FAM227 family"
"Q96MW7","Tigger transposable element derived protein family"
"Q96MZ0","GST superfamily"
"Q96PG1","MS4A family"
"Q96PQ5","Protein phosphatase inhibitor 2 family"
"Q96QU4","FRG2 family"
"Q9BPX7","UPF0415 family"
"Q9BQ49","SMIM7 family"
"Q9BS92","NipSnap family"
"Q9BTA0","FAM167 (SEC) family"
"Q9BU68","PRR15 family"
"Q9BVG4","PBDC1 family"
"Q9BXQ6","TMEM121 family"
"Q9BXU2","TEX13 family"
"Q9BZA5","Taxilin family"
"Q9BZE7","UPF0193 (EVG1) family"
"Q9C073","FAM117 family"
"Q9H098","FAM107 family"
"Q9H0Q0","CYRI family"
"Q9H1X3","DNAJC25 family"
"Q9H489","Nucleosome assembly protein (NAP) family"
"Q9H4G8","DPH3 family"
"Q9H4R4","N-CoR nuclear receptor corepressors family"
"Q9H607","ELL/occludin family"
"Q9H6N6","TRAFAC class myosin-kinesin ATPase superfamily, Myosin family"
"Q9H7F4","TMEM185 family"
"Q9H9R9","Dysbindin family"
"Q9HAU6","TCTP family"
"Q9NQ39","Eukaryotic ribosomal protein eS10 family"
"Q9NRI6","NPY family"
"Q9NRX3","Complex I NDUFA4 subunit family"
"Q9NSQ0","RRP7 family"
"Q9NUR3","TMEM74 family"
"Q9P1F3","Costars family"
"Q9UEU5","GAGE family"
"Q9UHA2","SS18 family"
"Q9UHL3","FAM153 family"
"Q9UHQ7","TFS-II family, TFA subfamily"
"Q9ULE4","FAM184 family"
"Q9ULN7","PNMA family"
"Q9UNZ5","UPF0390 family"
"Q9Y546","LRRC42 family"
"Q9Y675","SNURF family"
"S4R3P1","Humanin family"
"S4R3Y5","Humanin family"
"X6R8D5","CIMIP3-like family"
"X6R8R1","Synaptotagmin family"
"A0A0B4J1W7","NPIP family"
"A0A0U1RQG5","CT47 family"
"A0A1B0GTK5","FAM236 family"
"A0A1B0GU71","CFAP97 family"
"A0A1B0GUQ0","FAM236 family"
"A0A1B0GV22","FAM236 family"
"A0A1B0GVR7","FAM240 family"
"A0A1B0GVZ2","FAM240 family"
"A0A494C0N9","FAM246 family"
"A0A494C0Y3","FAM246 family"
"A1L4L8","Cornifelin family"
"A6NHR8","FAM47 family"
"A6NKX1","FAM223 family"
"A6NL46","UPF0607 family"
"A6NNH2","FAM90 family"
"A8MUA0","UPF0607 family"
"A8MUI8","UPF0607 family"
"A8MV72","UPF0607 family"
"A8MX80","UPF0607 family"
"A8MY62","Beta-lactamase family"
"B3EWG5","FAM25 family"
"B3EWG6","FAM25 family"
"B9A014","FAM243 family"
"C9JC47","FAM157 family"
"E9PIF3","NPIP family"
"F8WFD2","NPIP family"
"P0C7U9","FAM87 family"
"P0C841","FAM66 family"
"P0C875","FAM228 family"
"P0CF97","FAM200 family"
"P0CG42","FAM157 family"
"P0CG43","FAM157 family"
"P0CH98","FAM106 family"
"P0DM63","NPIP family"
"P0DMU3","FAM231 family"
"P0DMV1","CT45 family"
"P0DMV2","CT45 family"
"P0DP71","FAM236 family"
"P0DPQ3","PRR20 family"
"P0DV60","LCE family"
"P0DXC3","NPIP family"
"Q3B7I2","Canopy family"
"Q4KMX7","FAM106 family"
"Q56UQ5","TCTP family"
"Q5PR19","UPF0607 family"
"Q5T7N8","FAM27 family"
"Q5VT40","FAM78 family"
"Q8N8J0","PI3/PI4-kinase family, Type III PI4K subfamily"
"Q8N9G6","UPF0607 family"
"Q9H0A3","TMEM191 family"
"Q9NRI7","NPY family"
